Rel_ID,Node_ID,Rel_start_time,Rel_scheduled_end_time,Rel_actual_end_time,Rel_type (0 = TRANSITORY; 1 = INFORMAL; 2 = MARITAL; 3 = COMMERCIAL),Is_rel_outside_PFA,male_ID,female_ID,male_age,female_age,num_total_coital_acts,Termination_Reason
33,3,7,61.7106,62,0,F,165,304,36.9693,21.4803,27,BROKEUP
55,4,34,109.183,110,0,F,262,130,17.4085,17.2318,24,BROKEUP
23,3,4,141.613,142,0,F,345,221,19.8436,17.2575,9,BROKEUP
3,4,0,148.773,149,0,F,24,264,16.4444,17.7786,32,BROKEUP
6,1,0,177.992,178,0,F,311,119,27.0987,20.7108,2,BROKEUP
2,1,0,194.568,195,1,F,309,321,22.463,22.8686,9,BROKEUP
26,2,5,202.565,203,0,F,133,89,26.2936,15.4364,12,BROKEUP
41,1,15,253.929,254,0,F,157,313,33.008,33.7512,42,BROKEUP
42,1,15,267.292,268,0,F,17,274,27.0045,23.6536,26,BROKEUP
36,1,10,300.856,301,0,F,141,248,26.5799,19.2389,32,BROKEUP
22,2,4,312.845,313,0,F,237,61,29.191,26.5935,10,BROKEUP
25,1,4,312.055,313,1,F,6,26,45.3881,36.7669,52,BROKEUP
21,1,3,325.498,326,1,F,29,50,26.7123,22.2179,45,BROKEUP
60,2,71,326.992,327,0,F,286,263,46.0554,34.6753,37,BROKEUP
9,3,0,347.236,348,0,F,10,298,26.0073,17.6914,17,BROKEUP
37,3,10,356.246,357,2,F,229,269,47.0524,43.2242,62,BROKEUP
19,2,3,357.017,358,0,F,275,111,20.5964,19.9486,33,BROKEUP
12,4,1,364.265,365,1,F,219,71,30.9927,28.4961,8,BROKEUP
86,2,347,370.098,371,0,F,17,274,27.2867,23.9358,1,BROKEUP
11,3,1,386.449,387,0,F,104,44,31.9301,23.9194,35,BROKEUP
67,1,110,398.227,399,1,F,262,315,18.2003,20.0367,5,BROKEUP
75,2,213,400.757,401,0,F,309,130,23.0274,18.029,14,BROKEUP
10,2,0,413.694,414,0,F,138,306,20.1437,19.528,20,BROKEUP
90,3,361,440.944,441,0,F,10,248,26.2621,19.6225,14,BROKEUP
27,1,5,442.939,443,0,F,169,285,25.7136,20.3953,13,BROKEUP
17,2,2,448.923,449,0,F,175,27,17.0598,17.7933,27,BROKEUP
43,1,15,458.229,459,1,F,316,97,25.7461,21.0131,55,BROKEUP
38,2,11,476.25,477,0,F,272,168,27.4796,23.6436,12,BROKEUP
20,4,3,478.419,479,0,F,195,31,21.4485,23.6997,68,BROKEUP
44,3,15,480.681,481,0,F,270,122,30.7067,33.2902,47,BROKEUP
63,1,75,495.412,496,0,F,39,304,17.9461,22.6694,92,BROKEUP
29,1,5,501.531,502,1,F,139,151,39.5354,31.3724,66,BROKEUP
68,3,115,502.054,503,0,F,3,32,35.4266,27.6262,41,BROKEUP
84,1,301,513.312,514,0,F,256,89,21.0248,16.2885,37,BROKEUP
108,4,526,533.745,534,0,F,62,89,17.6849,16.3432,3,BROKEUP
15,2,2,540.215,541,1,F,289,189,24.7124,30.971,47,BROKEUP
95,2,413,542.247,543,0,F,141,315,27.2429,20.4312,19,BROKEUP
5,1,0,573.172,574,1,F,140,340,25.8248,19.2818,101,BROKEUP
88,2,349,581.712,582,0,F,133,221,27.332,18.463,44,BROKEUP
35,1,8,654.884,655,1,F,58,239,30.7183,25.8687,50,BROKEUP
119,1,661,671.778,672,0,F,39,319,18.4283,16.4143,3,BROKEUP
104,1,481,679.784,680,0,F,17,274,28.1332,24.7824,16,BROKEUP
97,4,430,682.051,683,0,F,115,130,18.0096,18.8016,19,BROKEUP
87,2,349,690.174,691,0,F,165,50,38.6926,23.2179,39,BROKEUP
45,1,16,690.775,691,1,F,70,40,38.7294,28.4059,63,BROKEUP
34,2,7,696.072,697,1,F,312,47,25.309,25.3556,99,BROKEUP
103,4,472,701.686,702,0,F,222,27,22.1969,18.4865,17,BROKEUP
77,2,228,738.36,739,0,F,249,119,37.0616,22.2478,43,BROKEUP
4,3,0,739.319,740,0,F,204,208,21.0552,22.0024,80,BROKEUP
80,3,264,743.203,744,1,F,227,321,30.965,24.3727,56,BROKEUP
121,1,685,748.405,749,0,F,339,130,16.8443,18.9825,8,BROKEUP
106,1,486,751.189,752,1,F,198,71,38.1826,29.5564,43,BROKEUP
94,1,379,793.413,794,0,F,303,61,36.4798,27.9113,27,BROKEUP
114,1,580,826.115,827,0,F,256,340,21.8823,19.9749,38,BROKEUP
14,2,1,835.949,836,0,F,202,118,39.4395,33.5428,60,BROKEUP
107,1,505,845.114,846,0,F,275,111,21.9334,21.2856,62,BROKEUP
93,1,377,861.403,862,0,F,29,298,28.1808,19.0996,39,BROKEUP
52,2,26,863.346,864,1,F,96,292,39.3513,33.9475,109,BROKEUP
31,1,6,874.447,875,1,F,13,117,28.8563,27.4321,86,BROKEUP
79,3,252,892.725,893,0,F,46,112,19.0769,17.7773,41,BROKEUP
127,3,746,892.431,893,0,F,204,208,21.4744,22.4216,37,BROKEUP
81,1,270,904.679,905,1,F,24,325,18.5156,18.6161,49,BROKEUP
74,2,196,929.353,930,1,F,345,264,22.0025,19.9183,63,BROKEUP
117,1,623,930.978,931,0,F,262,221,19.6578,19.4192,3,BROKEUP
133,1,813,954.131,955,0,F,222,223,22.89,15.7277,34,BROKEUP
99,1,443,976.669,977,0,F,104,248,33.5465,21.091,47,BROKEUP
82,2,284,989.751,990,0,F,34,343,19.109,18.634,73,BROKEUP
61,2,71,1002.23,1003,1,F,176,128,28.0153,29.3988,85,BROKEUP
89,1,355,1002.91,1003,1,F,251,132,33.5736,29.4662,71,BROKEUP
96,1,415,1033.88,1034,0,F,224,306,18.8299,21.2266,39,BROKEUP
135,1,843,1036.44,1037,1,F,141,321,28.5963,25.1754,62,BROKEUP
120,1,666,1058.15,1059,0,F,195,315,23.0375,21.8449,102,BROKEUP
115,3,604,1059.8,1060,1,F,133,31,28.6416,25.2915,31,BROKEUP
155,3,1057,1069.17,1070,0,F,251,61,33.7571,28.6675,4,BROKEUP
116,2,612,1094.91,1095,1,F,289,43,26.2302,16.7522,50,BROKEUP
113,2,558,1097.07,1098,1,F,10,44,28.0621,25.8674,37,BROKEUP
47,2,16,1100.09,1101,2,F,301,213,53.3782,50.2769,72,BROKEUP
105,1,483,1106.36,1107,1,F,169,261,27.5328,16.5918,78,BROKEUP
100,2,455,1116.46,1117,1,F,114,285,25.3431,22.2419,45,BROKEUP
72,1,180,1136.34,1137,1,F,311,162,29.7261,25.6609,111,BROKEUP
156,3,1060,1141.33,1142,0,F,28,223,16.8174,16.24,21,BROKEUP
146,1,972,1149.41,1150,1,F,345,221,22.6052,20.0192,28,BROKEUP
102,1,462,1158.61,1159,0,F,309,97,25.1041,22.931,13,BROKEUP
1,3,0,1161.61,1162,1,F,161,9,30.7471,25.4646,100,BROKEUP
122,2,689,1178.34,1179,1,F,273,319,18.6885,17.8034,49,BROKEUP
85,4,314,1180.35,1181,0,F,237,90,31.5691,27.7326,121,BROKEUP
53,3,31,1185.54,1186,1,F,238,288,22.1037,21.3706,93,BROKEUP
138,2,883,1199.25,1200,0,F,256,182,22.9042,16.2109,43,BROKEUP
92,2,375,1205.29,1206,1,F,219,129,33.2968,27.1611,64,BROKEUP
147,1,972,1216.22,1217,1,F,303,117,37.6387,28.3691,38,BROKEUP
162,1,1088,1218.86,1219,0,F,318,188,16.0406,15.395,23,BROKEUP
131,1,785,1233.68,1234,0,F,312,119,26.7802,23.604,8,BROKEUP
163,1,1108,1245.22,1246,0,F,289,43,26.6439,17.1659,10,BROKEUP
145,3,966,1280.98,1281,0,F,262,112,20.6167,18.8403,51,BROKEUP
160,1,1067,1300.83,1301,0,F,141,47,29.3196,27.0104,23,BROKEUP
143,2,935,1302.95,1303,0,F,260,298,17.9236,20.3078,66,BROKEUP
136,2,843,1312.33,1313,1,F,115,216,19.7356,15.3171,15,BROKEUP
137,1,855,1316.6,1317,0,F,316,111,28.0968,22.576,49,BROKEUP
126,2,729,1327.75,1328,0,F,140,27,27.8906,20.2015,108,BROKEUP
183,1,1270,1339.82,1340,0,F,192,188,18.4819,15.7265,12,BROKEUP
152,2,1008,1340.45,1341,0,F,35,343,17.9452,19.5956,16,BROKEUP
189,2,1316,1347.25,1348,0,F,251,9,34.5188,25.9742,13,BROKEUP
190,2,1323,1356.84,1357,0,F,312,216,27.1172,15.4377,8,BROKEUP
169,2,1151,1362.66,1363,0,F,34,223,20.1309,16.8455,4,BROKEUP
151,2,1007,1366.62,1367,1,F,165,296,40.5446,34.1499,54,BROKEUP
73,2,187,1376.03,1377,2,F,191,15,62.1777,50.4467,99,BROKEUP
139,1,885,1382.38,1383,1,F,13,50,30.2481,25.1138,61,BROKEUP
128,3,754,1401.94,1402,0,F,62,130,20.063,20.7715,72,BROKEUP
176,2,1216,1409.24,1410,1,F,222,221,24.1366,20.7315,39,BROKEUP
130,4,785,1423.66,1424,0,F,227,274,32.828,26.8207,58,BROKEUP
171,2,1178,1425.97,1426,0,F,105,285,17.9236,23.0885,26,BROKEUP
142,1,913,1435.27,1436,0,F,70,292,40.7705,35.5146,6,BROKEUP
193,1,1353,1437.86,1438,0,F,262,27,21.0469,20.5029,35,BROKEUP
112,3,550,1439.93,1440,1,F,272,304,30.118,25.2557,131,BROKEUP
132,2,791,1443.97,1444,0,F,339,293,18.7484,17.0125,55,BROKEUP
184,2,1278,1453.53,1454,0,F,241,153,16.4863,16.6751,1,BROKEUP
91,2,367,1495.23,1496,1,F,157,263,36.4107,37.878,139,BROKEUP
199,3,1420,1521.5,1522,0,F,141,50,29.9251,25.4946,6,BROKEUP
181,1,1257,1524.65,1525,0,F,176,119,29.4454,24.4012,4,BROKEUP
149,2,987,1534.47,1535,1,F,204,264,23.2333,21.5758,37,BROKEUP
192,4,1331,1537.42,1538,1,F,161,111,31.7772,23.1815,40,BROKEUP
167,2,1149,1538.04,1539,0,F,133,71,29.9539,31.7125,24,BROKEUP
166,2,1137,1545.84,1546,1,F,311,306,30.8466,22.6294,27,BROKEUP
134,1,843,1546.87,1547,1,F,17,151,30.5086,34.2354,109,BROKEUP
144,2,942,1549.58,1550,1,F,275,210,23.8622,18.2024,53,BROKEUP
185,2,1280,1563.28,1564,1,F,219,31,34.2777,26.6723,37,BROKEUP
186,1,1282,1567.03,1568,1,F,74,5,18.063,17.5178,29,BROKEUP
168,2,1149,1583.29,1584,1,F,58,61,33.2635,30.0757,47,BROKEUP
188,3,1298,1589.23,1590,0,F,273,112,19.8145,19.6869,37,BROKEUP
111,4,547,1600.72,1601,0,F,270,168,33.7751,26.7231,101,BROKEUP
217,1,1568,1615.71,1616,0,F,260,5,18.7811,17.6493,6,BROKEUP
205,2,1490,1622.12,1623,0,F,70,122,41.2828,36.4189,14,BROKEUP
174,1,1207,1628.19,1629,0,F,46,77,21.0933,17.555,65,BROKEUP
191,2,1323,1636.04,1637,1,F,11,261,17.6854,18.0438,36,BROKEUP
98,1,433,1702.38,1703,1,F,138,214,23.6752,19.529,102,BROKEUP
198,3,1403,1704.3,1705,0,F,287,216,18.6185,16.3911,8,BROKEUP
154,1,1030,1730.15,1731,1,F,104,239,35.6123,28.8167,54,BROKEUP
164,1,1116,1734.47,1735,1,F,198,128,40.8757,31.4043,76,BROKEUP
225,2,1706,1742.23,1743,0,F,46,261,21.4057,18.3343,7,BROKEUP
200,3,1421,1747.27,1748,0,F,115,221,20.9274,21.6575,3,BROKEUP
51,3,23,1751.06,1752,1,F,255,155,38.4797,34.0941,232,BROKEUP
140,1,895,1768.79,1769,1,F,29,208,30.6657,24.8216,101,BROKEUP
150,2,1006,1776.02,1777,1,F,175,94,20.6982,17.5693,70,BROKEUP
173,2,1190,1786.44,1787,1,F,114,319,27.1787,19.4691,54,BROKEUP
204,4,1459,1794.74,1795,0,F,34,343,21.3145,20.8394,75,BROKEUP
124,1,713,1817.17,1818,1,F,3,32,39.0294,31.2289,128,BROKEUP
157,3,1061,1828.81,1829,1,F,224,248,21.0079,23.4252,56,BROKEUP
129,4,783,1831.68,1832,1,F,39,89,21.6064,19.8994,103,BROKEUP
209,1,1541,1850.22,1851,1,F,62,274,21.2931,27.9906,3,BROKEUP
216,1,1566,1870.99,1871,1,F,311,50,31.737,26.4508,42,BROKEUP
224,1,1644,1873.09,1874,0,F,219,9,35.127,27.4153,6,BROKEUP
239,2,1855,1890.78,1891,0,F,260,94,19.5346,17.8816,5,BROKEUP
227,3,1746,1896.61,1897,0,F,287,111,19.1445,24.165,28,BROKEUP
226,4,1739,1899.43,1900,0,F,192,214,20.0162,20.0688,45,BROKEUP
141,2,909,1933.08,1934,1,F,24,325,21.3348,21.4353,79,BROKEUP
170,1,1169,1940.96,1941,1,F,169,132,29.8177,32.036,43,BROKEUP
221,2,1624,1941.13,1942,0,F,161,5,32.8841,18.5425,41,BROKEUP
207,1,1511,1969.22,1970,1,F,262,130,22.5044,22.3277,57,BROKEUP
178,3,1251,1974.82,1975,1,F,289,97,28.6411,25.1666,109,BROKEUP
210,2,1543,1979.41,1980,0,F,176,264,30.692,22.795,4,BROKEUP
215,1,1564,1994.19,1995,0,F,17,27,31.736,22.0289,16,BROKEUP
228,2,1755,2021.38,2022,0,F,46,261,22.17,19.0986,15,BROKEUP
238,2,1855,2024.78,2025,0,F,62,248,21.7698,23.9622,26,BROKEUP
251,1,1975,2032.87,2033,0,F,262,160,22.677,16.2864,15,BROKEUP
208,2,1530,2043.74,2044,1,F,272,117,31.7728,30.6349,30,BROKEUP
196,1,1390,2061.83,2062,2,F,310,201,71.8078,77.9032,51,BROKEUP
212,2,1553,2071.75,2072,0,F,275,153,25.2923,18.3683,58,BROKEUP
172,1,1186,2081.11,2082,1,F,238,258,24.5585,18.3772,91,BROKEUP
246,1,1931,2081.15,2082,0,F,38,276,18.0236,14.8379,15,BROKEUP
161,4,1083,2087.57,2088,0,F,195,315,25.8567,24.6641,91,BROKEUP
218,1,1597,2099,2100,0,F,35,112,20.0246,21.0842,44,BROKEUP
203,1,1457,2100.49,2101,1,F,222,285,26.0297,24.9378,81,BROKEUP
254,2,1998,2106.86,2107,1,F,339,152,20.5648,16.5399,13,BROKEUP
240,2,1859,2151.26,2152,1,F,104,343,36.7657,21.8175,16,BROKEUP
244,3,1899,2156.84,2157,1,F,144,94,18.2462,18.6104,52,BROKEUP
165,1,1135,2160.82,2161,1,F,249,321,40.9575,28.2549,108,BROKEUP
194,3,1366,2167.25,2168,1,F,316,298,30.4283,22.6777,103,BROKEUP
187,3,1290,2174.88,2175,1,F,334,179,20.414,16.7916,135,BROKEUP
245,4,1904,2190.3,2191,0,F,192,214,20.8134,20.866,84,BROKEUP
257,1,2037,2191.35,2192,1,F,219,239,35.9982,30.0797,24,BROKEUP
272,2,2130,2196.44,2197,0,F,62,231,22.241,13.4662,29,BROKEUP
180,1,1255,2201.8,2202,1,F,10,44,31.0868,28.892,30,BROKEUP
266,2,2092,2209.01,2210,0,F,133,304,31.7922,27.3653,30,BROKEUP
258,2,2039,2211.19,2212,0,F,287,130,20.0075,22.9907,9,BROKEUP
177,1,1247,2259.14,2260,1,F,28,182,19.8804,19.115,80,BROKEUP
265,2,2074,2296.95,2297,0,F,115,153,22.4315,18.9847,31,BROKEUP
268,3,2108,2322.12,2323,0,F,138,152,25.3738,17.1316,50,BROKEUP
202,1,1448,2335.89,2336,1,F,140,293,30.6522,19.4563,46,BROKEUP
262,2,2060,2338.53,2339,0,F,262,107,23.5154,17.3444,37,BROKEUP
236,3,1828,2341.32,2342,0,F,11,216,19.6169,18.1363,65,BROKEUP
259,1,2043,2342.61,2343,1,F,46,27,23.0495,22.9824,11,BROKEUP
264,3,2069,2343.58,2344,0,F,260,160,20.7757,17.1384,58,BROKEUP
222,1,1631,2352.85,2353,0,F,273,77,21.9049,19.5385,121,BROKEUP
256,2,2032,2364.38,2365,1,F,3,32,40.528,32.7276,28,BROKEUP
234,1,1798,2386.86,2387,1,F,34,31,22.9364,28.9271,59,BROKEUP
267,1,2092,2418.43,2419,0,F,250,276,18.6614,15.7612,65,BROKEUP
237,2,1843,2421.42,2422,1,F,39,89,23.2228,21.5159,47,BROKEUP
220,1,1607,2438.89,2439,1,F,141,71,32.4374,34.1783,102,BROKEUP
101,2,457,2446.68,2447,2,F,37,26,42.258,42.6134,165,BROKEUP
223,2,1632,2447.69,2448,0,F,251,90,37.5325,31.2038,92,BROKEUP
39,2,11,2452.78,2453,2,F,78,146,62.6178,57.2862,176,BROKEUP
275,2,2168,2452.47,2453,1,F,335,343,18.2813,22.6422,49,BROKEUP
261,2,2059,2501.82,2502,1,F,17,261,33.125,20.4137,113,BROKEUP
252,1,1992,2508.72,2509,1,F,224,325,22.871,23.0107,65,BROKEUP
278,2,2217,2527.04,2528,0,F,192,285,21.7367,26.1076,41,BROKEUP
279,2,2217,2569.9,2570,0,F,144,231,19.3777,14.4881,84,BROKEUP
179,1,1254,2577.21,2578,1,F,318,43,19.7639,20.8153,86,BROKEUP
241,2,1878,2584.94,2585,1,F,157,9,39.3943,29.3632,129,BROKEUP
276,1,2182,2591.08,2592,1,F,195,298,27.2375,23.8393,13,BROKEUP
229,2,1756,2592.6,2593,1,F,13,221,33.5632,23.9726,110,BROKEUP
195,2,1367,2612.02,2613,1,F,312,223,30.5583,20.2702,155,BROKEUP
300,2,2447,2614.68,2615,0,F,250,276,19.1984,16.2982,12,BROKEUP
271,1,2121,2617.96,2618,1,F,24,112,23.2087,22.5033,23,BROKEUP
291,1,2358,2642.15,2643,0,F,10,315,32.295,26.1847,42,BROKEUP
307,1,2514,2644.95,2645,0,F,222,50,27.5202,28.5713,16,BROKEUP
287,2,2339,2646.29,2647,0,F,28,293,20.9407,20.3084,21,BROKEUP
302,1,2455,2655.45,2656,0,F,134,277,17.7193,15.0105,32,BROKEUP
288,3,2345,2656.15,2657,0,F,287,216,21.2267,18.9993,11,BROKEUP
277,1,2195,2660.91,2661,0,F,110,127,18.1991,17.9417,97,BROKEUP
293,1,2371,2661.51,2662,1,F,95,77,18.6959,20.3851,24,BROKEUP
305,2,2492,2669.6,2670,0,F,335,215,18.8758,16.0509,32,BROKEUP
299,2,2438,2678.19,2679,0,F,138,31,26.3491,29.7271,41,BROKEUP
211,3,1552,2681.88,2682,1,F,309,47,29.2767,30.7939,106,BROKEUP
304,2,2492,2681.34,2682,0,F,334,343,21.803,23.2696,12,BROKEUP
213,3,1560,2689.81,2690,1,F,241,210,19.8726,21.3257,186,BROKEUP
273,1,2150,2701.67,2702,1,F,35,258,21.6739,20.0758,23,BROKEUP
269,2,2113,2703.75,2704,0,F,275,264,27.0238,24.7786,47,BROKEUP
284,1,2316,2707.54,2708,0,F,316,130,31.9078,24.3496,58,BROKEUP
232,1,1787,2718.72,2719,1,F,105,319,21.466,22.0225,93,BROKEUP
310,3,2551,2733.31,2734,0,F,39,196,24.0776,16.8949,11,BROKEUP
255,2,2027,2734.81,2735,1,F,289,61,30.7233,33.2291,98,BROKEUP
321,4,2663,2741.75,2742,0,F,273,77,22.9707,20.6043,18,BROKEUP
294,1,2385,2759.03,2760,0,F,3,32,41.6102,33.8098,36,BROKEUP
148,2,983,2762.14,2763,1,F,338,340,22.4541,25.279,159,BROKEUP
219,1,1604,2772.07,2773,1,F,204,306,26.6251,25.991,185,BROKEUP
330,1,2721,2777.06,2778,0,F,316,50,32.0995,28.9357,12,BROKEUP
233,4,1788,2794.01,2795,1,F,175,72,23.4872,18.2353,22,BROKEUP
316,1,2617,2808.51,2809,1,F,82,276,18.5246,16.8297,13,BROKEUP
290,2,2351,2809.68,2810,0,F,104,27,38.5685,24.2618,39,BROKEUP
282,3,2278,2818.11,2819,1,F,62,182,23.9452,20.6465,55,BROKEUP
250,3,1959,2821.57,2822,1,F,161,111,35.295,26.6993,46,BROKEUP
331,3,2721,2829.29,2830,0,F,105,258,21.7701,20.4265,8,BROKEUP
343,3,2792,2840.26,2841,0,F,316,304,32.2721,29.094,15,BROKEUP
248,2,1947,2840.17,2841,0,F,331,5,20.6178,21.0055,48,BROKEUP
295,1,2390,2842.63,2843,1,F,260,152,22.1428,18.5563,25,BROKEUP
292,1,2360,2865.21,2866,1,F,267,160,18.7251,18.5686,47,BROKEUP
333,2,2728,2866.89,2867,0,F,224,319,23.8518,22.428,43,BROKEUP
328,4,2707,2880.48,2881,1,F,133,264,33.6306,25.2635,27,BROKEUP
308,1,2514,2890.34,2891,0,F,297,57,18.7722,16.223,15,BROKEUP
323,3,2672,2891.12,2892,0,F,318,127,20.6242,18.5746,36,BROKEUP
315,1,2591,2893.35,2894,0,F,238,43,26.7831,21.681,56,BROKEUP
337,2,2739,2911.67,2912,0,F,250,196,20.0121,17.3826,55,BROKEUP
283,1,2288,2916.7,2917,0,F,300,214,17.8268,22.8551,49,BROKEUP
317,1,2618,2922.32,2923,0,F,24,231,24.0444,15.4552,31,BROKEUP
351,3,2887,2923.28,2924,0,F,224,258,24.0079,20.6841,10,BROKEUP
311,1,2558,2923.22,2924,0,F,192,268,22.8216,16.2522,22,BROKEUP
345,4,2806,2925.03,2926,0,F,3,321,42.065,30.3508,6,BROKEUP
326,1,2684,2928.84,2929,1,F,34,216,24.4214,19.7445,35,BROKEUP
56,1,40,2944.49,2945,2,F,108,159,34.8155,37.8775,269,BROKEUP
296,2,2397,2955.9,2956,0,F,46,107,24.7289,19.0348,58,BROKEUP
336,1,2731,2957.11,2958,0,F,222,298,28.3777,24.842,12,BROKEUP
354,2,2919,2965.08,2966,0,F,95,88,19.5288,16.603,16,BROKEUP
338,3,2748,2972.24,2973,0,F,39,77,24.7324,21.2372,26,BROKEUP
325,1,2675,2977.32,2978,1,F,262,325,25.2661,24.2956,37,BROKEUP
182,1,1258,3044.42,3045,1,F,256,288,27.959,26.4637,196,BROKEUP
298,1,2435,3049.3,3050,1,F,169,89,32.8561,23.2364,58,BROKEUP
319,4,2641,3050.1,3051,1,F,312,117,31.7583,33.3938,98,BROKEUP
324,1,2675,3053.55,3054,0,F,28,215,22.0558,17.103,29,BROKEUP
297,1,2401,3067.44,3068,0,F,11,148,21.6059,18.1862,41,BROKEUP
274,2,2163,3072.02,3073,0,F,339,94,23.2114,21.12,78,BROKEUP
285,1,2323,3072.85,3073,1,F,303,155,42.7236,37.7133,95,BROKEUP
286,4,2329,3078.5,3079,0,F,114,153,30.7184,21.1272,77,BROKEUP
329,1,2711,3089.92,3090,1,F,334,223,22.9208,21.577,23,BROKEUP
280,1,2239,3096.89,3097,1,F,38,179,20.8045,19.3176,53,BROKEUP
356,1,2923,3103.19,3104,0,F,297,231,19.3558,15.9511,40,BROKEUP
350,2,2869,3112.88,3113,0,F,110,51,19.4374,14.8997,25,BROKEUP
359,1,2936,3144.73,3145,0,F,273,196,24.0748,18.0209,21,BROKEUP
349,1,2844,3153.62,3154,0,F,204,5,27.6689,21.863,47,BROKEUP
374,2,3030,3165.53,3166,0,F,24,279,24.7101,15.4472,18,BROKEUP
322,3,2664,3173.84,3174,1,F,134,277,19.1385,16.4297,51,BROKEUP
392,3,3154,3196.07,3197,0,F,11,196,21.9593,18.1634,2,BROKEUP
373,2,3020,3202.47,3203,0,F,3,304,42.8239,30.0858,48,BROKEUP
242,3,1879,3220.67,3221,1,F,255,129,42.5043,32.6817,97,BROKEUP
367,3,2970,3236.81,3237,0,F,260,216,23.2222,20.5884,75,BROKEUP
366,1,2970,3238.58,3239,0,F,138,132,27.8834,35.5922,1,BROKEUP
40,1,14,3242.25,3243,2,F,236,244,44.5479,35.1256,234,BROKEUP
263,3,2061,3262.15,3263,1,F,74,245,22.7068,18.6606,131,BROKEUP
364,2,2966,3265.05,3266,0,F,241,130,21.4507,25.8784,78,BROKEUP
376,2,3064,3281.64,3282,0,F,238,340,27.8462,26.701,35,BROKEUP
362,4,2953,3284.94,3285,1,F,316,285,33.4886,28.1816,46,BROKEUP
355,1,2923,3303.54,3304,0,F,335,127,20.6128,19.7034,32,BROKEUP
340,2,2775,3326.74,3327,1,F,275,293,28.7307,22.1714,15,BROKEUP
382,1,3087,3337.77,3338,0,F,95,94,20.548,21.846,27,BROKEUP
383,1,3092,3337.72,3338,0,F,28,298,22.8339,25.8831,10,BROKEUP
313,1,2578,3352.15,3353,1,F,102,93,19.4473,18.0183,63,BROKEUP
403,1,3343,3353.94,3354,0,F,342,94,18.1772,21.8898,4,BROKEUP
381,1,3085,3356.85,3357,0,F,331,89,22.0314,24.0775,70,BROKEUP
390,1,3148,3358.88,3359,0,F,333,179,17.1848,20.0354,10,BROKEUP
318,3,2630,3361.66,3362,1,F,195,221,29.3471,26.0794,73,BROKEUP
357,2,2927,3363.1,3364,1,F,144,152,21.553,19.9837,14,BROKEUP
353,2,2898,3367.99,3368,1,F,62,27,25.4493,25.7906,30,BROKEUP
344,1,2794,3379.58,3380,1,F,338,306,24.1445,27.654,16,BROKEUP
394,1,3194,3390.39,3391,1,F,114,9,31.5732,31.5715,17,BROKEUP
363,2,2954,3391.59,3392,0,F,108,111,36.0402,28.2609,24,BROKEUP
289,3,2350,3401.94,3402,0,F,272,97,35.4933,29.0762,42,BROKEUP
370,2,2994,3425.72,3426,1,F,36,160,15.978,20.1028,64,BROKEUP
332,3,2722,3427.8,3428,1,F,157,31,41.7039,31.7791,83,BROKEUP
408,1,3369,3436.41,3437,0,F,267,94,20.2894,22.1172,9,BROKEUP
407,4,3360,3466.32,3467,1,F,134,179,19.9412,20.3313,12,BROKEUP
384,1,3094,3470.76,3471,0,F,34,215,25.9063,18.2455,33,BROKEUP
402,2,3330,3501.09,3502,0,F,110,293,20.5032,22.6508,3,BROKEUP
230,2,1777,3504.54,3505,2,F,165,263,46.4022,43.3821,139,BROKEUP
54,1,33,3504.08,3505,2,F,337,194,57.6883,54.929,291,BROKEUP
377,2,3064,3516.93,3517,0,F,39,182,26.2228,22.5589,16,BROKEUP
412,3,3422,3547.33,3548,0,F,238,27,28.5749,26.2837,13,BROKEUP
397,1,3241,3574.11,3575,2,F,38,279,22.114,16.5678,22,BROKEUP
387,1,3111,3582.27,3583,0,F,125,247,20.0996,16.772,17,BROKEUP
369,2,2973,3594.62,3595,0,F,326,268,19.8141,18.0906,36,BROKEUP
420,1,3492,3611.18,3612,0,F,34,9,26.2926,32.1769,33,BROKEUP
422,2,3541,3617.1,3618,0,F,39,293,26.4996,22.9686,8,BROKEUP
419,4,3490,3634.62,3635,0,F,144,152,22.2955,20.7262,28,BROKEUP
389,1,3121,3643.66,3644,0,F,271,51,18.8012,16.3545,44,BROKEUP
352,4,2893,3646.38,3647,1,F,82,57,20.8205,18.2943,56,BROKEUP
396,2,3235,3657.67,3658,0,F,46,277,26.6522,17.7557,22,BROKEUP
348,1,2830,3661.89,3662,1,F,287,276,23.9801,19.1667,50,BROKEUP
400,2,3284,3662.95,3663,1,F,81,245,19.6791,19.7565,42,BROKEUP
433,1,3668,3672.56,3673,0,F,36,277,16.6547,17.7968,1,BROKEUP
327,1,2692,3691.91,3692,1,F,309,343,32.0438,26.0367,35,BROKEUP
371,3,3010,3695.95,3696,1,F,300,315,19.961,29.0696,45,BROKEUP
434,1,3668,3717.73,3718,0,F,262,152,27.2934,20.9536,4,BROKEUP
421,2,3531,3735.78,3736,0,F,316,306,34.7242,28.6294,47,BROKEUP
347,2,2830,3736.26,3737,2,F,161,112,37.8019,25.5691,73,BROKEUP
414,3,3447,3743.78,3744,1,F,195,221,30.3937,27.126,28,BROKEUP
395,1,3225,3745.76,3746,0,F,24,196,26.2991,19.6675,29,BROKEUP
361,2,2946,3801.65,3802,0,F,250,319,22.4505,24.9897,125,BROKEUP
309,1,2522,3847.96,3848,1,F,115,261,26.6808,24.1014,184,BROKEUP
339,3,2768,3848.16,3849,1,F,289,210,33.7754,24.5011,36,BROKEUP
378,3,3068,3880.43,3881,1,F,105,43,24.6496,24.3851,91,BROKEUP
443,3,3756,3888.86,3889,0,F,316,31,35.1434,33.0421,16,BROKEUP
431,1,3642,3899.88,3900,2,F,255,155,44.3646,39.979,6,BROKEUP
426,1,3595,3906.12,3907,0,F,335,279,22.2648,17.4774,27,BROKEUP
413,3,3422,3920.99,3921,0,F,241,216,23.2452,22.4623,103,BROKEUP
399,3,3269,3937.35,3938,1,F,11,5,23.9895,24.011,22,BROKEUP
438,2,3693,3954.08,3955,1,F,62,298,27.0575,27.5735,6,BROKEUP
365,3,2966,3963.05,3964,0,F,35,88,25.1315,19.3372,62,BROKEUP
385,2,3104,3966.72,3967,0,F,224,153,26.8655,23.5601,97,BROKEUP
453,1,3895,3969.71,3970,0,F,82,266,21.7054,14.6734,29,BROKEUP
435,2,3669,3974.8,3975,1,F,271,183,19.7081,15.3062,8,BROKEUP
388,2,3113,3982.86,3983,1,F,334,148,25.3674,20.6931,81,BROKEUP
386,3,3107,3988.36,3989,1,F,65,203,19.5243,17.8389,101,BROKEUP
368,2,2972,3995.65,3996,1,F,192,107,25.7586,21.8841,32,BROKEUP
123,1,708,4007.84,4008,2,F,181,246,83.2512,85.8521,326,BROKEUP
460,1,3936,4007.4,4008,0,F,250,136,23.0149,15.7018,20,BROKEUP
459,2,3935,4031.1,4032,0,F,164,85,18.2596,14.0935,12,BROKEUP
393,4,3173,4066.97,4067,1,F,273,231,26.6008,18.5895,57,BROKEUP
439,1,3705,4072.42,4073,0,F,102,57,21.4199,19.4614,56,BROKEUP
449,2,3875,4087.39,4088,0,F,289,343,34.4302,27.1216,47,BROKEUP
375,2,3055,4095.32,4096,1,F,256,325,30.8385,27.3586,47,BROKEUP
472,1,4016,4104.46,4105,0,F,252,266,15.6651,15.0432,30,BROKEUP
470,3,4002,4116.14,4117,1,F,36,203,17.8712,18.1895,21,BROKEUP
346,2,2825,4123.81,4124,1,F,175,72,27.1283,21.8764,116,BROKEUP
425,4,3594,4140.18,4141,0,F,204,264,30.373,28.7156,48,BROKEUP
409,1,3391,4142.41,4143,0,F,297,93,22.2024,20.1827,106,BROKEUP
458,2,3932,4147.19,4148,0,F,110,279,22.2731,18.1376,25,BROKEUP
401,4,3312,4151.02,4152,1,F,74,127,25.1425,22.0266,200,BROKEUP
441,4,3726,4152.33,4153,0,F,260,152,25.7318,22.1453,43,BROKEUP
432,2,3647,4153.96,4154,0,F,28,51,25.0695,17.7518,18,BROKEUP
477,2,4077,4154.9,4155,0,F,102,85,21.6445,14.4304,15,BROKEUP
358,1,2928,4159.9,4160,0,F,318,258,24.0982,24.0704,206,BROKEUP
467,1,3998,4180.95,4181,1,F,334,319,25.9099,26.028,8,BROKEUP
410,2,3402,4181.93,4182,1,F,138,288,30.4669,29.5788,34,BROKEUP
473,1,4041,4187.82,4188,0,F,62,340,27.6958,29.1832,28,BROKEUP
58,1,54,4193.57,4194,2,F,75,185,53.8586,45.0122,376,BROKEUP
70,3,165,4207.71,4208,2,F,149,336,73.3131,63.8517,297,BROKEUP
475,4,4068,4235.19,4236,0,F,192,153,26.4162,24.2971,31,BROKEUP
416,2,3469,4242.86,4243,1,F,272,304,37.7974,32.9351,56,BROKEUP
456,1,3920,4252.2,4253,1,F,46,111,28.2824,30.6198,1,BROKEUP
451,2,3882,4254.51,4255,1,F,287,43,25.6048,25.4098,51,BROKEUP
448,1,3862,4254.71,4255,1,F,344,83,18.7307,14.3692,23,BROKEUP
379,1,3071,4265.08,4266,1,F,171,77,20.8847,24.7796,36,BROKEUP
496,2,4248,4275.1,4276,0,F,317,203,17.7771,18.6252,10,BROKEUP
482,1,4159,4287.31,4288,0,F,335,127,23.3087,22.3992,5,BROKEUP
424,1,3575,4292.22,4293,1,F,282,179,19.321,22.5943,55,BROKEUP
447,3,3827,4306.08,4307,0,F,24,293,27.8361,24.8563,47,BROKEUP
455,3,3919,4329.76,4330,1,F,262,306,28.9702,30.2568,25,BROKEUP
465,2,3990,4329.09,4330,0,F,65,183,20.4586,16.2788,97,BROKEUP
415,1,3466,4331.07,4332,1,F,95,160,23.2713,22.585,39,BROKEUP
464,3,3981,4338.43,4339,0,F,224,5,27.8847,25.1096,1,BROKEUP
489,1,4194,4339.99,4340,1,F,12,85,18.2078,14.9373,13,BROKEUP
501,3,4307,4340.4,4341,0,F,317,288,17.9552,30.0144,1,BROKEUP
506,3,4344,4347.65,4348,0,F,63,85,17.553,14.9592,1,BROKEUP
417,1,3471,4347.53,4348,1,F,275,94,31.5279,24.6131,110,BROKEUP
481,1,4139,4350.21,4351,0,F,38,266,24.2401,15.7172,20,BROKEUP
428,2,3602,4355.55,4356,1,F,333,247,19.9163,18.8899,48,BROKEUP
391,3,3152,4357.91,4358,1,F,339,214,26.7319,26.803,132,BROKEUP
493,1,4211,4374.94,4375,0,F,309,319,33.9151,26.5595,16,BROKEUP
498,1,4273,4381.02,4382,0,F,62,77,28.2273,25.0974,32,BROKEUP
427,3,3597,4405.67,4406,0,F,134,268,22.5138,20.3125,70,BROKEUP
471,2,4006,4411.08,4412,0,F,241,107,24.5904,23.0238,20,BROKEUP
466,2,3993,4424.41,4425,0,F,326,148,22.0881,21.904,10,BROKEUP
418,1,3483,4427.94,4428,1,F,267,215,23.0045,20.8674,26,BROKEUP
479,1,4089,4427.51,4428,1,F,35,130,26.4027,29.0619,41,BROKEUP
442,1,3754,4431.59,4432,1,F,238,27,30.9968,28.7056,43,BROKEUP
461,3,3955,4452.45,4453,2,F,195,210,32.3362,26.1559,23,BROKEUP
440,2,3717,4454.12,4455,1,F,100,33,16.8998,18.6016,85,BROKEUP
454,2,3905,4467.88,4468,0,F,316,261,36.7297,25.8,35,BROKEUP
334,2,2728,4473.03,4474,2,F,13,47,38.7166,35.7035,244,BROKEUP
153,1,1028,4473.68,4474,2,F,22,41,76.8784,91.1885,183,BROKEUP
457,2,3923,4485.15,4486,1,F,330,221,19.8814,29.1589,20,BROKEUP
492,1,4201,4499.42,4500,1,F,102,86,22.5897,13.8566,17,BROKEUP
484,1,4182,4526.01,4527,0,F,28,93,26.0914,21.2347,42,BROKEUP
478,3,4084,4543.47,4544,0,F,243,231,19.5551,19.8963,97,BROKEUP
503,1,4313,4562.44,4563,0,F,56,153,16.5648,25.193,34,BROKEUP
502,2,4307,4568.44,4569,0,F,252,83,16.9363,15.2295,50,BROKEUP
446,1,3809,4568.43,4569,1,F,144,315,24.8544,31.4614,109,BROKEUP
462,1,3958,4586.45,4587,1,F,338,216,27.4514,24.287,47,BROKEUP
535,2,4550,4615.09,4616,0,F,102,231,22.9075,20.0936,20,BROKEUP
495,4,4243,4616.88,4617,1,F,192,152,27.46,23.4166,128,BROKEUP
463,2,3964,4622.68,4623,1,F,342,88,21.6539,21.1427,124,BROKEUP
437,1,3680,4631.98,4632,1,F,331,245,25.5246,22.4113,107,BROKEUP
521,2,4442,4633.04,4634,1,F,241,148,25.1987,22.4766,43,BROKEUP
175,1,1212,4637.25,4638,2,F,328,213,66.2734,59.9674,190,BROKEUP
206,2,1508,4643.76,4644,2,F,96,40,49.7075,39.2361,253,BROKEUP
444,2,3760,4658.18,4659,0,F,125,196,23.0476,22.1689,91,BROKEUP
320,2,2654,4660.58,4661,2,F,10,162,37.8238,35.3157,222,BROKEUP
281,3,2267,4661.22,4662,2,F,70,296,49.6088,43.1773,247,BROKEUP
513,2,4367,4668.67,4669,1,F,256,285,32.4083,31.9734,59,BROKEUP
522,1,4444,4680.26,4681,1,F,105,130,26.8414,29.7551,29,BROKEUP
524,3,4480,4687.18,4688,1,F,262,298,29.951,29.5818,5,BROKEUP
480,3,4128,4690.99,4691,1,F,273,72,28.3104,23.4298,48,BROKEUP
550,4,4672,4709.44,4710,0,F,272,285,39.0769,32.0857,14,BROKEUP
531,2,4520,4710.63,4711,0,F,35,124,27.178,15.1681,30,BROKEUP
525,1,4481,4721.24,4722,0,F,166,33,18.6368,19.3331,17,BROKEUP
430,2,3622,4732.75,4733,1,F,34,182,29.3638,25.8904,87,BROKEUP
516,2,4381,4742.2,4743,1,F,63,85,18.6352,16.0414,38,BROKEUP
468,2,3999,4751.7,4752,0,F,82,80,23.8479,17.3559,32,BROKEUP
537,4,4573,4764.75,4765,1,F,144,94,25.3914,25.7556,20,BROKEUP
411,1,3416,4765.71,4766,1,F,114,89,35.3403,27.9378,158,BROKEUP
559,3,4767,4782.39,4783,0,F,143,126,17.9755,15.9326,5,BROKEUP
541,2,4627,4782.39,4783,0,F,333,42,21.0861,16.908,15,BROKEUP
554,4,4737,4788.14,4789,0,F,35,27,27.3917,29.6837,27,BROKEUP
543,3,4638,4789.1,4790,0,F,192,152,27.934,23.8906,27,BROKEUP
551,3,4679,4796.56,4797,0,F,241,196,25.6452,22.5469,31,BROKEUP
520,2,4433,4811.84,4812,1,F,287,215,27.1308,21.9194,40,BROKEUP
564,2,4789,4823.68,4824,0,F,207,42,17.0056,17.0204,11,BROKEUP
519,2,4433,4827.61,4828,1,F,282,43,20.7868,26.9796,27,BROKEUP
491,1,4199,4828.81,4829,1,F,204,325,32.2579,29.3668,105,BROKEUP
556,1,4749,4835.69,4836,0,F,187,124,15.7905,15.5106,16,BROKEUP
235,1,1813,4842.85,4843,2,F,58,128,42.1922,39.9194,96,BROKEUP
566,1,4793,4842.39,4843,0,F,333,80,21.2505,17.6053,10,BROKEUP
474,2,4054,4853.36,4854,0,F,164,136,20.5117,18.0196,100,BROKEUP
536,2,4572,4855.4,4856,1,F,330,83,20.8951,16.0158,38,BROKEUP
528,2,4488,4858.96,4859,0,F,195,288,33.4485,31.4336,29,BROKEUP
576,2,4854,4873.84,4874,0,F,164,153,20.5665,26.045,6,BROKEUP
552,1,4688,4881.41,4882,0,F,175,319,29.2051,27.9486,22,BROKEUP
540,1,4627,4884.71,4885,0,F,275,261,32.9992,26.9425,5,BROKEUP
511,1,4354,4907.31,4908,0,F,24,293,29.4827,26.5029,15,BROKEUP
557,2,4762,4913.09,4914,0,F,228,131,16.785,16.9079,22,BROKEUP
523,1,4477,4919.92,4920,1,F,38,5,25.799,26.7014,59,BROKEUP
567,3,4799,4920.52,4921,0,F,192,148,28.2929,23.2629,10,BROKEUP
497,2,4269,4920.6,4921,1,F,46,343,30.1125,29.4038,106,BROKEUP
544,2,4638,4920.15,4921,0,F,267,280,24.3552,16.8152,17,BROKEUP
527,2,4486,4947.87,4948,1,F,260,107,27.9099,24.4923,3,BROKEUP
569,2,4821,4959.79,4960,1,F,35,94,27.8602,26.2898,30,BROKEUP
510,2,4353,4969.72,4970,1,F,289,340,36.8466,31.3256,85,BROKEUP
476,3,4073,4972.28,4973,0,F,11,57,26.8251,21.9272,98,BROKEUP
570,2,4828,4972.94,4973,0,F,287,215,27.5719,22.3605,6,BROKEUP
574,1,4849,4977.85,4978,0,F,187,33,16.1795,20.0344,30,BROKEUP
542,3,4634,4978.18,4979,1,F,309,245,35.5699,23.362,55,BROKEUP
533,2,4533,4991.73,4992,1,F,238,77,32.5311,26.7687,106,BROKEUP
590,1,4953,5005.39,5006,0,F,267,196,24.5881,23.1195,12,BROKEUP
592,2,4958,5007.85,5008,1,F,273,148,29.1789,23.5013,19,BROKEUP
509,2,4353,5012.07,5013,1,F,95,266,25.137,17.5309,33,BROKEUP
585,2,4906,5019.43,5020,0,F,143,170,18.6248,16.5334,12,BROKEUP
548,1,4665,5023.3,5024,1,F,125,88,24.0476,22.2413,32,BROKEUP
494,2,4224,5028.54,5029,0,F,36,109,20.3698,18.369,76,BROKEUP
593,2,4959,5035.87,5036,1,F,275,261,33.4129,27.3562,7,BROKEUP
270,4,2115,5040.53,5041,2,F,270,248,43.1998,32.2252,212,BROKEUP
553,3,4709,5046.51,5047,0,F,318,298,26.5283,30.5653,7,BROKEUP
598,4,4982,5051.71,5052,1,F,192,285,28.6518,33.0227,25,BROKEUP
573,2,4839,5056.6,5057,1,F,102,42,24.1158,17.6587,48,BROKEUP
505,1,4344,5057.27,5058,0,F,65,127,22.4531,24.5088,95,BROKEUP
589,1,4946,5057.57,5058,0,F,256,288,33.4741,31.9788,8,BROKEUP
518,1,4430,5077,5077,1,F,134,183,24.3522,18.3254,8,BROKEUP
512,3,4357,5084.89,5085,1,F,344,247,21.0047,20.8871,27,BROKEUP
488,1,4189,5104.63,5105,1,F,110,51,24.895,20.3572,67,BROKEUP
445,4,3797,5109.6,5110,1,F,300,276,23.835,23.1338,126,BROKEUP
555,2,4740,5112.94,5113,1,F,224,72,30.0052,24.586,74,BROKEUP
572,3,4836,5115.24,5116,0,F,326,124,23.9812,16.2777,15,BROKEUP
499,1,4280,5117.78,5118,0,F,171,203,23.219,20.932,126,BROKEUP
517,3,4412,5119.49,5120,1,F,297,268,24.8791,22.2686,51,BROKEUP
546,1,4651,5126.48,5127,1,F,74,47,27.8137,37.4925,48,BROKEUP
538,3,4625,5137.57,5138,0,F,338,221,28.961,30.9452,69,BROKEUP
565,4,4790,5142.57,5143,1,F,331,152,26.9246,24.8577,38,BROKEUP
616,1,5089,5142.35,5143,0,F,195,298,34.2266,30.8283,13,BROKEUP
614,3,5074,5152.32,5153,0,F,317,42,20.1798,17.9217,11,BROKEUP
539,1,4625,5168.32,5169,0,F,14,217,18.9976,18.3625,79,BROKEUP
615,1,5080,5169.74,5170,1,F,102,196,24.4253,23.5689,8,BROKEUP
595,3,4963,5186.9,5187,1,F,241,107,26.7137,25.1471,1,BROKEUP
631,3,5160,5200.3,5201,0,F,338,72,29.1336,24.827,13,BROKEUP
48,2,17,5204.56,5205,2,F,68,60,55.7834,44.7732,427,BROKEUP
591,4,4953,5219.06,5220,0,F,207,280,18.0905,17.6344,40,BROKEUP
530,2,4519,5229.14,5230,1,F,12,86,20.6461,15.8566,20,BROKEUP
604,1,5021,5243.73,5244,0,F,135,19,17.6258,15.7835,71,BROKEUP
588,4,4916,5258.72,5259,1,F,178,131,18.6582,17.8532,16,BROKEUP
630,4,5149,5266.13,5267,0,F,273,152,29.8885,25.1974,17,BROKEUP
602,2,5010,5272.83,5273,0,F,330,299,22.0375,16.5492,9,BROKEUP
642,3,5263,5276.24,5277,0,F,74,293,28.2246,27.5138,1,BROKEUP
596,2,4979,5281.1,5282,1,F,175,153,30.3009,27.1628,19,BROKEUP
504,2,4337,5286.74,5287,1,F,271,179,23.3026,25.3176,83,BROKEUP
643,2,5268,5298.06,5299,0,F,12,131,20.8352,17.9627,5,BROKEUP
487,1,4188,5317.66,5318,1,F,250,279,26.6039,21.3431,38,BROKEUP
601,3,5001,5318.76,5319,1,F,24,325,30.6087,30.7093,36,BROKEUP
580,1,4863,5324.85,5325,0,F,82,182,25.4177,27.5123,85,BROKEUP
582,1,4883,5346.25,5347,1,F,100,64,19.3436,17.4186,27,BROKEUP
603,2,5013,5347.75,5348,0,F,267,57,25.5251,22.9545,23,BROKEUP
534,3,4537,5376.52,5377,1,F,316,304,39.2201,36.042,119,BROKEUP
605,4,5027,5384.54,5385,1,F,143,158,19.6248,17.6093,46,BROKEUP
609,2,5043,5385.71,5386,0,F,252,109,19.1747,19.3471,50,BROKEUP
617,3,5090,5409.03,5410,1,F,309,77,36.7507,27.9139,83,BROKEUP
638,1,5220,5411.18,5412,0,F,317,280,20.8894,18.1604,6,BROKEUP
610,3,5044,5416.66,5417,1,F,144,43,27.1777,28.5933,35,BROKEUP
633,1,5177,5417.5,5418,0,F,326,254,24.8086,16.154,19,BROKEUP
634,1,5196,5426.26,5427,0,F,92,42,15.187,18.6724,21,BROKEUP
594,2,4963,5432.98,5433,0,F,62,130,31.1068,31.8153,8,BROKEUP
597,1,4979,5456.56,5457,1,F,11,245,28.1511,24.6716,58,BROKEUP
562,1,4787,5460.96,5461,1,F,166,126,20.6615,17.7901,57,BROKEUP
663,3,5422,5462.05,5463,0,F,283,254,17.5151,16.2773,12,BROKEUP
532,3,4528,5465.26,5466,1,F,28,93,28.664,23.8073,115,BROKEUP
606,1,5029,5466.97,5467,1,F,187,266,17.5193,18.7747,38,BROKEUP
579,3,4860,5471.45,5472,0,F,34,83,31.3885,17.7035,59,BROKEUP
650,3,5361,5500.69,5501,0,F,135,257,18.3299,16.7069,49,BROKEUP
30,2,5,5507.92,5508,2,F,98,106,48.5035,44.845,539,BROKEUP
32,1,6,5508.73,5509,2,F,281,177,57.3466,53.6274,521,BROKEUP
583,1,4886,5516.51,5517,0,F,63,136,20.7557,19.8361,41,BROKEUP
483,2,4166,5521.71,5522,1,F,39,264,31.716,32.4991,123,BROKEUP
490,1,4194,5530.66,5531,2,F,229,194,61.2277,60.4797,103,BROKEUP
678,3,5510,5531.78,5532,0,F,135,257,18.4149,16.7918,9,BROKEUP
620,1,5100,5544.24,5545,1,F,36,148,21.7835,24.9725,5,BROKEUP
682,1,5533,5565.27,5566,0,F,184,136,17.0098,19.9703,10,BROKEUP
622,3,5107,5569.38,5570,0,F,333,51,23.2423,21.6312,97,BROKEUP
507,2,4345,5572.24,5573,1,F,335,160,26.8292,25.985,146,BROKEUP
662,3,5422,5590.28,5591,0,F,143,152,20.1892,26.0851,6,BROKEUP
608,2,5042,5592.4,5593,1,F,125,88,25.6065,23.8002,66,BROKEUP
671,4,5474,5595.37,5596,1,F,74,293,29.0986,28.3878,15,BROKEUP
645,3,5312,5607.3,5608,0,F,271,212,24.182,17.3766,30,BROKEUP
681,3,5530,5607.69,5608,0,F,283,20,17.9123,15.8848,13,BROKEUP
201,2,1422,5610.43,5611,2,F,345,188,34.8272,27.4279,435,BROKEUP
686,1,5553,5626.93,5627,0,F,294,299,18.7904,17.519,5,BROKEUP
621,2,5101,5629.47,5630,1,F,256,340,35.0412,33.1338,17,BROKEUP
624,2,5119,5633.7,5634,1,F,134,203,25.8782,22.3457,26,BROKEUP
640,3,5259,5649.22,5650,1,F,207,86,19.2686,17.0073,91,BROKEUP
577,2,4854,5650.27,5651,1,F,204,27,34.51,32.0454,123,BROKEUP
626,1,5124,5656.36,5657,1,F,300,124,25.3336,17.7599,94,BROKEUP
694,1,5643,5665.18,5666,0,F,92,299,15.8418,17.6259,10,BROKEUP
627,1,5132,5675.36,5676,0,F,238,285,34.4051,34.7323,76,BROKEUP
587,2,4914,5682.89,5683,1,F,228,278,18.8919,15.9189,11,BROKEUP
656,3,5390,5703.15,5704,0,F,82,109,26.4561,20.2183,48,BROKEUP
648,2,5353,5710.91,5711,1,F,14,174,20.4825,15.673,67,BROKEUP
659,1,5421,5712.55,5713,0,F,163,280,16.4877,18.985,19,BROKEUP
581,3,4882,5714.81,5715,0,F,56,80,19.721,19.9943,76,BROKEUP
689,2,5592,5725.89,5726,0,F,143,257,20.559,17.3233,9,BROKEUP
639,2,5248,5733.22,5734,1,F,171,19,24.9066,17.126,64,BROKEUP
586,1,4911,5735.13,5736,1,F,262,89,32.8222,30.5953,47,BROKEUP
618,1,5090,5762.4,5763,1,F,344,247,22.8622,22.7446,31,BROKEUP
710,3,5754,5792.65,5793,0,F,171,109,25.0683,20.4622,12,BROKEUP
685,1,5547,5792.16,5793,0,F,63,91,21.5119,16.4769,36,BROKEUP
664,1,5427,5800.45,5801,0,F,317,42,21.9552,19.6971,36,BROKEUP
660,1,5421,5801.28,5802,1,F,267,196,26.7689,25.3004,49,BROKEUP
644,4,5295,5826.39,5827,1,F,260,72,30.3181,26.5421,150,BROKEUP
673,1,5492,5829.67,5830,0,F,205,329,17.5957,16.9326,45,BROKEUP
612,2,5059,5834.74,5835,1,F,95,127,27.3891,26.6376,71,BROKEUP
623,2,5111,5834.83,5835,1,F,192,276,30.797,25.1201,90,BROKEUP
600,1,4983,5845.48,5846,1,F,342,33,25.0046,22.4125,26,BROKEUP
436,4,3680,5854.4,5855,2,F,81,277,25.6846,23.7749,166,BROKEUP
625,2,5124,5881.37,5882,1,F,275,94,35.7307,28.8159,141,BROKEUP
636,3,5217,5883.03,5884,1,F,241,268,28.6233,24.3618,35,BROKEUP
692,1,5615,5887.41,5888,0,F,345,293,35.5861,29.1878,21,BROKEUP
675,3,5493,5899.14,5900,1,F,100,83,20.8587,18.8761,73,BROKEUP
712,3,5783,5903.62,5904,0,F,228,25,19.4974,17.1851,2,BROKEUP
674,3,5492,5904.15,5905,1,F,166,266,21.8779,19.9747,18,BROKEUP
684,1,5547,5904.04,5905,0,F,11,77,29.3785,29.27,71,BROKEUP
666,2,5447,5911.27,5912,0,F,12,21,22.5146,17.5445,47,BROKEUP
706,1,5743,5911.25,5912,0,F,300,88,26.0322,24.6742,30,BROKEUP
703,2,5731,5928.84,5929,0,F,92,257,16.5624,17.8795,30,BROKEUP
46,1,16,5932.84,5933,2,F,206,142,55.5609,49.2486,531,BROKEUP
649,1,5356,5933.07,5934,0,F,175,325,32.0872,32.3942,73,BROKEUP
690,2,5595,5944.08,5945,1,F,333,136,24.2697,21.0087,21,BROKEUP
668,1,5459,5948.54,5949,1,F,144,245,28.6352,26.0195,84,BROKEUP
646,2,5313,5953.1,5954,1,F,172,131,19.3812,19.7573,82,BROKEUP
260,4,2050,5957.35,5958,2,F,198,208,52.4456,36.2983,363,BROKEUP
561,3,4787,5960.29,5961,1,F,105,315,30.3482,35.2751,65,BROKEUP
702,1,5715,5966.03,5967,0,F,135,174,19.6067,16.3743,25,BROKEUP
705,2,5740,5972.7,5973,0,F,163,19,17.2,17.7808,21,BROKEUP
714,3,5797,5979.9,5980,0,F,344,280,23.4567,19.7165,13,BROKEUP
697,2,5646,5984.73,5985,1,F,39,188,32.9845,28.4526,18,BROKEUP
665,1,5429,6005.56,6006,1,F,326,265,26.4196,17.8152,39,BROKEUP
635,1,5197,6010.54,6011,1,F,331,217,29.3027,20.6693,154,BROKEUP
698,2,5651,6015.89,6016,1,F,271,86,25.2998,18.01,7,BROKEUP
691,1,5611,6020.67,6021,1,F,297,234,27.3476,18.2811,64,BROKEUP
655,1,5388,6026.86,6027,1,F,273,261,31.9707,30.0712,139,BROKEUP
693,4,5638,6039.49,6040,1,F,125,160,26.8312,27.2645,41,BROKEUP
661,2,5421,6046.4,6047,1,F,252,64,20.9857,19.3364,16,BROKEUP
599,1,4982,6052.37,6053,1,F,35,215,30.8547,25.3194,100,BROKEUP
734,1,5971,6053.88,6054,0,F,11,325,29.7867,32.723,22,BROKEUP
729,2,5937,6065.85,6066,0,F,283,257,19.1671,18.2548,14,BROKEUP
743,1,6020,6065.05,6066,0,F,92,86,16.9377,18.147,1,BROKEUP
667,1,5459,6078.87,6079,1,F,110,43,27.5635,30.407,20,BROKEUP
611,4,5059,6080.53,6081,1,F,287,5,30.6075,29.8822,62,BROKEUP
669,1,5466,6082.24,6083,1,F,87,254,17.6407,17.9759,58,BROKEUP
730,3,5945,6106.37,6107,0,F,333,329,24.7135,17.6915,14,BROKEUP
607,3,5031,6110.56,6111,1,F,218,170,19.902,19.5224,66,BROKEUP
718,2,5901,6113.49,6114,0,F,63,83,22.3913,19.4624,8,BROKEUP
724,1,5918,6114.54,6115,1,F,241,88,29.2562,25.2304,35,BROKEUP
613,3,5064,6138.91,6139,1,F,164,30,24.0322,18.2088,49,BROKEUP
728,1,5934,6163.61,6164,0,F,166,25,22.5875,17.8974,45,BROKEUP
696,3,5646,6166.22,6167,1,F,318,212,29.5968,18.9082,86,BROKEUP
700,1,5707,6166.52,6167,0,F,294,299,20.2699,18.9985,30,BROKEUP
688,1,5590,6177.73,6178,1,F,36,51,23.5177,23.297,39,BROKEUP
651,2,5377,6182.26,6183,1,F,178,322,21.1897,17.169,106,BROKEUP
677,1,5498,6190.64,6191,1,F,195,153,37.0978,29.6532,47,BROKEUP
632,1,5175,6192.78,6193,1,F,38,183,29.2866,21.3829,61,BROKEUP
739,2,5988,6211.75,6212,0,F,317,280,23.0812,20.3522,9,BROKEUP
699,4,5701,6229.23,6230,0,F,184,20,18.829,17.5889,65,BROKEUP
619,1,5090,6233.55,6234,1,F,65,147,25.675,20.1453,93,BROKEUP
755,4,6105,6242.47,6243,0,F,125,257,27.3873,18.7398,25,BROKEUP
756,1,6116,6248.13,6249,1,F,344,170,24.1937,19.9005,23,BROKEUP
737,1,5982,6249.64,6250,0,F,172,19,20.1922,18.5397,2,BROKEUP
736,1,5981,6281.07,6282,0,F,300,94,27.0459,29.9117,62,BROKEUP
717,1,5872,6295.02,6296,0,F,143,33,22.1207,23.6454,29,BROKEUP
723,3,5917,6315.53,6316,0,F,81,276,26.9476,26.4379,39,BROKEUP
749,3,6034,6336.56,6337,0,F,331,277,30.1958,25.0954,10,BROKEUP
16,2,2,6368.56,6369,2,F,305,73,48.1973,44.67,528,BROKEUP
763,1,6211,6368.54,6369,0,F,150,329,17.9389,18.4093,37,BROKEUP
727,1,5927,6385.42,6386,1,F,74,127,31.263,28.1472,79,BROKEUP
758,1,6170,6388.32,6389,0,F,323,212,17.6225,19.5164,38,BROKEUP
701,2,5712,6404.87,6405,1,F,82,203,28.3767,24.458,83,BROKEUP
747,1,6031,6404.4,6405,0,F,163,2,18.3836,17.8942,22,BROKEUP
676,2,5497,6408.38,6409,1,F,28,93,31.2475,26.3909,67,BROKEUP
657,1,5398,6413.77,6414,1,F,102,158,27.8336,20.4284,74,BROKEUP
704,2,5739,6429.87,6430,0,F,56,124,21.6799,19.8777,45,BROKEUP
759,2,6174,6433.17,6434,0,F,164,83,24.8405,20.3391,4,BROKEUP
754,1,6086,6441.3,6442,0,F,92,174,17.9678,17.6757,78,BROKEUP
773,1,6277,6446.46,6447,0,F,294,64,21.037,20.4323,9,BROKEUP
757,2,6129,6454.74,6455,0,F,218,254,20.8444,18.9951,20,BROKEUP
770,1,6250,6454.35,6455,0,F,317,170,23.747,20.4649,27,BROKEUP
722,3,5915,6457.04,6458,0,F,12,266,24.0105,21.4898,59,BROKEUP
719,1,5901,6459.45,6460,1,F,342,42,26.6868,21.5025,53,BROKEUP
731,1,5948,6459.15,6460,1,F,192,136,32.5093,22.4196,22,BROKEUP
753,2,6086,6462.94,6463,0,F,95,86,29.1096,19.2347,18,BROKEUP
306,2,2506,6466.62,6467,2,F,17,44,43.988,40.5769,345,BROKEUP
764,4,6213,6496.55,6497,0,F,35,215,32.0712,26.5359,31,BROKEUP
647,1,5346,6497.19,6498,1,F,330,279,25.3937,24.576,145,BROKEUP
732,3,5949,6559.06,6560,1,F,320,21,20.7332,19.3198,31,BROKEUP
637,2,5218,6562.83,6563,1,F,338,107,32.8651,28.917,154,BROKEUP
760,1,6179,6568.01,6569,0,F,166,30,23.6971,19.3868,20,BROKEUP
781,2,6371,6579.21,6580,0,F,150,329,18.517,18.9874,4,BROKEUP
715,2,5818,6580.32,6581,0,F,335,247,29.5909,24.9857,84,BROKEUP
713,1,5795,6594.35,6595,1,F,171,109,27.2655,22.6594,95,BROKEUP
653,1,5384,6607.52,6608,1,F,250,57,30.1381,26.4066,93,BROKEUP
752,2,6081,6609.56,6610,1,F,287,188,32.0568,30.1649,138,BROKEUP
658,1,5418,6621,6622,1,F,46,179,34.7728,28.9752,89,BROKEUP
769,3,6248,6627.28,6628,0,F,125,322,28.4421,18.3882,28,BROKEUP
798,3,6479,6627.26,6628,1,F,74,136,31.926,22.8799,2,BROKEUP
809,3,6587,6633.02,6634,0,F,35,215,32.4465,26.9112,12,BROKEUP
801,1,6489,6660.34,6661,0,F,164,64,25.4624,21.0186,11,BROKEUP
767,2,6239,6663.17,6664,1,F,241,20,30.7603,18.778,30,BROKEUP
772,1,6255,6665.89,6666,0,F,172,147,21.3319,21.3289,31,BROKEUP
740,1,5993,6675.01,6676,1,F,228,230,21.6124,18.6835,70,BROKEUP
711,3,5754,6737.15,6738,1,F,134,80,28.9028,22.797,72,BROKEUP
815,2,6649,6746.6,6747,0,F,300,57,28.3199,26.7874,4,BROKEUP
797,2,6469,6751.2,6752,0,F,323,174,18.617,18.525,12,BROKEUP
109,1,535,6754.93,6755,2,F,139,211,56.6669,52.5375,652,BROKEUP
761,1,6196,6781.77,6782,1,F,326,183,28.5456,22.9966,168,BROKEUP
796,1,6466,6791.25,6792,1,F,271,203,27.4259,25.5183,32,BROKEUP
708,1,5753,6794.85,6795,0,F,7,278,20.0579,18.9654,106,BROKEUP
803,3,6500,6818.03,6819,0,F,317,280,24.7442,22.0152,26,BROKEUP
792,2,6463,6821.33,6822,1,F,184,93,20.4509,27.5224,5,BROKEUP
65,1,90,6827.73,6828,2,F,284,79,61.4814,55.8222,538,BROKEUP
794,1,6465,6842.26,6843,0,F,81,42,28.3914,22.5519,23,BROKEUP
799,2,6480,6848.43,6849,0,F,36,86,25.3561,20.2922,18,BROKEUP
777,1,6309,6858.13,6859,1,F,283,299,21.3397,20.8944,75,BROKEUP
312,2,2569,6860.02,6861,2,F,140,71,43.0495,46.2933,383,BROKEUP
788,1,6445,6861.18,6862,1,F,87,257,19.775,20.4356,46,BROKEUP
818,3,6684,6862.35,6863,0,F,228,322,22.1248,19.032,36,BROKEUP
750,1,6061,6876.23,6877,2,F,34,130,35.2378,35.7715,43,BROKEUP
59,4,54,6887.53,6888,2,F,66,173,83.5992,84.7497,491,BROKEUP
680,1,5529,6901.29,6902,1,F,187,126,21.4508,21.7381,127,BROKEUP
835,1,6876,6911.08,6912,0,F,81,280,28.5805,22.27,13,BROKEUP
247,2,1936,6933.15,6934,2,F,311,274,45.6082,41.9166,312,BROKEUP
726,2,5922,6935.37,6936,1,F,207,91,22.7919,19.6084,123,BROKEUP
720,1,5907,6960.94,6961,1,F,267,268,29.9442,27.3125,149,BROKEUP
802,1,6497,6969.48,6970,1,F,242,2,19.1677,19.4421,68,BROKEUP
790,4,6457,6973.68,6974,1,F,92,254,19.4254,20.417,48,BROKEUP
842,2,6944,6973.72,6974,0,F,326,203,29.0716,26.0169,8,BROKEUP
814,3,6638,6991.89,6992,0,F,335,179,30.7169,29.9889,59,BROKEUP
810,4,6587,7003.72,7004,0,F,163,21,20.0247,20.5363,49,BROKEUP
78,3,238,7018.68,7019,2,F,308,226,88.769,98.1506,698,BROKEUP
833,2,6862,7018.04,7019,0,F,46,188,35.8604,31.2854,22,BROKEUP
793,1,6465,7025.07,7026,1,F,218,170,22.4088,22.0293,69,BROKEUP
838,1,6903,7033.95,7034,0,F,283,322,21.8192,19.5005,27,BROKEUP
795,3,6466,7043.24,7044,1,F,192,276,34.1093,28.4324,47,BROKEUP
845,1,6977,7064.99,7065,0,F,242,2,19.428,19.7024,20,BROKEUP
824,3,6744,7066.61,7067,1,F,171,109,28.5587,23.9526,56,BROKEUP
782,4,6397,7071.64,7072,1,F,297,212,30.227,21.3876,57,BROKEUP
766,3,6235,7071.25,7072,1,F,98,60,52.7884,49.8882,67,BROKEUP
807,4,6576,7082.53,7083,1,F,143,30,24.2768,20.7951,22,BROKEUP
827,1,6757,7086.45,7087,1,F,150,174,19.906,19.4428,46,BROKEUP
771,3,6255,7087.83,7088,1,F,252,19,23.8377,20.8356,125,BROKEUP
843,2,6944,7101.23,7102,0,F,187,91,21.9987,20.0632,59,BROKEUP
789,1,6453,7103.74,7104,1,F,305,43,50.211,33.2153,43,BROKEUP
787,2,6443,7112.8,7113,1,F,65,83,28.0832,22.1994,6,BROKEUP
808,2,6581,7119.53,7120,1,F,318,266,32.2078,23.3035,49,BROKEUP
836,3,6884,7139.48,7140,0,F,38,80,31.8812,23.8984,9,BROKEUP
853,4,7052,7173.19,7174,1,F,267,21,30.5278,21.002,43,BROKEUP
820,2,6689,7176.37,7177,0,F,166,147,25.3628,22.7289,58,BROKEUP
864,2,7117,7176.36,7177,0,F,283,174,22.211,19.6894,16,BROKEUP
811,2,6608,7181.61,7182,0,F,294,124,23.0507,21.938,45,BROKEUP
733,1,5969,7183.92,7184,1,F,100,131,24.3765,23.1271,54,BROKEUP
741,1,6011,7203.13,7204,1,F,14,217,24.5729,23.9378,21,BROKEUP
398,4,3253,7206.74,7207,2,F,249,129,54.7821,43.6022,378,BROKEUP
813,1,6636,7240.11,7241,0,F,56,247,23.9018,26.794,92,BROKEUP
819,2,6686,7247.9,7248,0,F,102,136,30.1185,24.5785,45,BROKEUP
822,1,6695,7251.01,7252,1,F,125,64,30.1517,22.6377,41,BROKEUP
804,1,6503,7278.29,7279,1,F,342,279,28.9306,26.7157,53,BROKEUP
774,3,6296,7279.89,7280,1,F,333,33,27.9272,26.3413,81,BROKEUP
742,1,6012,7296.86,7297,1,F,205,265,21.6149,21.3522,193,BROKEUP
