Time,NodeID,NumIndividuals,NumInfected,AvgInfectiousness,AvgParasiteDensity,AvgGametocyteDensity,AvgVariantFractionPfEMP1Major,AvgNumInfections,AvgInfectionClearedDuration,NumInfectionsCleared,NumHasFever,NumHasClinicalSymptoms,TotalUniqueGenomes,TotalUniqueBarcodes,UniqueGenomesLast_1_Years,UniqueBarcodesLast_1_Years,CurrentUniqueGenomes,CurrentUniqueBarcodes,CurrentNumInfections,NumBitesDeliveredCurrentInfections,NumBitesDeliveredMultipleCurrentInfections,NumNewInfectionsInLastYear,NumTotalRoots,FractionOfRootsPresentInLastYear,AAAAAAAAAA,TAAAAAAAAA,AAAAAAAAAT,AAAATAAAAT,OtherBarcodes,T,OtherDrugResistance,G,OtherHRP
0,340461476,1000,0,0,0,0,0,0,0,0,0,0,0,0,0,0,0,0,0,0,0,0,0,0,0,0,0,0,0,0,0,0,0
1,340461476,1000,0,0,0,0,0,0,0,0,0,0,0,0,0,0,0,0,0,0,0,0,0,0,0,0,0,0,0,0,0,0,0
2,340461476,1000,0,0,0,0,0,0,0,0,0,0,0,0,0,0,0,0,0,0,0,0,0,0,0,0,0,0,0,0,0,0,0
3,340461476,1000,0,0,0,0,0,0,0,0,0,0,0,0,0,0,0,0,0,0,0,0,0,0,0,0,0,0,0,0,0,0,0
4,340461476,1000,0,0,0,0,0,0,0,0,0,0,0,0,0,0,0,0,0,0,0,0,0,0,0,0,0,0,0,0,0,0,0
5,340461476,1000,0,0,0,0,0,0,0,0,0,0,0,0,0,0,0,0,0,0,0,0,0,0,0,0,0,0,0,0,0,0,0
6,340461476,1000,0,0,0,0,0,0,0,0,0,0,0,0,0,0,0,0,0,0,0,0,0,0,0,0,0,0,0,0,0,0,0
7,340461476,1000,0,0,0,0,0,0,0,0,0,0,0,0,0,0,0,0,0,0,0,0,0,0,0,0,0,0,0,0,0,0,0
8,340461476,1000,0,0,0,0,0,0,0,0,0,0,0,0,0,0,0,0,0,0,0,0,0,0,0,0,0,0,0,0,0,0,0
9,340461476,1000,0,0,0,0,0,0,0,0,0,0,0,0,0,0,0,0,0,0,0,0,0,0,0,0,0,0,0,0,0,0,0
10,340461476,1000,5,0,0,0,0,1,0,0,0,0,5,5,5,5,5,5,5,0,0,5,5,1,0,0,0,0,5,0,5,0,5
11,340461476,1000,5,0,0,0,0,1,0,0,0,0,5,5,5,5,5,5,5,0,0,5,5,1,0,0,0,0,5,0,5,0,5
12,340461476,1000,5,0,0,0,0,1,0,0,0,0,5,5,5,5,5,5,5,0,0,5,5,1,0,0,0,0,5,0,5,0,5
13,340461476,1000,5,0,0,0,0,1,0,0,0,0,5,5,5,5,5,5,5,0,0,5,5,1,0,0,0,0,5,0,5,0,5
14,340461476,1000,5,0,0,0,0,1,0,0,0,0,5,5,5,5,5,5,5,0,0,5,5,1,0,0,0,0,5,0,5,0,5
15,340461476,1000,5,0,0,0,0,1,0,0,0,0,5,5,5,5,5,5,5,0,0,5,5,1,0,0,0,0,5,0,5,0,5
16,340461476,1000,5,0,6.02592e-05,0,1.66667e-05,1,0,0,0,0,5,5,5,5,5,5,5,0,0,5,5,1,0,0,0,0,5,0,5,0,5
17,340461476,1000,5,0,6.02397e-05,0,1.66667e-05,1,0,0,0,0,5,5,5,5,5,5,5,0,0,5,5,1,0,0,0,0,5,0,5,0,5
18,340461476,1000,5,0,0.000956818,0,1.66667e-05,1,0,0,0,0,5,5,5,5,5,5,5,0,0,5,5,1,0,0,0,0,5,0,5,0,5
19,340461476,1000,5,0,0.000956507,0,1.66667e-05,1,0,0,0,0,5,5,5,5,5,5,5,0,0,5,5,1,0,0,0,0,5,0,5,0,5
20,340461476,1000,5,0,0.0148886,0,1.66667e-05,1,0,0,0,0,5,5,5,5,5,5,5,0,0,5,5,1,0,0,0,0,5,0,5,0,5
21,340461476,1000,5,0,0.0148838,0,1.66667e-05,1,0,0,0,0,5,5,5,5,5,5,5,0,0,5,5,1,0,0,0,0,5,0,5,0,5
22,340461476,1000,5,0,0.23167,0,1.66667e-05,1,0,0,0,0,5,5,5,5,5,5,5,0,0,5,5,1,0,0,0,0,5,0,5,0,5
23,340461476,1000,5,0,0.231595,0,1.66667e-05,1,0,0,0,0,5,5,5,5,5,5,5,0,0,5,5,1,0,0,0,0,5,0,5,0,5
24,340461476,1000,5,0,3.60477,0,1.66667e-05,1,0,0,1,1,5,5,5,5,5,5,5,0,0,5,5,1,0,0,0,0,5,0,5,0,5
25,340461476,1000,5,0,3.51113,0,1.66667e-05,1,0,0,3,3,5,5,5,5,5,5,5,0,0,5,5,1,0,0,0,0,5,0,5,0,5
26,340461476,1000,5,0,51.4491,0,1.66667e-05,1,0,0,5,5,5,5,5,5,5,5,5,0,0,5,5,1,0,0,0,0,5,0,5,0,5
27,340461476,1000,5,0,34.5715,0,1.66667e-05,1,0,0,5,5,5,5,5,5,5,5,5,0,0,5,5,1,0,0,0,0,5,0,5,0,5
28,340461476,1000,5,0,279.014,0,1.66667e-05,1,0,0,5,5,5,5,5,5,5,5,5,0,0,5,5,1,0,0,0,0,5,0,5,0,5
29,340461476,1000,5,0,124.671,0,1.66667e-05,1,0,0,2,5,5,5,5,5,5,5,5,0,0,5,5,1,0,0,0,0,5,0,5,0,5
30,340461476,1000,5,0,745.981,0,1.66667e-05,1,0,0,5,5,5,5,5,5,5,5,5,0,0,5,5,1,0,0,0,0,5,0,5,0,5
31,340461476,1000,5,2.45279e-07,217.209,0.000302758,1.66667e-05,1,0,0,0,5,5,5,5,5,5,5,5,0,0,5,5,1,0,0,0,0,5,0,5,0,5
32,340461476,1000,5,1.27699e-06,874.856,0.00022957,1.66667e-05,1,0,0,5,5,5,5,5,5,5,5,5,0,0,5,5,1,0,0,0,0,5,0,5,0,5
33,340461476,1000,5,3.95806e-06,195.05,0.0048849,1.66667e-05,1,0,0,0,5,5,5,5,5,5,5,5,0,0,5,5,1,0,0,0,0,5,0,5,0,5
34,340461476,1000,5,2.05407e-05,636.726,0.00370238,1.66667e-05,1,0,0,5,5,5,5,5,5,5,5,5,0,0,5,5,1,0,0,0,0,5,0,5,0,5
35,340461476,1000,5,6.3077e-05,115.969,0.0761118,1.66667e-05,1,0,0,0,5,5,5,5,5,5,5,5,0,0,5,5,1,0,0,0,0,5,0,5,0,5
36,340461476,1000,5,0.000313099,314.068,0.0576757,1.66667e-05,1,0,0,5,5,5,5,5,5,5,5,5,0,0,5,5,1,0,0,0,0,5,0,5,0,5
37,340461476,1000,5,0.000895861,49.9894,1.10865,1.66667e-05,1,0,0,0,5,5,5,5,5,5,5,5,0,0,5,5,1,0,0,0,0,5,0,5,0,5
38,340461476,1000,5,0.00289899,122.264,0.840152,1.66667e-05,1,0,0,5,5,5,5,5,5,5,5,5,0,0,5,5,1,0,0,0,0,5,0,5,0,5
39,340461476,1000,5,0.00377623,18.3243,6.82742,1.66667e-05,1,0,0,0,5,5,5,5,5,5,5,5,0,0,5,5,1,0,0,0,0,5,0,5,0,5
40,340461476,1000,5,0.00498206,42.534,5.17422,1.66667e-05,1,0,0,5,5,5,5,5,5,5,5,5,0,0,5,5,1,0,0,0,0,5,0,5,0,5
41,340461476,1000,5,0.00499141,6.26041,21.2474,1.66667e-05,1,0,0,0,5,5,5,5,5,5,5,5,0,0,5,5,1,0,0,0,0,5,0,5,0,5
42,340461476,1000,5,0.005,14.1502,16.1031,1.66667e-05,1,0,0,0,4,5,5,5,5,5,5,5,0,0,5,5,1,0,0,0,0,5,0,5,0,5
43,340461476,1000,5,0.005,2.05321,33.4286,1.66667e-05,1,0,0,0,3,5,5,5,5,5,5,5,0,0,5,5,1,0,0,0,0,5,0,5,0,5
44,340461476,1000,5,0.005,4.57858,25.3357,1.66667e-05,1,0,0,0,0,5,5,5,5,5,5,5,0,0,5,5,1,0,0,0,0,5,0,5,0,5
45,340461476,1000,5,0.005,0.657929,35.054,1.66667e-05,1,0,0,0,0,5,5,5,5,5,5,5,0,0,5,5,1,0,0,0,0,5,0,5,0,5
46,340461476,1000,5,0.005,1.45733,26.568,1.66667e-05,1,0,0,0,0,5,5,5,5,5,5,5,0,0,5,5,1,0,0,0,0,5,0,5,0,5
47,340461476,1000,5,0.005,0.208379,28.1213,1.66667e-05,1,0,0,0,0,5,5,5,5,5,5,5,0,0,5,5,1,0,0,0,0,5,0,5,0,5
48,340461476,1000,5,0.005,0.459948,21.3137,1.66667e-05,1,0,0,0,0,5,5,5,5,5,5,5,0,0,5,5,1,0,0,0,0,5,0,5,0,5
49,340461476,1000,5,0.005,0.0656001,19.2968,1.66667e-05,1,0,0,0,0,5,5,5,5,5,5,5,0,0,5,5,1,0,0,0,0,5,0,5,0,5
50,340461476,1000,5,0.005,0.144571,14.6256,1.66667e-05,1,0,0,0,0,5,5,5,5,5,5,5,0,0,5,5,1,0,0,0,0,5,0,5,0,5
51,340461476,1000,5,0.005,0.020591,12.1846,1.66667e-05,1,0,0,0,0,5,5,5,5,5,5,5,0,0,5,5,1,0,0,0,0,5,0,5,0,5
52,340461476,1000,5,0.005,0.0453471,9.23508,1.66667e-05,1,0,0,0,0,5,5,5,5,5,5,5,0,0,5,5,1,0,0,0,0,5,0,5,0,5
53,340461476,1000,6,0.005,0.00645161,7.36634,1.66667e-05,1,0,0,0,0,5,5,5,5,5,5,6,1,0,6,5,1,0,0,0,0,6,0,6,0,6
54,340461476,1000,6,0.005,0.0141923,5.58315,1.66667e-05,1,0,0,0,0,5,5,5,5,5,5,6,1,0,6,5,1,0,0,0,0,6,0,6,0,6
55,340461476,1000,7,0.00499996,0.00202021,4.35046,1.66667e-05,1,0,0,0,0,5,5,5,5,5,5,7,2,0,7,5,1,0,0,0,0,7,0,7,0,7
56,340461476,1000,12,0.00499945,0.00444541,3.29735,1.66667e-05,1,0,0,0,0,5,5,5,5,5,5,12,7,0,12,5,1,0,0,0,0,12,0,12,0,12
57,340461476,1000,15,0.00499626,0.000633208,2.53703,1.66667e-05,1,0,0,0,0,5,5,5,5,5,5,15,10,0,15,5,1,0,0,0,0,15,0,15,0,15
58,340461476,1000,19,0.00498176,0.00139275,1.9229,1.66667e-05,1.05263,0,0,0,0,5,5,5,5,5,5,20,15,0,20,5,1,0,0,0,0,20,0,19,0,19
59,340461476,1000,25,0.00493743,0.000198107,1.46938,1.66667e-05,1.04,0,0,0,0,5,5,5,5,5,5,26,21,0,26,5,1,0,0,0,0,26,0,25,0,25
60,340461476,1000,29,0.00483005,0.000438705,1.1137,2e-05,1.03448,0,0,0,0,5,5,5,5,5,5,30,25,0,30,5,1,0,0,0,0,30,0,29,0,29
61,340461476,1000,35,0.00463159,6.50396e-05,0.847868,2e-05,1.02857,0,0,0,0,5,5,5,5,5,5,36,31,0,36,5,1,0,0,0,0,36,0,35,0,35
62,340461476,1000,41,0.00432131,0.000208535,0.642629,2.33333e-05,1.04878,0,0,0,0,5,5,5,5,5,5,43,38,0,43,5,1,0,0,0,0,43,0,41,0,41
63,340461476,1000,48,0.00391561,0.000180131,0.488252,4e-05,1.04167,0,0,0,0,5,5,5,5,5,5,50,45,0,50,5,1,0,0,0,0,50,0,48,0,48
64,340461476,1000,53,0.00344027,0.00144574,0.370056,5e-05,1.0566,0,0,0,0,5,5,5,5,5,5,56,51,0,56,5,1,0,0,0,0,56,0,53,0,53
65,340461476,1000,59,0.00294198,0.00293792,0.280842,6.66667e-05,1.0678,0,0,0,0,5,5,5,5,5,5,63,58,0,63,5,1,0,0,0,0,63,0,59,0,59
66,340461476,1000,65,0.00245395,0.0222892,0.212858,8.66667e-05,1.06154,0,0,0,0,5,5,5,5,5,5,69,64,0,69,5,1,0,0,0,0,69,0,65,0,65
67,340461476,1000,75,0.00200671,0.0458963,0.161452,0.0001,1.05333,0,0,0,0,5,5,5,5,5,5,79,74,0,79,5,1,0,0,0,0,79,0,75,0,75
68,340461476,1000,83,0.0016129,0.346839,0.122374,0.00012,1.06024,0,0,0,0,5,5,5,5,5,5,88,83,0,88,5,1,0,0,0,0,88,0,83,0,83
69,340461476,1000,94,0.00127938,0.713905,0.0927891,0.000143333,1.06383,0,0,0,0,5,5,5,5,5,5,100,95,0,100,5,1,0,0,0,0,100,0,94,0,94
70,340461476,1000,98,0.00100079,5.39704,0.0703259,0.000166667,1.07143,0,0,2,2,5,5,5,5,5,5,105,100,0,105,5,1,0,0,0,0,105,0,98,0,98
71,340461476,1000,108,0.000774154,10.777,0.0533132,0.000186667,1.07407,0,0,5,5,5,5,5,5,5,5,116,111,0,116,5,1,0,0,0,0,116,0,108,0,108
72,340461476,1000,117,0.000573583,64.3835,0.0404102,0.00021,1.07692,0,0,6,6,5,5,5,5,5,5,126,121,0,126,5,1,0,0,0,0,126,0,117,0,117
73,340461476,1000,123,0.000419297,111.858,0.0306328,0.00023,1.07317,0,0,12,12,5,5,5,5,5,5,132,127,0,132,5,1,0,0,0,0,132,0,123,0,123
74,340461476,1000,131,0.000293351,307.701,0.0232176,0.000263333,1.07634,0,0,18,18,5,5,5,5,5,5,141,136,0,141,5,1,0,0,0,0,141,0,131,0,131
75,340461476,1000,142,0.000217433,555.147,0.0176147,0.000293333,1.08451,0,0,18,21,5,5,5,5,5,5,154,149,0,154,5,1,0,0,0,0,154,0,142,0,142
76,340461476,1000,145,0.000162759,866.072,0.0133501,0.000333333,1.08966,0,0,22,25,5,5,5,5,5,5,158,153,0,158,5,1,0,0,0,0,158,0,145,0,145
77,340461476,1000,159,0.000124333,1505.6,0.0104792,0.00035,1.09434,0,0,28,31,5,5,5,5,5,5,174,169,0,174,5,1,0,0,0,0,174,0,159,0,159
78,340461476,1000,166,9.55456e-05,1619.11,0.0083821,0.000383333,1.10241,0,0,30,39,5,5,5,5,5,5,183,178,0,183,5,1,0,0,0,0,183,0,166,0,166
79,340461476,1000,172,8.22995e-05,2430,0.0128587,0.000416666,1.09884,0,0,37,46,5,5,5,5,5,5,189,184,0,189,5,1,0,0,0,0,189,0,172,0,172
80,340461476,1000,179,6.5502e-05,2585.04,0.0162507,0.000436666,1.10615,71,2,40,51,5,5,5,5,5,5,198,195,0,200,5,1,0,0,0,0,198,0,179,0,179
81,340461476,1000,191,0.000138612,3204.16,0.114215,0.000466666,1.11518,0,0,40,54,5,5,5,5,5,5,213,210,0,215,5,1,0,0,0,0,213,0,191,0,191
82,340461476,1000,192,0.000515718,3545.16,0.209587,0.000506666,1.11979,73,1,46,65,5,5,5,5,5,5,215,213,0,218,5,1,0,0,0,0,215,0,192,0,192
83,340461476,1000,202,0.00136268,3913.34,1.41045,0.00052,1.12871,0,0,49,71,5,5,5,5,5,5,228,226,0,231,5,1,0,0,0,0,228,0,202,0,202
84,340461476,1000,213,0.00368662,4435.69,2.72818,0.00057,1.12676,75,2,60,83,5,5,5,5,5,5,240,240,0,245,5,1,0,0,0,0,240,0,213,0,213
85,340461476,1000,219,0.00673193,4327.72,7.7733,0.000593333,1.12329,0,0,63,90,5,5,5,5,5,5,246,246,0,251,5,1,0,0,0,0,246,0,219,0,219
86,340461476,1000,228,0.0100145,5180.89,15.663,0.000613333,1.12719,0,0,72,99,5,5,5,5,5,5,257,257,0,262,5,1,0,0,0,0,257,0,228,0,228
87,340461476,1000,233,0.0147607,4784.55,27.203,0.000649999,1.12876,0,0,72,108,5,5,5,5,5,5,263,263,0,268,5,1,0,0,0,0,263,0,233,0,233
88,340461476,1000,235,0.0198062,5978.98,50.0452,0.000699999,1.13617,0,0,76,113,5,5,5,5,5,5,267,267,0,272,5,1,0,0,0,0,267,0,235,0,235
89,340461476,1000,242,0.023682,5374.4,65.5339,0.000709999,1.14463,0,0,74,120,5,5,5,5,5,5,277,277,0,282,5,1,0,0,0,0,277,0,242,0,242
90,340461476,1000,246,0.0296404,6634.79,97.6204,0.000753333,1.15041,0,0,87,124,5,5,5,5,5,5,283,283,0,288,5,1,0,0,0,0,283,0,246,0,246
91,340461476,1000,248,0.0354709,5764.82,121.172,0.000796666,1.15726,0,0,76,131,5,5,5,5,5,5,287,287,0,292,5,1,0,0,0,0,287,0,248,0,248
92,340461476,1000,251,0.0426582,6989.72,153.619,0.000816666,1.15936,0,0,89,134,5,5,5,5,5,5,291,291,0,296,5,1,0,0,0,0,291,0,251,0,251
93,340461476,1000,254,0.0479863,6000.84,183.279,0.000853333,1.16142,0,0,79,139,5,5,5,5,5,5,295,295,0,300,5,1,0,0,0,0,295,0,254,0,254
94,340461476,1000,257,0.0545246,7039.27,213.033,0.000873333,1.16732,0,0,96,144,5,5,5,5,5,5,300,300,0,305,5,1,0,0,0,0,300,0,257,0,257
95,340461476,1000,259,0.0613002,5961.72,247.814,0.000886666,1.16988,0,0,79,145,5,5,5,5,5,5,303,303,0,308,5,1,0,0,0,0,303,0,259,0,259
96,340461476,1000,261,0.0699878,7355.74,267.878,0.000919999,1.16858,0,0,96,147,5,5,5,5,5,5,305,305,0,310,5,1,0,0,0,0,305,0,261,0,261
97,340461476,1000,263,0.0784916,5739.14,306.133,0.000939999,1.1673,0,0,79,149,5,5,5,5,5,5,307,307,0,312,5,1,0,0,0,0,307,0,263,0,263
98,340461476,1000,264,0.0868471,7555.02,318.644,0.000949999,1.16667,0,0,95,150,5,5,5,5,5,5,308,308,0,313,5,1,0,0,0,0,308,0,264,0,264
99,340461476,1000,265,0.0944197,5716,361.54,0.000963333,1.16604,0,0,79,154,5,5,5,5,5,5,309,309,0,314,5,1,0,0,0,0,309,0,265,0,265
100,340461476,1000,266,0.103103,7447.04,370.848,0.000973332,1.16541,0,0,103,160,5,5,5,5,5,5,310,310,0,315,5,1,0,0,0,0,310,0,266,0,266
101,340461476,1000,268,0.111033,5868.81,414.955,0.000989999,1.16418,0,0,84,160,5,5,5,5,5,5,312,312,0,317,5,1,0,0,0,0,312,0,268,0,268
102,340461476,1000,275,0.118167,7527.11,418.079,0.000996666,1.18182,0,0,107,154,5,5,5,5,5,5,325,325,0,330,5,1,0,0,0,0,325,0,275,0,275
103,340461476,1000,287,0.12585,5969.34,458.55,0.00100333,1.18815,0,0,81,152,5,5,5,5,5,5,341,341,0,346,5,1,0,0,0,0,341,0,287,0,287
104,340461476,1000,295,0.135422,7652.64,456.708,0.00101,1.19661,0,0,91,144,5,5,5,5,5,5,353,353,0,358,5,1,0,0,0,0,353,0,295,0,295
105,340461476,1000,315,0.141696,6423.93,488.392,0.00101333,1.21905,0,0,75,148,5,5,5,5,5,5,384,384,0,389,5,1,0,0,0,0,384,0,315,0,315
106,340461476,1000,341,0.152288,7254.38,477.785,0.00101667,1.25513,0,0,90,147,5,5,5,5,5,5,428,428,0,433,5,1,0,0,0,0,428,0,341,0,341
107,340461476,1000,375,0.158115,6639.95,512.828,0.00102,1.272,0,0,74,145,5,5,5,5,5,5,477,477,0,482,5,1,0,0,0,0,477,0,375,0,375
108,340461476,1000,426,0.165402,6364.3,488.512,0.00102667,1.28873,0,0,84,143,5,5,5,5,5,5,549,549,0,554,5,1,0,0,0,0,549,0,426,0,426
109,340461476,1000,477,0.170532,6123.44,527.772,0.00106667,1.3522,0,0,66,139,5,5,5,5,5,5,645,644,1,650,5,1,0,0,0,0,645,0,477,0,477
110,340461476,1000,533,0.178194,5651.57,498.51,0.00111333,1.39587,0,0,70,128,7,6,7,6,7,6,744,742,2,749,5,1,0,0,0,0,744,0,533,0,533
111,340461476,1000,587,0.18259,5346.58,532.463,0.00115,1.48211,0,0,59,126,9,8,9,8,9,8,870,865,4,875,5,1,0,0,0,0,870,0,587,0,587
112,340461476,1000,655,0.190499,4878.42,506.403,0.00124333,1.55878,0,0,64,120,12,11,12,11,12,11,1021,1012,7,1026,5,1,0,0,0,0,1021,0,655,0,655
113,340461476,1000,717,0.196292,4414.83,539.196,0.00137,1.68898,0,0,56,113,26,14,26,14,26,14,1211,1192,12,1216,5,1,0,0,0,0,1211,0,717,0,717
114,340461476,1000,761,0.202482,3847.3,513.341,0.00152333,1.85545,0,0,50,109,38,14,38,14,38,14,1412,1379,21,1417,5,1,0,0,0,0,1412,0,761,0,761
115,340461476,1000,817,0.206725,3535.92,546.196,0.00174667,2.03305,0,0,48,104,41,14,41,14,41,14,1661,1622,27,1666,5,1,0,0,0,0,1661,0,817,0,817
116,340461476,1000,858,0.208258,2873.46,529.667,0.00201,2.24359,0,0,39,95,49,15,49,15,49,15,1925,1873,39,1930,5,1,0,0,0,0,1925,0,858,0,858
117,340461476,1000,901,0.208743,2701.21,547.019,0.00230466,2.47614,0,0,44,92,67,15,67,15,67,15,2231,2158,54,2236,5,1,0,0,0,0,2231,0,901,0,901
118,340461476,1000,925,0.210121,2180.31,541.221,0.00265333,2.78811,0,0,42,85,79,16,79,16,79,16,2579,2490,68,2584,5,1,0,0,0,0,2579,0,925,0,925
119,340461476,1000,947,0.20936,2114.75,533.631,0.00306333,3.09398,0,0,52,88,99,16,99,16,99,16,2930,2809,91,2935,5,1,0,0,0,0,2930,0,947,0,947
120,340461476,1000,957,0.207812,1976.05,524.655,0.00354933,3.46081,0,0,64,100,133,16,133,16,133,16,3312,3151,116,3317,5,1,0,0,0,0,3312,0,957,0,957
121,340461476,1000,975,0.20528,2367.53,506.688,0.004006,3.90359,0,0,91,118,160,17,160,17,160,17,3806,3600,149,3811,5,1,0,0,0,0,3806,0,975,0,975
122,340461476,1000,981,0.199152,2987.56,488.61,0.00460468,4.37003,0,0,115,151,185,18,185,18,185,18,4287,4029,188,4292,5,1,0,0,0,0,4287,0,981,0,981
123,340461476,1000,990,0.194035,4381.91,465.58,0.00522003,4.7899,0,0,148,186,212,18,212,18,212,18,4742,4450,214,4747,5,1,0,0,0,0,4742,0,990,0,990
124,340461476,1000,994,0.187447,6509.38,439.425,0.00587004,5.35111,0,0,208,242,251,19,251,19,251,19,5319,4974,253,5324,5,1,0,0,0,0,5319,0,994,0,994
125,340461476,1000,996,0.179656,8821.48,407.909,0.00654471,5.85341,69,1,265,307,274,22,274,22,274,22,5830,5441,286,5836,5,1,0,0,0,0,5830,0,996,0,996
126,340461476,1000,997,0.170902,13405.8,379.606,0.00717538,6.31896,70,2,326,371,296,22,296,22,296,22,6300,5870,320,6308,5,1,0,0,0,0,6300,0,997,0,997
127,340461476,1000,998,0.159075,17449.2,342.676,0.00781672,6.89579,68.5,4,381,446,328,23,328,23,328,23,6882,6393,371,6894,5,1,0,0,0,0,6882,0,998,0,998
128,340461476,1000,998,0.1469,23735.6,314.213,0.00854072,7.39579,72,2,453,524,352,23,352,23,352,23,7381,6841,415,7395,5,1,0,0,0,0,7381,0,998,0,998
129,340461476,1000,999,0.134083,30123.7,279.765,0.00919673,7.82182,72,4,503,597,387,27,387,27,387,27,7814,7225,456,7832,5,1,0,0,0,0,7814,0,999,0,999
130,340461476,1000,1000,0.126924,37146.7,254.078,0.00972874,8.295,71,2,567,659,409,28,409,28,409,28,8295,7654,501,8315,5,1,0,0,0,0,8295,0,1000,0,1000
131,340461476,1000,1000,0.119666,44700.3,229.712,0.0103461,8.673,69,4,622,728,421,28,421,28,421,28,8673,8001,528,8697,5,1,0,0,0,0,8673,0,1000,0,1000
132,340461476,1000,1000,0.117873,51768.1,219.347,0.0109041,8.966,60.5,4,690,789,447,33,447,33,447,33,8966,8261,557,8994,5,1,0,0,0,0,8966,0,1000,0,1000
133,340461476,1000,1000,0.11564,57902.2,220.741,0.0113514,9.229,72.5,8,732,843,457,35,457,35,457,35,9229,8498,581,9265,5,1,0,0,0,0,9229,0,1000,0,1000
134,340461476,1000,1000,0.122863,65988.3,248.165,0.0118961,9.447,73,7,782,881,472,35,472,35,472,35,9447,8698,597,9490,5,1,0,0,0,0,9447,0,1000,0,1000
135,340461476,1000,1000,0.132257,69420.7,309.413,0.0123087,9.589,65,3,797,908,480,38,480,38,480,38,9589,8833,603,9635,5,1,0,0,0,0,9589,0,1000,0,1000
136,340461476,1000,1000,0.155898,78636.5,393.144,0.0126454,9.719,68.4,10,850,940,489,39,489,39,489,39,9719,8954,610,9775,5,1,0,0,0,0,9719,0,1000,0,1000
137,340461476,1000,1000,0.184242,79836.1,550.711,0.0130514,9.815,70.3333,9,866,960,495,39,495,39,495,39,9815,9040,618,9880,5,1,0,0,0,0,9815,0,1000,0,1000
138,340461476,1000,1000,0.226376,86971.3,736.117,0.013356,9.867,71.3182,11,897,974,502,39,502,39,502,39,9867,9083,626,9943,5,1,0,0,0,0,9867,0,1000,0,1000
139,340461476,1000,1000,0.280151,86062.9,1003.68,0.0135447,9.909,71.75,8,884,981,504,39,504,39,504,39,9909,9123,628,9993,5,1,0,0,0,0,9909,0,1000,0,1000
140,340461476,1000,1000,0.341499,90398.3,1323.96,0.0137407,9.939,71,10,918,987,510,39,510,39,510,39,9939,9149,632,10033,5,1,0,0,0,0,9939,0,1000,0,1000
141,340461476,1000,1000,0.406135,88203.3,1700.77,0.01386,9.957,71.2857,7,882,989,511,39,511,39,511,39,9957,9165,634,10058,5,1,0,0,0,0,9957,0,1000,0,1000
142,340461476,1000,1000,0.476762,90142.1,2135.04,0.0139333,9.975,73,10,926,992,512,39,512,39,512,39,9975,9183,634,10086,5,1,0,0,0,0,9975,0,1000,0,1000
143,340461476,1000,1000,0.543346,85790.2,2597.72,0.014006,9.981,71.8182,11,905,992,512,39,512,39,512,39,9981,9189,634,10103,5,1,0,0,0,0,9981,0,1000,0,1000
144,340461476,1000,1000,0.60859,83973.6,3062.33,0.0140893,9.975,69.9333,15,913,991,513,39,513,39,513,39,9975,9183,634,10112,5,1,0,0,0,0,9975,0,1000,0,1000
145,340461476,1000,1000,0.678088,80043.2,3588.01,0.014142,9.98,67.6,10,899,991,514,39,514,39,514,39,9980,9188,634,10127,5,1,0,0,0,0,9980,0,1000,0,1000
146,340461476,1000,1000,0.73214,76735.7,4021.4,0.014172,9.979,64.6667,12,882,989,514,39,514,39,514,39,9979,9187,634,10138,5,1,0,0,0,0,9979,0,1000,0,1000
147,340461476,1000,1000,0.793147,72713.4,4568.95,0.014192,9.983,64.75,8,876,985,514,39,514,39,514,39,9983,9191,634,10150,5,1,0,0,0,0,9983,0,1000,0,1000
148,340461476,1000,1000,0.83114,69618.8,4962.67,0.0141987,9.978,69.9333,15,841,979,515,40,515,40,515,40,9978,9186,634,10160,5,1,0,0,0,0,9978,0,1000,0,1000
149,340461476,1000,1000,0.870893,64595.9,5448.77,0.0142107,9.984,61.4,5,830,975,516,40,516,40,516,40,9984,9192,634,10171,5,1,0,0,0,0,9984,0,1000,0,1000
150,340461476,1000,1000,0.895608,60404.4,5756.56,0.0142173,9.983,63.1111,18,780,964,516,40,516,40,516,40,9983,9191,634,10188,5,1,0,0,0,0,9983,0,1000,0,1000
151,340461476,1000,1000,0.92515,55517.6,6113.23,0.014222,9.984,62.1667,12,741,956,516,40,516,40,516,40,9984,9194,633,10201,5,1,0,0,0,0,9984,0,1000,0,1000
152,340461476,1000,1000,0.941361,50143.1,6307.24,0.0142287,9.977,52.2566,19,701,938,520,40,520,40,519,40,9977,9188,631,10213,5,1,0,0,0,0,9977,0,1000,0,1000
153,340461476,1000,1000,0.957364,44208.6,6529.82,0.0142353,9.973,57.6667,12,656,900,520,40,520,40,519,40,9973,9184,631,10221,5,1,0,0,0,0,9973,0,1000,0,1000
154,340461476,1000,1000,0.965108,38930.4,6587.78,0.0142387,9.974,62.1382,19,599,861,520,40,520,40,519,40,9974,9186,630,10241,5,1,0,0,0,0,9974,0,1000,0,1000
155,340461476,1000,1000,0.973022,32362.2,6617.67,0.014244,9.963,51.9444,27,542,823,520,40,520,40,519,40,9963,9177,628,10257,5,1,0,0,0,0,9963,0,1000,0,1000
156,340461476,1000,1000,0.974499,27805.9,6555.52,0.0142513,9.967,45.9635,24,493,780,523,40,523,40,520,40,9967,9183,627,10285,5,1,0,0,0,0,9967,0,1000,0,1000
157,340461476,1000,1000,0.979395,22151.4,6447.54,0.0142613,9.966,52.1429,28,407,719,524,40,524,40,521,40,9966,9186,624,10312,5,1,0,0,0,0,9966,0,1000,0,1000
158,340461476,1000,1000,0.980982,18640.8,6285.82,0.0142713,9.98,47.6625,20,362,660,526,40,526,40,523,40,9980,9200,624,10346,5,1,0,0,0,0,9980,0,1000,0,1000
159,340461476,1000,1000,0.983136,14535.1,6112.33,0.0142793,9.986,44.5625,24,302,605,530,40,530,40,527,40,9986,9207,623,10376,5,1,0,0,0,0,9986,0,1000,0,1000
160,340461476,1000,1000,0.984989,11845.3,5875.42,0.0142827,9.986,52.3448,29,259,535,537,41,537,41,534,41,9986,9208,622,10405,5,1,0,0,0,0,9986,0,1000,0,1000
161,340461476,1000,1000,0.985568,8973.72,5622.94,0.0142913,9.987,44.7683,41,198,468,543,41,543,41,539,41,9987,9209,623,10447,5,1,0,0,0,0,9987,0,1000,0,1000
162,340461476,1000,1000,0.986488,6979.17,5336.97,0.0143047,9.989,44.3716,37,173,402,550,42,550,42,545,42,9989,9213,622,10486,5,1,0,0,0,0,9989,0,1000,0,1000
163,340461476,1000,1000,0.986993,5180.94,5017.81,0.014322,9.991,43.2417,30,111,324,555,44,555,44,550,44,9991,9218,619,10518,5,1,0,0,0,0,9991,0,1000,0,1000
164,340461476,1000,1000,0.987637,3801.56,4662.04,0.0143287,9.997,44.8092,38,107,246,564,46,564,46,558,46,9997,9229,614,10562,5,1,0,0,0,0,9997,0,1000,0,1000
165,340461476,1000,1000,0.989038,2978.9,4296.3,0.0143453,9.996,44.9357,35,72,204,576,47,576,47,568,47,9996,9233,610,10596,5,1,0,0,0,0,9996,0,1000,0,1000
166,340461476,1000,1000,0.989286,2151.52,3883.51,0.0143607,9.993,42.7444,45,54,159,589,49,589,49,580,49,9993,9235,607,10638,5,1,0,0,0,0,9993,0,1000,0,1000
167,340461476,1000,1000,0.987752,1865.32,3494.06,0.0143633,9.989,43.3025,50,52,120,607,50,607,50,596,50,9989,9239,600,10684,5,1,0,0,0,0,9989,0,1000,0,1000
168,340461476,1000,1000,0.984623,1424.94,3078.14,0.0143867,9.989,45.6696,56,43,99,625,51,625,51,614,51,9989,9242,597,10740,5,1,0,0,0,0,9989,0,1000,0,1000
169,340461476,1000,1000,0.980011,1383.91,2703.64,0.0143933,9.99,45.14,50,39,81,648,51,648,51,635,51,9990,9253,589,10791,5,1,0,0,0,0,9990,0,1000,0,1000
170,340461476,1000,1000,0.973435,1201.48,2332.22,0.0144067,9.993,47.0333,60,27,69,671,51,671,51,657,51,9993,9260,585,10854,5,1,0,0,0,0,9993,0,1000,0,1000
171,340461476,1000,1000,0.965943,1347.13,2003.64,0.0144173,9.99,47.5038,65,30,66,706,52,706,52,690,52,9990,9266,577,10916,5,1,0,0,0,0,9990,0,1000,0,1000
172,340461476,1000,1000,0.953143,1217.23,1694.48,0.014426,9.99,51.5526,76,23,51,747,52,747,52,729,52,9990,9271,573,10992,5,1,0,0,0,0,9990,0,1000,0,1000
173,340461476,1000,1000,0.938806,1453.84,1423.71,0.0144307,9.982,51.7266,96,31,48,791,53,791,53,773,53,9982,9270,568,11080,5,1,0,0,0,0,9982,0,1000,0,1000
174,340461476,1000,1000,0.917526,1297.08,1181.72,0.014446,9.978,53.7202,105,27,44,848,54,848,54,829,54,9978,9269,566,11181,5,1,0,0,0,0,9978,0,1000,0,1000
175,340461476,1000,1000,0.896482,1595.73,970.588,0.01445,9.984,56.7451,127,30,46,933,56,933,56,912,56,9984,9274,568,11314,5,1,0,0,0,0,9984,0,1000,0,1000
176,340461476,1000,1000,0.866381,1488.32,795.517,0.0144673,9.977,58.3552,120,26,47,996,60,996,60,974,60,9977,9265,571,11427,5,1,0,0,0,0,9977,0,1000,0,1000
177,340461476,1000,1000,0.836196,1856.6,644.359,0.0144787,9.976,57.5988,167,34,48,1085,62,1085,62,1059,62,9976,9258,582,11593,5,1,0,0,0,0,9976,0,1000,0,1000
178,340461476,1000,1000,0.795307,1665.06,526.034,0.0145133,9.977,59.2493,179,28,48,1201,65,1201,65,1169,65,9977,9250,591,11773,5,1,0,0,0,0,9977,0,1000,0,1000
179,340461476,1000,1000,0.756775,1935.68,425.517,0.014536,9.961,59.8798,209,36,51,1323,66,1323,66,1284,66,9961,9230,598,11966,5,1,0,0,0,0,9961,0,1000,0,1000
180,340461476,1000,1000,0.707595,1991.44,350.025,0.014566,9.943,61.4984,229,32,53,1462,67,1462,67,1415,67,9943,9202,609,12177,5,1,0,0,0,0,9943,0,1000,0,1000
181,340461476,1000,1000,0.662056,1753.17,287.614,0.0145933,9.958,62.4689,229,37,53,1624,70,1624,70,1569,70,9958,9203,624,12421,5,1,0,0,0,0,9958,0,1000,0,1000
182,340461476,1000,1000,0.607439,2373.64,244.626,0.0146233,9.956,62.5153,262,31,53,1789,71,1789,71,1727,71,9956,9182,644,12681,5,1,0,0,0,0,9956,0,1000,0,1000
183,340461476,1000,1000,0.554033,1513.54,207.434,0.0146606,9.94,63.1067,287,32,56,1973,72,1973,72,1902,72,9940,9152,661,12952,5,1,0,0,0,0,9940,0,1000,0,1000
184,340461476,1000,1000,0.497517,2480.81,186.202,0.014714,9.917,64.2417,318,38,59,2148,72,2148,72,2073,72,9917,9131,667,13247,5,1,0,0,0,0,9917,0,1000,0,1000
185,340461476,1000,1000,0.444443,1379.28,164.402,0.01476,9.93,64.5871,317,34,57,2346,73,2346,73,2264,73,9930,9130,684,13577,5,1,0,0,0,0,9930,0,1000,0,1000
186,340461476,1000,1000,0.392004,2248.15,156.34,0.0147953,9.934,65.2351,318,44,66,2548,73,2548,73,2450,73,9934,9129,697,13899,5,1,0,0,0,0,9934,0,1000,0,1000
187,340461476,1000,1000,0.342732,1338.93,145.096,0.014852,9.93,65.3061,363,38,66,2755,73,2755,73,2633,73,9930,9115,708,14258,5,1,0,0,0,0,9930,0,1000,0,1000
188,340461476,1000,1000,0.297019,2120.08,147.034,0.0149173,9.932,66.2163,341,55,76,2946,73,2946,73,2802,73,9932,9111,718,14601,5,1,0,0,0,0,9932,0,1000,0,1000
189,340461476,1000,1000,0.256219,1444.98,141.246,0.0149633,9.921,65.8718,355,48,77,3149,73,3149,73,2988,73,9921,9085,733,14945,5,1,0,0,0,0,9921,0,1000,0,1000
190,340461476,1000,1000,0.222353,2474.14,145.188,0.0150313,9.909,66.3671,346,65,85,3341,73,3341,73,3168,73,9909,9054,751,15279,5,1,0,0,0,0,9909,0,1000,0,1000
191,340461476,1000,1000,0.19262,1924.42,148.266,0.0151266,9.936,65.89,308,57,92,3526,73,3526,73,3340,73,9936,9056,776,15614,5,1,0,0,0,0,9936,0,1000,0,1000
192,340461476,1000,1000,0.169619,3386.21,143.708,0.0152146,9.924,66.745,301,84,106,3673,74,3673,74,3471,74,9924,9024,797,15903,5,1,0,0,0,0,9924,0,1000,0,1000
193,340461476,1000,1000,0.147772,2843.08,158.579,0.0153013,9.935,66.9755,311,71,114,3843,75,3843,75,3624,75,9935,9022,813,16225,5,1,0,0,0,0,9935,0,1000,0,1000
194,340461476,1000,1000,0.132363,4344.34,143.315,0.0153879,9.924,67.0583,296,105,129,4001,75,4001,75,3765,75,9924,8999,825,16510,5,1,0,0,0,0,9924,0,1000,0,1000
195,340461476,1000,1000,0.11715,3959.01,163.122,0.0154746,9.93,67.2971,271,102,147,4152,75,4152,75,3897,75,9930,8998,834,16787,5,1,0,0,0,0,9930,0,1000,0,1000
196,340461476,1000,1000,0.108371,5322.3,143.491,0.0155346,9.944,68.2687,241,123,159,4280,75,4280,75,4018,75,9944,8998,850,17042,5,1,0,0,0,0,9944,0,1000,0,1000
197,340461476,1000,1000,0.100299,5228.73,158.113,0.0156079,9.937,67.7133,225,122,179,4396,75,4396,75,4124,75,9937,8981,858,17260,5,1,0,0,0,0,9937,0,1000,0,1000
198,340461476,1000,1000,0.0974744,6451.09,140.268,0.0156613,9.942,69.3332,227,169,206,4507,75,4507,75,4225,75,9942,8985,865,17492,5,1,0,0,0,0,9942,0,1000,0,1000
199,340461476,1000,1000,0.0936239,6580.47,151.838,0.0157126,9.943,69.4669,223,144,214,4615,75,4615,75,4320,75,9943,8982,873,17716,5,1,0,0,0,0,9943,0,1000,0,1000
200,340461476,1000,1000,0.0949285,7537.56,137.583,0.0157679,9.934,69.2164,186,188,241,4710,75,4710,75,4406,75,9934,8972,876,17893,5,1,0,0,0,0,9934,0,1000,0,1000
201,340461476,1000,1000,0.0957361,7904.74,156.342,0.0158139,9.942,68.1806,173,190,268,4795,76,4795,76,4480,76,9942,8975,880,18074,5,1,0,0,0,0,9942,0,1000,0,1000
202,340461476,1000,1000,0.0998021,8964.12,148.442,0.0158673,9.95,67.7324,149,231,295,4870,76,4870,76,4543,76,9950,8984,881,18231,5,1,0,0,0,0,9950,0,1000,0,1000
203,340461476,1000,1000,0.103296,9278.04,182.956,0.0159246,9.952,67.435,127,223,316,4923,76,4923,76,4579,76,9952,8996,872,18360,5,1,0,0,0,0,9952,0,1000,0,1000
204,340461476,1000,1000,0.109829,10745.3,185.166,0.0159613,9.944,67.3733,151,248,331,4988,76,4988,76,4632,76,9944,8989,870,18503,5,1,0,0,0,0,9944,0,1000,0,1000
205,340461476,1000,1000,0.119411,11170.9,228.973,0.0159866,9.959,67.0165,129,250,349,5050,76,5050,76,4673,76,9959,9001,874,18647,5,1,0,0,0,0,9959,0,1000,0,1000
206,340461476,1000,1000,0.130559,12845.8,242.504,0.0160273,9.956,69.1535,101,262,352,5097,76,5097,76,4712,76,9956,9001,872,18745,5,1,0,0,0,0,9956,0,1000,0,1000
207,340461476,1000,1000,0.144395,12922.1,289.587,0.0160479,9.952,65.1703,116,247,363,5152,76,5152,76,4746,76,9952,9002,869,18857,5,1,0,0,0,0,9952,0,1000,0,1000
208,340461476,1000,1000,0.155867,13831.4,313.783,0.0160686,9.945,64.6318,111,265,370,5204,76,5204,76,4782,76,9945,9001,865,18961,5,1,0,0,0,0,9945,0,1000,0,1000
209,340461476,1000,1000,0.174062,13727.5,364.008,0.0160906,9.928,64.9699,108,263,382,5237,77,5237,77,4797,77,9928,8986,864,19052,5,1,0,0,0,0,9928,0,1000,0,1000
210,340461476,1000,1000,0.187709,13124.9,397.469,0.0160986,9.925,65.351,125,261,388,5274,77,5274,77,4805,77,9925,8991,859,19174,5,1,0,0,0,0,9925,0,1000,0,1000
211,340461476,1000,1000,0.209825,13432,446.462,0.0161259,9.918,60.7993,104,265,382,5316,77,5316,77,4822,77,9918,8991,852,19271,5,1,0,0,0,0,9918,0,1000,0,1000
212,340461476,1000,1000,0.222845,11523.1,486.528,0.0161606,9.915,60.9777,101,254,382,5347,77,5347,77,4831,77,9915,8988,853,19369,5,1,0,0,0,0,9915,0,1000,0,1000
213,340461476,1000,1000,0.24349,12210.7,540.999,0.0161733,9.893,65.6585,127,258,377,5377,78,5377,78,4826,78,9893,8970,852,19474,5,1,0,0,0,0,9893,0,1000,0,1000
214,340461476,1000,1000,0.265051,10164.4,583.083,0.0161873,9.887,61.3286,97,242,378,5408,78,5408,78,4828,78,9887,8967,851,19565,5,1,0,0,0,0,9887,0,1000,0,1000
215,340461476,1000,1000,0.291335,10619.7,649.566,0.0161939,9.878,51.8704,109,240,371,5438,78,5438,78,4821,78,9878,8970,840,19665,5,1,0,0,0,0,9878,0,1000,0,1000
216,340461476,1000,1000,0.315903,9531.7,699.656,0.0162079,9.878,56.6452,93,225,361,5471,78,5471,78,4820,78,9878,8970,840,19758,5,1,0,0,0,0,9878,0,1000,0,1000
217,340461476,1000,1000,0.336216,9488.29,778.936,0.0162266,9.868,60.0703,112,208,352,5501,78,5501,78,4817,78,9868,8969,832,19860,5,1,0,0,0,0,9868,0,1000,0,1000
218,340461476,1000,1000,0.353562,8924.6,832.706,0.0162366,9.857,53.1696,115,179,326,5531,78,5531,78,4808,78,9857,8962,828,19964,5,1,0,0,0,0,9857,0,1000,0,1000
219,340461476,1000,1000,0.37096,8208.33,898.961,0.0162459,9.826,52.2784,141,169,310,5555,78,5555,78,4777,78,9826,8936,823,20074,5,1,0,0,0,0,9826,0,1000,0,1000
220,340461476,1000,1000,0.384089,7692.89,944.242,0.0162659,9.792,58.04,150,158,287,5577,78,5577,78,4744,78,9792,8915,810,20190,5,1,0,0,0,0,9792,0,1000,0,1000
221,340461476,1000,1000,0.393842,6531.82,965.438,0.0162759,9.779,54.3216,124,147,275,5594,78,5594,78,4711,78,9779,8910,803,20301,5,1,0,0,0,0,9779,0,1000,0,1000
222,340461476,1000,1000,0.405738,6056.48,997.321,0.0162859,9.748,55.4848,164,143,259,5622,78,5622,78,4667,77,9748,8900,786,20434,5,1,0,0,0,0,9748,0,1000,0,1000
223,340461476,1000,1000,0.412932,5154.26,970,0.0162953,9.703,54.7312,186,134,235,5653,79,5653,79,4614,78,9703,8868,774,20575,5,1,0,0,0,0,9703,0,1000,0,1000
224,340461476,1000,1000,0.42229,4727.59,980.692,0.0163106,9.729,52.3803,141,125,225,5676,79,5676,79,4575,78,9729,8906,764,20742,5,1,0,0,0,0,9729,0,1000,0,1000
225,340461476,1000,1000,0.426102,4333.41,931.432,0.0163139,9.731,52.9586,157,118,216,5689,79,5689,79,4526,78,9731,8917,756,20901,5,1,0,0,0,0,9731,0,1000,0,1000
226,340461476,1000,1000,0.432674,4241.95,917.201,0.0163299,9.724,53.1856,196,110,203,5725,79,5725,79,4471,78,9724,8924,747,21090,5,1,0,0,0,0,9724,0,1000,0,1000
227,340461476,1000,1000,0.437206,3865.61,875.241,0.0163399,9.681,52.5321,230,93,193,5739,79,5739,79,4373,78,9681,8913,719,21277,5,1,0,0,0,0,9681,0,1000,0,1000
228,340461476,1000,1000,0.43851,3909.18,848.112,0.0163586,9.682,52.4692,207,86,174,5764,79,5764,79,4292,78,9682,8936,698,21485,5,1,0,0,0,0,9682,0,1000,0,1000
229,340461476,1000,1000,0.438725,3356.89,814.947,0.0163713,9.703,52.1313,179,79,165,5779,81,5779,81,4221,80,9703,8971,686,21685,5,1,0,0,0,0,9703,0,1000,0,1000
230,340461476,1000,1000,0.436127,3361.33,776.023,0.0163806,9.733,54.5694,200,82,155,5806,81,5806,81,4142,80,9733,9007,680,21915,5,1,0,0,0,0,9733,0,1000,0,1000
231,340461476,1000,1000,0.432534,2876.54,739.452,0.0163933,9.761,55.0244,200,71,145,5832,81,5832,81,4061,80,9761,9043,671,22143,5,1,0,0,0,0,9761,0,1000,0,1000
232,340461476,1000,1000,0.428254,2776.99,685.539,0.0163993,9.768,53.5856,216,73,134,5862,82,5862,82,3996,81,9768,9064,661,22366,5,1,0,0,0,0,9768,0,1000,0,1000
233,340461476,1000,1000,0.42432,2434.03,639.483,0.0164219,9.79,53.5227,231,61,130,5893,83,5893,83,3904,82,9790,9107,643,22619,5,1,0,0,0,0,9790,0,1000,0,1000
234,340461476,1000,1000,0.422405,2513.52,583.73,0.0164353,9.8,55.1417,232,69,126,5941,83,5941,83,3836,82,9800,9128,633,22861,5,1,0,0,0,0,9800,0,1000,0,1000
235,340461476,1000,1000,0.414603,2140.73,534.885,0.0164433,9.851,56.8737,197,57,115,5988,83,5988,83,3790,82,9851,9174,639,23109,5,1,0,0,0,0,9851,0,1000,0,1000
236,340461476,1000,1000,0.40747,2380.63,489.028,0.0164606,9.84,53.968,238,62,113,6027,83,6027,83,3709,82,9840,9169,633,23336,5,1,0,0,0,0,9840,0,1000,0,1000
237,340461476,1000,1000,0.394377,1952.07,453.228,0.0164753,9.845,53.4109,202,56,109,6068,84,6068,84,3649,83,9845,9175,632,23543,5,1,0,0,0,0,9845,0,1000,0,1000
238,340461476,1000,1000,0.38087,2320.04,416.804,0.0164873,9.845,56.4087,263,59,108,6121,86,6121,86,3587,85,9845,9194,613,23806,5,1,0,0,0,0,9845,0,1000,0,1000
239,340461476,1000,1000,0.368663,1813.97,393.435,0.0164966,9.868,56.3292,183,56,104,6160,86,6160,86,3544,85,9868,9225,605,24012,5,1,0,0,0,0,9868,0,1000,0,1000
240,340461476,1000,1000,0.353276,2366.09,361.358,0.0165052,9.861,55.8855,238,57,99,6212,86,6212,86,3473,85,9861,9228,596,24243,5,1,0,0,0,0,9861,0,1000,0,1000
241,340461476,1000,1000,0.339249,1816.74,340.753,0.0165232,9.875,56.0219,217,50,96,6257,86,6257,86,3409,85,9875,9268,571,24474,5,1,0,0,0,0,9875,0,1000,0,1000
242,340461476,1000,1000,0.324705,2472.84,312.819,0.0165372,9.894,57.0876,224,59,101,6320,89,6320,89,3368,88,9894,9286,566,24717,5,1,0,0,0,0,9894,0,1000,0,1000
243,340461476,1000,1000,0.309613,1987.56,291.904,0.0165486,9.882,56.4936,215,58,98,6384,89,6384,89,3332,88,9882,9272,567,24920,5,1,0,0,0,0,9882,0,1000,0,1000
244,340461476,1000,1000,0.294247,2439.48,267.186,0.0165572,9.895,56.4481,200,68,96,6443,90,6443,90,3298,89,9895,9284,568,25133,5,1,0,0,0,0,9895,0,1000,0,1000
245,340461476,1000,1000,0.278826,2223.79,252.366,0.0165652,9.886,57.7271,229,62,106,6494,92,6494,92,3240,91,9886,9284,559,25353,5,1,0,0,0,0,9886,0,1000,0,1000
246,340461476,1000,1000,0.266914,2387.09,230.675,0.0165772,9.89,60.994,207,68,107,6565,92,6565,92,3217,91,9890,9287,561,25564,5,1,0,0,0,0,9890,0,1000,0,1000
247,340461476,1000,1000,0.251144,2540.94,222.813,0.0165859,9.889,59.3387,217,65,110,6614,92,6614,92,3167,91,9889,9294,554,25780,5,1,0,0,0,0,9889,0,1000,0,1000
248,340461476,1000,1000,0.238959,2443.89,203.934,0.0165899,9.896,59.4839,241,66,112,6681,93,6681,93,3127,92,9896,9303,549,26028,5,1,0,0,0,0,9896,0,1000,0,1000
249,340461476,1000,1000,0.225726,2668.23,201.937,0.0165959,9.891,59.3905,209,70,114,6728,93,6728,93,3089,92,9891,9294,553,26232,5,1,0,0,0,0,9891,0,1000,0,1000
250,340461476,1000,1000,0.217133,2505.61,184.816,0.0165992,9.911,59.3236,202,66,111,6802,93,6802,93,3083,92,9911,9317,550,26454,5,1,0,0,0,0,9911,0,1000,0,1000
251,340461476,1000,1000,0.207108,2635.32,188.962,0.0166066,9.913,59.2237,190,70,116,6859,94,6859,94,3058,93,9913,9318,551,26646,5,1,0,0,0,0,9913,0,1000,0,1000
252,340461476,1000,1000,0.199781,2465.28,174.041,0.0166112,9.897,60.674,194,67,118,6899,94,6899,94,3017,93,9897,9306,548,26824,5,1,0,0,0,0,9897,0,1000,0,1000
253,340461476,1000,1000,0.189868,2595.69,183.156,0.0166152,9.907,59.25,192,74,123,6952,94,6952,94,3001,93,9907,9319,545,27026,5,1,0,0,0,0,9907,0,1000,0,1000
254,340461476,1000,1000,0.182816,2332.96,173.346,0.0166186,9.921,57.9164,175,66,116,7002,94,7002,94,2978,94,9921,9333,545,27215,5,1,0,0,0,0,9921,0,1000,0,1000
255,340461476,1000,1000,0.177808,2613.25,180.676,0.0166239,9.912,60.5167,187,70,120,7054,94,7054,94,2964,94,9912,9324,545,27393,5,1,0,0,0,0,9912,0,1000,0,1000
256,340461476,1000,1000,0.172937,2166.97,177.927,0.0166259,9.918,62.0647,172,62,124,7097,94,7097,94,2932,94,9918,9334,543,27571,5,1,0,0,0,0,9918,0,1000,0,1000
257,340461476,1000,1000,0.170388,2510.02,180.734,0.0166279,9.908,59.6886,171,71,114,7150,94,7150,94,2929,94,9908,9324,543,27732,5,1,0,0,0,0,9908,0,1000,0,1000
258,340461476,1000,1000,0.166565,1971.08,186.252,0.0166299,9.903,59.1579,167,56,109,7188,95,7188,95,2898,95,9903,9323,538,27894,5,1,0,0,0,0,9903,0,1000,0,1000
259,340461476,1000,1000,0.167284,2201.65,186.836,0.0166332,9.914,59.4927,171,63,102,7227,96,7227,96,2874,96,9914,9330,543,28076,5,1,0,0,0,0,9914,0,1000,0,1000
260,340461476,1000,1000,0.163512,1807.28,193.944,0.0166339,9.906,57.6362,178,52,97,7276,96,7276,96,2865,96,9906,9322,544,28246,5,1,0,0,0,0,9906,0,1000,0,1000
261,340461476,1000,1000,0.1653,1944.26,194.025,0.0166339,9.899,59.3434,182,55,94,7312,97,7312,97,2847,97,9899,9312,545,28421,5,1,0,0,0,0,9899,0,1000,0,1000
262,340461476,1000,1000,0.161792,1569.11,198.659,0.0166339,9.909,56.4463,142,40,88,7346,97,7346,97,2836,97,9909,9317,549,28573,5,1,0,0,0,0,9909,0,1000,0,1000
263,340461476,1000,1000,0.164112,1689.5,197.137,0.0166366,9.905,54.9494,158,46,83,7384,98,7384,98,2829,98,9905,9311,552,28727,5,1,0,0,0,0,9905,0,1000,0,1000
264,340461476,1000,1000,0.162188,1276.47,200.415,0.0166366,9.904,58.8219,146,38,76,7416,98,7416,98,2817,98,9904,9313,550,28872,5,1,0,0,0,0,9904,0,1000,0,1000
265,340461476,1000,1000,0.165363,1424.4,195.194,0.0166372,9.892,56.0663,147,42,74,7443,98,7443,98,2795,98,9892,9302,549,29007,5,1,0,0,0,0,9892,0,1000,0,1000
266,340461476,1000,1000,0.163082,1009.72,200.322,0.0166372,9.915,52.9274,105,36,68,7464,98,7464,98,2794,98,9915,9327,547,29135,5,1,0,0,0,0,9915,0,1000,0,1000
267,340461476,1000,1000,0.164063,1135.6,190.87,0.0166399,9.9,54.3246,134,34,65,7476,98,7476,98,2774,98,9900,9312,547,29254,5,1,0,0,0,0,9900,0,1000,0,1000
268,340461476,1000,1000,0.16065,778.828,196.121,0.0166426,9.88,56.8802,143,25,59,7502,98,7502,98,2767,98,9880,9296,544,29377,5,1,0,0,0,0,9880,0,1000,0,1000
269,340461476,1000,1000,0.162012,920.94,184.115,0.0166439,9.898,55.624,123,32,55,7525,98,7525,98,2755,98,9898,9313,545,29518,5,1,0,0,0,0,9898,0,1000,0,1000
270,340461476,1000,1000,0.157907,612.833,184.271,0.0166452,9.908,54.1983,116,20,50,7547,98,7547,98,2754,98,9908,9321,548,29644,5,1,0,0,0,0,9908,0,1000,0,1000
271,340461476,1000,1000,0.157805,754.573,172.876,0.0166459,9.869,52.1042,162,23,43,7570,98,7570,98,2740,98,9869,9290,541,29767,5,1,0,0,0,0,9869,0,1000,0,1000
272,340461476,1000,1000,0.154253,514.66,170.163,0.0166466,9.877,52.649,120,12,38,7590,99,7590,99,2737,99,9877,9301,538,29895,5,1,0,0,0,0,9877,0,1000,0,1000
273,340461476,1000,1000,0.154113,626.845,157.804,0.0166492,9.873,52.504,125,19,31,7609,99,7609,99,2724,99,9873,9301,536,30016,5,1,0,0,0,0,9873,0,1000,0,1000
274,340461476,1000,1000,0.150142,413.096,154.078,0.0166492,9.857,55.1278,135,13,31,7629,99,7629,99,2713,99,9857,9292,530,30135,5,1,0,0,0,0,9857,0,1000,0,1000
275,340461476,1000,1000,0.147959,470.353,139.849,0.0166492,9.869,51.1341,124,16,30,7647,99,7647,99,2699,99,9869,9308,526,30271,5,1,0,0,0,0,9869,0,1000,0,1000
276,340461476,1000,1000,0.142654,279.533,135.519,0.0166499,9.85,52.6759,140,8,25,7664,99,7664,99,2683,99,9850,9291,523,30392,5,1,0,0,0,0,9850,0,1000,0,1000
277,340461476,1000,1000,0.138931,367.24,120.654,0.0166499,9.847,51.0951,134,13,25,7679,99,7679,99,2666,99,9847,9296,516,30523,5,1,0,0,0,0,9847,0,1000,0,1000
278,340461476,1000,1000,0.133646,174.384,115.126,0.0166512,9.83,54.1543,145,7,21,7697,99,7697,99,2654,99,9830,9279,516,30651,5,1,0,0,0,0,9830,0,1000,0,1000
279,340461476,1000,1000,0.129532,295.594,100.924,0.0166519,9.833,52.8897,153,9,21,7724,99,7724,99,2644,99,9833,9287,510,30807,5,1,0,0,0,0,9833,0,1000,0,1000
280,340461476,1000,1000,0.123347,119.773,95.9178,0.0166532,9.825,52.2622,164,6,16,7745,99,7745,99,2626,99,9825,9275,513,30963,5,1,0,0,0,0,9825,0,1000,0,1000
281,340461476,1000,1000,0.117544,259.182,83.1783,0.0166532,9.829,50.9812,146,9,13,7770,99,7770,99,2614,99,9829,9285,507,31113,5,1,0,0,0,0,9829,0,1000,0,1000
282,340461476,1000,1000,0.110153,128.896,78.9726,0.0166532,9.826,50.7136,165,7,14,7788,99,7788,99,2594,99,9826,9284,505,31275,5,1,0,0,0,0,9826,0,1000,0,1000
283,340461476,1000,1000,0.103895,263.419,68.6839,0.0166532,9.83,53.5879,145,7,12,7807,99,7807,99,2583,99,9830,9284,509,31424,5,1,0,0,0,0,9830,0,1000,0,1000
284,340461476,1000,1000,0.097579,177.464,65.3099,0.0166539,9.824,52.0578,158,5,10,7819,99,7819,99,2557,99,9824,9287,500,31576,5,1,0,0,0,0,9824,0,1000,0,1000
285,340461476,1000,1000,0.0906057,255.332,56.6734,0.0166539,9.812,51.8199,170,6,10,7836,100,7836,100,2539,100,9812,9272,501,31734,5,1,0,0,0,0,9812,0,1000,0,1000
286,340461476,1000,1000,0.0850783,183.856,52.9444,0.0166539,9.802,53.3015,148,3,8,7848,100,7848,100,2517,100,9802,9259,503,31872,5,1,0,0,0,0,9802,0,1000,0,1000
287,340461476,1000,1000,0.078852,219.168,44.8101,0.0166539,9.771,54.6723,198,7,9,7867,100,7867,100,2498,100,9771,9235,496,32039,5,1,0,0,0,0,9771,0,1000,0,1000
288,340461476,1000,1000,0.0732325,147.839,42.0114,0.0166546,9.733,54.7145,183,3,9,7883,100,7883,100,2482,100,9733,9201,494,32184,5,1,0,0,0,0,9733,0,1000,0,1000
289,340461476,1000,1000,0.0673628,145.382,34.2809,0.0166546,9.727,55.4139,183,7,8,7904,101,7904,101,2461,100,9727,9202,487,32361,5,1,0,0,0,0,9727,0,1000,0,1000
290,340461476,1000,1000,0.062014,118.576,32.7322,0.0166546,9.73,53.6188,203,7,9,7934,101,7934,101,2444,101,9730,9200,490,32567,5,1,0,0,0,0,9730,0,1000,0,1000
291,340461476,1000,1000,0.0566702,94.0419,26.1442,0.0166546,9.723,54.4058,191,8,10,7954,101,7954,101,2410,101,9723,9197,486,32751,5,1,0,0,0,0,9723,0,1000,0,1000
292,340461476,1000,1000,0.0528979,149.04,25.743,0.0166566,9.726,56.0173,181,7,10,7976,101,7976,101,2383,99,9726,9207,481,32935,5,1,0,0,0,0,9726,0,1000,0,1000
293,340461476,1000,1000,0.0480333,87.1967,21.0615,0.0166566,9.71,55.2619,231,4,10,8005,101,8005,101,2357,99,9710,9200,472,33150,5,1,0,0,0,0,9710,0,1000,0,1000
294,340461476,1000,1000,0.0466194,183.009,21.7535,0.0166566,9.708,56.1402,197,7,10,8034,101,8034,101,2340,99,9708,9203,467,33345,5,1,0,0,0,0,9708,0,1000,0,1000
295,340461476,1000,1000,0.0412484,82.6187,19.2642,0.0166566,9.727,56.3531,188,1,9,8063,101,8063,101,2329,98,9727,9226,463,33552,5,1,0,0,0,0,9727,0,1000,0,1000
296,340461476,1000,1000,0.0399931,163.795,19.9766,0.0166566,9.712,57.6815,199,5,7,8088,101,8088,101,2319,98,9712,9217,456,33736,5,1,0,0,0,0,9712,0,1000,0,1000
297,340461476,1000,1000,0.0350283,57.525,18.2668,0.0166573,9.714,56.0373,191,1,7,8115,101,8115,101,2309,98,9714,9215,458,33929,5,1,0,0,0,0,9714,0,1000,0,1000
298,340461476,1000,1000,0.0328026,108.459,18.4607,0.0166573,9.69,57.5518,198,5,8,8135,101,8135,101,2283,98,9690,9197,452,34103,5,1,0,0,0,0,9690,0,1000,0,1000
299,340461476,1000,1000,0.0288586,32.0542,16.5963,0.0166573,9.687,57.1171,205,2,7,8178,101,8178,101,2269,97,9687,9189,459,34305,5,1,0,0,0,0,9687,0,1000,0,1000
300,340461476,1000,1000,0.0266745,72.0485,15.5756,0.0166573,9.666,57.3999,211,4,7,8206,102,8206,102,2249,97,9666,9175,454,34495,5,1,0,0,0,0,9666,0,1000,0,1000
301,340461476,1000,1000,0.0240831,20.5925,14.0395,0.0166573,9.649,57.4435,210,0,6,8233,102,8233,102,2225,97,9649,9155,455,34688,5,1,0,0,0,0,9649,0,1000,0,1000
302,340461476,1000,1000,0.0228883,67.8889,12.2705,0.0166573,9.626,57.6861,231,3,6,8262,102,8262,102,2203,97,9626,9131,455,34896,5,1,0,0,0,0,9626,0,1000,0,1000
303,340461476,1000,1000,0.0214699,18.6457,12.4526,0.0166573,9.595,57.7242,223,2,6,8298,102,8298,102,2190,98,9595,9091,460,35088,5,1,0,0,0,0,9595,0,1000,0,1000
304,340461476,1000,1000,0.0202588,76.6611,10.5625,0.0166573,9.583,57.743,196,3,4,8325,102,8325,102,2173,98,9583,9073,465,35272,5,1,0,0,0,0,9583,0,1000,0,1000
305,340461476,1000,1000,0.0188464,23.7747,12.118,0.0166573,9.57,58.9661,203,1,4,8351,102,8351,102,2147,97,9570,9065,462,35462,5,1,0,0,0,0,9570,0,1000,0,1000
306,340461476,1000,1000,0.0174673,118.681,10.1353,0.0166573,9.536,56.1671,208,3,3,8387,102,8387,102,2135,98,9536,9027,465,35636,5,1,0,0,0,0,9536,0,1000,0,1000
307,340461476,1000,1000,0.0162936,33.6914,11.4908,0.0166573,9.523,57.116,209,0,3,8419,102,8419,102,2111,98,9523,9012,466,35832,5,1,0,0,0,0,9523,0,1000,0,1000
308,340461476,1000,1000,0.0151456,131.799,9.31706,0.0166573,9.537,58.2214,175,3,3,8460,102,8460,102,2108,98,9537,9015,473,36021,5,1,0,0,0,0,9537,0,1000,0,1000
309,340461476,1000,1000,0.0144075,31.1015,9.64196,0.0166573,9.475,58.9569,197,0,3,8481,102,8481,102,2072,98,9475,8952,474,36156,5,1,0,0,0,0,9475,0,1000,0,1000
310,340461476,1000,1000,0.0136457,98.8193,7.58438,0.0166573,9.447,58.663,204,3,4,8505,102,8505,102,2036,98,9447,8912,486,36332,5,1,0,0,0,0,9447,0,1000,0,1000
311,340461476,1000,1000,0.0133327,21.1519,7.46499,0.0166579,9.447,58.3851,199,0,4,8550,102,8550,102,2028,99,9447,8897,495,36531,5,1,0,0,0,0,9447,0,1000,0,1000
312,340461476,1000,1000,0.0131687,51.8595,5.74748,0.0166579,9.406,59.8372,172,2,2,8580,102,8580,102,2020,99,9406,8854,497,36662,5,1,0,0,0,0,9406,0,1000,0,1000
313,340461476,1000,1000,0.0126851,10.4859,5.97805,0.0166579,9.379,59.866,194,0,2,8614,102,8614,102,1997,98,9379,8812,508,36829,5,1,0,0,0,0,9379,0,1000,0,1000
314,340461476,1000,1000,0.0121496,21.1406,4.55654,0.0166579,9.353,59.369,188,2,2,8641,102,8641,102,1975,97,9353,8781,514,36991,5,1,0,0,0,0,9353,0,1000,0,1000
315,340461476,1000,1000,0.0118344,4.16807,5.26433,0.0166579,9.297,58.2493,181,0,2,8664,102,8664,102,1950,97,9297,8722,519,37116,5,1,0,0,0,0,9297,0,1000,0,1000
316,340461476,1000,1000,0.0118064,7.15293,3.9969,0.0166579,9.253,57.6377,177,0,2,8676,102,8676,102,1919,96,9253,8679,518,37249,5,1,0,0,0,0,9253,0,1000,0,1000
317,340461476,1000,1000,0.0113555,1.40235,5.82273,0.0166586,9.205,58.895,169,0,1,8695,102,8695,102,1890,94,9205,8629,518,37370,5,1,0,0,0,0,9205,0,1000,0,1000
318,340461476,1000,1000,0.0106195,2.33821,4.41746,0.0166586,9.158,58.4049,184,0,0,8726,102,8726,102,1870,94,9158,8577,519,37507,5,1,0,0,0,0,9158,0,1000,0,1000
319,340461476,1000,1000,0.00981859,0.540855,6.5469,0.0166586,9.104,60.9393,171,0,0,8751,102,8751,102,1846,94,9104,8520,521,37624,5,1,0,0,0,0,9104,0,1000,0,1000
320,340461476,1000,1000,0.00916615,0.835078,4.98671,0.0166586,9.057,58.4952,155,0,0,8771,102,8771,102,1821,93,9057,8473,520,37732,5,1,0,0,0,0,9057,0,1000,0,1000
321,340461476,1000,1000,0.00835159,0.618935,6.217,0.0166593,9.024,58.9462,151,0,0,8797,102,8797,102,1812,93,9024,8434,523,37850,5,1,0,0,0,0,9024,0,1000,0,1000
322,340461476,1000,1000,0.00787849,0.665323,4.76292,0.0166599,8.972,58.4072,163,0,0,8819,102,8819,102,1796,93,8972,8370,533,37961,5,1,0,0,0,0,8972,0,1000,0,1000
323,340461476,1000,1000,0.00712755,3.13567,4.90256,0.0166599,8.933,58.3987,137,1,1,8831,102,8831,102,1778,93,8933,8326,538,38059,5,1,0,0,0,0,8933,0,1000,0,1000
324,340461476,1000,1000,0.00667297,1.51603,3.76655,0.0166599,8.901,58.0269,144,1,1,8854,102,8854,102,1766,93,8901,8281,550,38171,5,1,0,0,0,0,8901,0,1000,0,1000
325,340461476,1000,1000,0.00606006,6.75673,3.38417,0.0166599,8.844,56.6429,154,1,1,8872,102,8872,102,1746,93,8844,8219,554,38268,5,1,0,0,0,0,8844,0,1000,0,1000
326,340461476,1000,1000,0.00560213,2.27121,2.58867,0.0166599,8.786,58.2417,150,0,1,8886,102,8886,102,1725,93,8786,8158,556,38360,5,1,0,0,0,0,8786,0,1000,0,1000
327,340461476,1000,1000,0.0051135,7.39139,2.14156,0.0166599,8.725,57.0221,153,1,1,8898,102,8898,102,1702,93,8725,8097,556,38452,5,1,0,0,0,0,8725,0,1000,0,1000
328,340461476,1000,1000,0.00469188,2.39907,1.63182,0.0166599,8.693,57.7665,136,1,2,8920,102,8920,102,1693,93,8693,8056,560,38556,5,1,0,0,0,0,8693,0,1000,0,1000
329,340461476,1000,1000,0.00428579,9.77961,1.29543,0.0166599,8.636,58.4614,136,1,2,8938,102,8938,102,1680,93,8636,7995,561,38635,5,1,0,0,0,0,8636,0,1000,0,1000
330,340461476,1000,1000,0.00392212,4.13411,0.98655,0.0166599,8.572,56.6887,153,1,2,8952,102,8952,102,1659,89,8572,7936,555,38724,5,1,0,0,0,0,8572,0,1000,0,1000
331,340461476,1000,1000,0.00356336,20.5909,0.766222,0.0166599,8.499,55.5339,151,2,2,8954,102,8954,102,1626,87,8499,7874,544,38802,5,1,0,0,0,0,8499,0,1000,0,1000
332,340461476,1000,1000,0.00328249,9.6535,0.590722,0.0166599,8.446,55.7212,130,2,3,8967,102,8967,102,1609,87,8446,7817,544,38879,5,1,0,0,0,0,8446,0,1000,0,1000
333,340461476,1000,1000,0.00302054,35.9007,0.455923,0.0166599,8.37,53.6223,138,3,3,8970,102,8970,102,1581,87,8370,7747,538,38941,5,1,0,0,0,0,8370,0,1000,0,1000
334,340461476,1000,1000,0.00310632,23.377,0.413963,0.0166599,8.283,57.4978,169,1,3,8981,102,8981,102,1561,87,8283,7656,540,39023,5,1,0,0,0,0,8283,0,1000,0,1000
335,340461476,1000,1000,0.00292772,58.4466,0.320519,0.0166599,8.217,56.1612,145,2,3,8986,102,8986,102,1533,86,8217,7592,536,39102,5,1,0,0,0,0,8217,0,1000,0,1000
336,340461476,1000,1000,0.00300393,48.6439,0.399186,0.0166599,8.126,54.6209,152,1,3,8995,102,8995,102,1499,86,8126,7503,533,39163,5,1,0,0,0,0,8126,0,1000,0,1000
337,340461476,1000,1000,0.00277334,61.4779,0.311288,0.0166599,8.037,56.4177,155,2,3,9001,102,9001,102,1475,85,8037,7421,527,39229,5,1,0,0,0,0,8037,0,1000,0,1000
338,340461476,1000,1000,0.00261072,51.0592,0.41283,0.0166599,7.956,56.9375,154,1,3,9011,102,9011,102,1456,85,7956,7337,529,39302,5,1,0,0,0,0,7956,0,1000,0,1000
339,340461476,1000,1000,0.00247343,44.3374,0.321908,0.0166599,7.85,55.5578,158,1,2,9016,102,9016,102,1429,84,7850,7231,530,39354,5,1,0,0,0,0,7850,0,1000,0,1000
340,340461476,1000,999,0.00274874,35.3356,0.46758,0.0166599,7.75676,53.3742,149,1,2,9019,102,9019,102,1401,84,7749,7139,522,39402,5,1,0,0,0,0,7749,0,999,0,999
341,340461476,1000,999,0.00276541,22.7796,0.364812,0.0166599,7.69069,57.7708,132,1,2,9024,102,9024,102,1383,84,7683,7073,520,39468,5,1,0,0,0,0,7683,0,999,0,999
342,340461476,1000,999,0.00288269,17.0414,0.741554,0.0166599,7.56657,55.9177,164,1,2,9026,102,9026,102,1350,83,7559,6953,518,39508,5,1,0,0,0,0,7559,0,999,0,999
343,340461476,1000,999,0.00291724,8.71511,0.601745,0.0166599,7.45846,55.9312,149,1,2,9029,102,9029,102,1328,82,7451,6853,513,39549,5,1,0,0,0,0,7451,0,999,0,999
344,340461476,1000,999,0.00324528,6.13508,1.26064,0.0166599,7.35135,56.3946,153,0,2,9029,102,9029,102,1301,82,7344,6758,502,39595,5,1,0,0,0,0,7344,0,999,0,999
345,340461476,1000,999,0.00383071,3.42109,1.22042,0.0166599,7.23223,56.4744,166,0,1,9034,102,9034,102,1281,82,7225,6640,500,39642,5,1,0,0,0,0,7225,0,999,0,999
346,340461476,1000,999,0.0041802,2.42283,2.16441,0.0166599,7.11512,55.9241,145,0,0,9035,102,9035,102,1261,80,7108,6535,490,39670,5,1,0,0,0,0,7108,0,999,0,999
347,340461476,1000,999,0.00414194,1.78566,2.44836,0.0166599,6.98899,56.7033,166,0,0,9037,102,9037,102,1236,79,6982,6420,479,39710,5,1,0,0,0,0,6982,0,999,0,999
348,340461476,1000,999,0.00408564,1.38174,3.11319,0.0166599,6.86186,57.1924,167,0,0,9039,102,9039,102,1195,78,6855,6302,473,39750,5,1,0,0,0,0,6855,0,999,0,999
349,340461476,1000,999,0.00398227,1.26778,3.32647,0.0166599,6.73273,54.6002,146,0,0,9039,102,9039,102,1171,78,6726,6182,465,39767,5,1,0,0,0,0,6726,0,999,0,999
350,340461476,1000,999,0.00397348,1.20075,3.40111,0.0166599,6.58559,56.9881,179,0,0,9040,102,9040,102,1143,78,6579,6052,451,39799,5,1,0,0,0,0,6579,0,999,0,999
351,340461476,1000,999,0.00391033,1.0962,3.29806,0.0166599,6.44945,59.2762,162,0,0,9043,102,9043,102,1123,78,6443,5918,448,39825,5,1,0,0,0,0,6443,0,999,0,999
352,340461476,1000,998,0.00393492,1.27756,2.94429,0.0166599,6.28657,57.4067,189,0,0,9043,102,9043,102,1089,78,6274,5754,444,39845,5,1,0,0,0,0,6274,0,998,0,998
353,340461476,1000,998,0.00385503,1.01891,2.59068,0.0166599,6.16934,56.4595,145,0,0,9044,102,9044,102,1070,78,6157,5647,436,39873,5,1,0,0,0,0,6157,0,998,0,998
354,340461476,1000,997,0.00387348,1.45647,2.12625,0.0166599,6.02708,57.642,169,0,0,9045,102,9045,102,1042,78,6009,5510,425,39894,5,1,0,0,0,0,6009,0,997,0,997
355,340461476,1000,996,0.0037774,0.949966,1.74097,0.0166599,5.88554,57.4468,155,0,0,9045,102,9045,102,1016,78,5862,5381,410,39902,5,1,0,0,0,0,5862,0,996,0,996
356,340461476,1000,996,0.00378602,1.43882,1.38463,0.0166599,5.74197,58.1891,160,0,0,9045,102,9045,102,991,78,5719,5250,399,39919,5,1,0,0,0,0,5719,0,996,0,996
357,340461476,1000,995,0.0036569,0.826349,1.09834,0.0166599,5.60804,57.0273,160,0,0,9046,102,9046,102,973,78,5580,5117,391,39940,5,1,0,0,0,0,5580,0,995,0,995
358,340461476,1000,994,0.00365431,1.21461,0.867852,0.0166599,5.45976,57.4042,167,0,0,9046,102,9046,102,939,75,5427,4981,378,39954,5,1,0,0,0,0,5427,0,994,0,994
359,340461476,1000,993,0.00352999,0.632891,0.684195,0.0166599,5.32125,59.4446,158,0,0,9046,102,9046,102,915,75,5284,4851,367,39969,5,1,0,0,0,0,5284,0,993,0,993
360,340461476,1000,991,0.00346742,0.894582,0.543356,0.0166599,5.20585,59.0713,142,0,0,9046,102,9046,102,889,75,5159,4739,356,39986,5,1,0,0,0,0,5159,0,991,0,991
361,340461476,1000,989,0.00334221,0.451286,0.435026,0.0166599,5.08089,59.0034,147,0,0,9046,102,9046,102,863,75,5025,4615,346,39999,5,1,0,0,0,0,5025,0,989,0,989
362,340461476,1000,989,0.00317738,0.782139,0.350213,0.0166606,4.94439,60.2775,150,0,0,9046,102,9046,102,836,74,4890,4493,336,40014,5,1,0,0,0,0,4890,0,989,0,989
363,340461476,1000,988,0.00303446,0.395475,0.291093,0.0166606,4.80364,59.3742,160,0,0,9046,102,9046,102,806,73,4746,4366,322,40030,5,1,0,0,0,0,4746,0,988,0,988
364,340461476,1000,987,0.00277175,0.814243,0.238087,0.0166606,4.65654,60.5494,157,0,0,9046,102,9046,102,780,72,4596,4226,314,40037,5,1,0,0,0,0,4596,0,987,0,987
365,340461476,1000,988,0.00267464,0.479522,0.211191,0.0166606,4.50911,60.7222,162,0,0,9046,102,9046,102,754,72,4455,4099,305,40058,5,1,0,0,0,0,4455,0,988,0,988
366,340461476,1000,988,0.00236542,0.908835,0.174933,0.0166606,4.3583,60.8343,169,0,0,9046,102,9046,102,726,71,4306,3968,288,40078,5,1,0,0,0,0,4306,0,988,0,988
367,340461476,1000,984,0.00229315,0.667533,0.163891,0.0166606,4.2378,61.073,149,0,0,9046,102,9046,102,697,71,4170,3852,269,40091,5,1,0,0,0,0,4170,0,984,0,984
368,340461476,1000,984,0.00198541,0.938258,0.136648,0.0166606,4.10671,61.0778,143,0,0,9046,102,9046,102,675,71,4041,3737,257,40105,5,1,0,0,0,0,4041,0,984,0,984
369,340461476,1000,982,0.00190094,0.80218,0.130451,0.0166606,3.99287,60.2736,138,0,0,9046,102,9046,102,645,70,3921,3627,248,40123,5,1,0,0,0,0,3921,0,982,0,982
370,340461476,1000,978,0.00159468,0.859933,0.106857,0.0166606,3.88037,60.5595,147,0,0,9046,102,9046,102,621,69,3795,3517,233,40144,5,1,0,0,0,0,3795,0,978,0,978
371,340461476,1000,976,0.00149584,0.914166,0.100876,0.0166606,3.76127,60.0093,135,0,0,9046,102,9046,102,599,69,3671,3409,221,40155,5,1,0,0,0,0,3671,0,976,0,976
372,340461476,1000,969,0.00125577,1.03319,0.0828612,0.0166606,3.67286,61.9561,131,0,0,9046,102,9046,102,575,68,3559,3304,214,40174,5,1,0,0,0,0,3559,0,969,0,969
373,340461476,1000,966,0.00119747,1.25247,0.0803054,0.0166606,3.54658,61.2516,157,0,0,9046,102,9046,102,535,67,3426,3188,201,40198,5,1,0,0,0,0,3426,0,966,0,966
374,340461476,1000,963,0.00100776,3.63366,0.0658226,0.0166606,3.44964,61.3825,117,1,1,9046,102,9046,102,507,66,3322,3095,193,40211,5,1,0,0,0,0,3322,0,963,0,963
375,340461476,1000,958,0.00101216,2.75198,0.0680856,0.0166606,3.35491,60.0813,123,1,1,9046,102,9042,98,489,65,3214,2997,184,40221,5,1,0,0,0,0,3214,0,958,0,958
376,340461476,1000,946,0.000887525,11.5915,0.0580941,0.0166606,3.28436,62.5873,126,1,1,9046,102,9044,101,474,65,3107,2900,174,40240,5,1,0,0,0,0,3107,0,946,0,946
377,340461476,1000,938,0.000941666,5.64262,0.0636787,0.0166606,3.18763,62.7156,131,0,1,9046,102,9044,101,450,64,2990,2797,163,40254,5,1,0,0,0,0,2990,0,938,0,938
378,340461476,1000,936,0.000891359,18.573,0.0590472,0.0166606,3.09081,65.4857,114,1,1,9046,102,9044,101,430,64,2893,2710,155,40271,5,1,0,0,0,0,2893,0,936,0,936
379,340461476,1000,931,0.000946155,5.60588,0.0641493,0.0166606,3.01826,63.4603,107,0,1,9046,102,9044,101,407,62,2810,2638,145,40295,5,1,0,0,0,0,2810,0,931,0,931
380,340461476,1000,923,0.000944327,14.7446,0.0631485,0.0166606,2.95991,63.0322,101,1,1,9046,102,9044,101,391,61,2732,2567,138,40318,5,1,0,0,0,0,2732,0,923,0,923
381,340461476,1000,912,0.000954643,3.77983,0.0646461,0.0166606,2.88925,63.9032,111,0,1,9047,102,9045,101,375,60,2635,2479,132,40332,5,1,0,0,0,0,2635,0,912,0,912
382,340461476,1000,902,0.000982816,7.75343,0.0661208,0.0166606,2.84812,63.3288,92,1,1,9047,102,9045,101,356,60,2569,2423,126,40358,5,1,0,0,0,0,2569,0,902,0,902
383,340461476,1000,900,0.000974579,2.23549,0.0692795,0.0166606,2.77667,64.2428,87,0,1,9047,102,9046,101,347,59,2499,2359,122,40375,5,1,0,0,0,0,2499,0,900,0,900
384,340461476,1000,895,0.00107244,3.59478,0.073482,0.0166606,2.70726,64.0167,90,0,1,9047,102,9046,101,333,58,2423,2289,116,40389,5,1,0,0,0,0,2423,0,895,0,895
385,340461476,1000,885,0.0012271,1.72554,0.128541,0.0166606,2.63616,66.5746,114,0,0,9047,102,9047,102,316,56,2333,2210,105,40413,5,1,0,0,0,0,2333,0,885,0,885
386,340461476,1000,878,0.00153495,2.24228,0.121089,0.0166606,2.56264,64.5731,94,0,0,9047,102,9047,102,303,56,2250,2132,100,40424,5,1,0,0,0,0,2250,0,878,0,878
387,340461476,1000,864,0.00194731,1.66855,0.345544,0.0166606,2.49884,66.1287,102,0,0,9047,102,9047,102,289,55,2159,2045,97,40435,5,1,0,0,0,0,2159,0,864,0,864
388,340461476,1000,851,0.00205658,2.22672,0.285654,0.0166606,2.45711,65.2894,92,0,0,9047,102,9047,102,277,55,2091,1985,90,40459,5,1,0,0,0,0,2091,0,851,0,851
389,340461476,1000,844,0.00198555,1.60574,0.654383,0.0166606,2.40166,66.4137,71,0,0,9047,102,9047,102,263,55,2027,1925,87,40466,5,1,0,0,0,0,2027,0,844,0,844
390,340461476,1000,839,0.0020263,2.36139,0.515236,0.0166606,2.34207,63.1389,72,0,0,9048,102,9048,102,257,55,1965,1872,80,40476,5,1,0,0,0,0,1965,0,839,0,839
391,340461476,1000,834,0.00190977,1.81163,0.747891,0.0166606,2.31055,65.6078,58,0,0,9048,102,9048,102,246,55,1927,1839,75,40496,5,1,0,0,0,0,1927,0,834,0,834
392,340461476,1000,820,0.00193676,2.44762,0.583581,0.0166606,2.26829,64.8185,73,0,0,9048,102,9048,102,238,55,1860,1773,74,40502,5,1,0,0,0,0,1860,0,820,0,820
393,340461476,1000,813,0.00189646,2.26151,0.632538,0.0166606,2.21279,64.6383,66,0,0,9048,102,9048,102,230,55,1799,1716,70,40507,5,1,0,0,0,0,1799,0,813,0,813
394,340461476,1000,798,0.00196333,2.63099,0.499395,0.0166606,2.18922,68.2183,67,0,0,9050,102,9050,102,221,54,1747,1668,67,40522,5,1,0,0,0,0,1747,0,798,0,798
395,340461476,1000,791,0.00202591,3.13467,0.462583,0.0166606,2.13401,66.7222,63,0,0,9050,102,9050,102,210,53,1688,1619,58,40526,5,1,0,0,0,0,1688,0,791,0,791
396,340461476,1000,773,0.00212336,2.88577,0.375894,0.0166606,2.09314,65.4083,75,0,0,9050,102,9050,102,199,53,1618,1554,56,40531,5,1,0,0,0,0,1618,0,773,0,773
397,340461476,1000,766,0.00229958,4.12587,0.332373,0.0166606,2.04178,64.9792,66,0,0,9051,102,9051,102,189,51,1564,1507,50,40543,5,1,0,0,0,0,1564,0,766,0,766
398,340461476,1000,755,0.00231197,3.24787,0.28016,0.0166606,2.00132,65.5066,57,0,0,9051,102,9051,102,182,51,1511,1458,46,40547,5,1,0,0,0,0,1511,0,755,0,755
399,340461476,1000,738,0.00255735,4.84748,0.258914,0.0166606,1.96477,68.303,66,0,0,9053,102,9053,102,174,50,1450,1399,44,40552,5,1,0,0,0,0,1450,0,738,0,738
400,340461476,1000,732,0.00241877,4.06992,0.222154,0.0166606,1.92896,67.7017,44,0,0,9053,102,9053,102,166,49,1412,1364,41,40558,5,1,0,0,0,0,1412,0,732,0,732
401,340461476,1000,724,0.00265538,4.95038,0.218342,0.0166606,1.89365,67.7287,47,0,0,9053,102,9053,102,157,49,1371,1328,36,40564,5,1,0,0,0,0,1371,0,724,0,724
402,340461476,1000,714,0.0025035,5.20789,0.196053,0.0166606,1.85014,66.0162,54,0,0,9053,102,9053,102,149,48,1321,1284,30,40568,5,1,0,0,0,0,1321,0,714,0,714
403,340461476,1000,706,0.00270069,4.7458,0.198633,0.0166606,1.8187,66.9212,46,0,0,9053,102,9053,102,139,48,1284,1250,27,40577,5,1,0,0,0,0,1284,0,706,0,706
404,340461476,1000,701,0.00263697,6.34683,0.191369,0.0166606,1.78602,67.234,39,0,0,9053,102,9053,102,133,46,1252,1219,26,40584,5,1,0,0,0,0,1252,0,701,0,701
405,340461476,1000,694,0.00281413,4.50914,0.195678,0.0166606,1.74928,67.5872,43,0,0,9053,102,9053,102,125,46,1214,1184,23,40589,5,1,0,0,0,0,1214,0,694,0,694
406,340461476,1000,678,0.00296596,6.83447,0.20958,0.0166606,1.73451,72.3869,42,0,0,9053,102,9053,102,121,45,1176,1147,22,40593,5,1,0,0,0,0,1176,0,678,0,678
407,340461476,1000,662,0.00307552,4.49107,0.209305,0.0166606,1.71148,70.8915,53,0,0,9053,102,9053,102,113,44,1133,1107,21,40603,5,1,0,0,0,0,1133,0,662,0,662
408,340461476,1000,649,0.00347232,6.94499,0.243757,0.0166606,1.68413,69.5665,47,0,0,9053,102,9053,102,108,44,1093,1069,20,40610,5,1,0,0,0,0,1093,0,649,0,649
409,340461476,1000,639,0.00347352,5.21038,0.238367,0.0166606,1.66667,69.4621,33,0,0,9053,102,9053,102,105,44,1065,1043,18,40615,5,1,0,0,0,0,1065,0,639,0,639
410,340461476,1000,630,0.00400321,7.0052,0.281682,0.0166606,1.64762,68.7206,34,0,0,9053,102,9053,102,100,43,1038,1019,15,40622,5,1,0,0,0,0,1038,0,630,0,630
411,340461476,1000,624,0.00398863,6.51778,0.284331,0.0166606,1.6266,67.3144,33,0,0,9053,102,9053,102,93,42,1015,998,13,40632,5,1,0,0,0,0,1015,0,624,0,624
412,340461476,1000,622,0.00446015,7.17864,0.313468,0.0166606,1.60611,69.4891,23,0,0,9053,102,9053,102,89,42,999,982,13,40639,5,1,0,0,0,0,999,0,622,0,622
413,340461476,1000,617,0.00457069,7.32511,0.338146,0.0166606,1.59968,70.6719,24,0,0,9053,102,9053,102,87,42,987,972,11,40651,5,1,0,0,0,0,987,0,617,0,617
414,340461476,1000,610,0.00482603,7.19866,0.341378,0.0166606,1.58361,70.4274,31,0,0,9053,102,9053,102,85,42,966,951,11,40661,5,1,0,0,0,0,966,0,610,0,610
415,340461476,1000,604,0.00509285,7.06241,0.388618,0.0166606,1.57781,78.7554,23,0,0,9053,102,9053,102,83,42,953,938,11,40671,5,1,0,0,0,0,953,0,604,0,604
416,340461476,1000,597,0.00509256,7.03121,0.367489,0.0166606,1.55946,71.8945,32,0,0,9053,102,9053,102,79,40,931,916,11,40681,5,1,0,0,0,0,931,0,597,0,597
417,340461476,1000,598,0.00552879,6.14903,0.425458,0.0166606,1.53344,70.2009,28,0,0,9053,102,9053,102,77,39,917,902,11,40695,5,1,0,0,0,0,917,0,598,0,598
418,340461476,1000,601,0.00540315,6.17876,0.392736,0.0166606,1.51581,76.5917,15,0,0,9053,102,9053,102,75,38,911,897,11,40703,5,1,0,0,0,0,911,0,601,0,601
419,340461476,1000,592,0.00592967,5.12554,0.445884,0.0166606,1.51182,71.0109,23,0,0,9053,102,9053,102,73,37,895,881,11,40710,5,1,0,0,0,0,895,0,592,0,592
420,340461476,1000,592,0.00588774,5.37691,0.425043,0.0166606,1.50845,68.9931,18,0,0,9053,102,9053,102,72,37,893,879,11,40725,5,1,0,0,0,0,893,0,592,0,592
421,340461476,1000,590,0.00637239,4.55747,0.464947,0.0166606,1.50169,72.1964,21,0,0,9053,102,9053,102,70,36,886,874,9,40734,5,1,0,0,0,0,886,0,590,0,590
422,340461476,1000,587,0.00655496,5.20664,0.472138,0.0166606,1.49744,68.2232,14,0,0,9053,102,9053,102,68,35,879,867,9,40738,5,1,0,0,0,0,879,0,587,0,587
423,340461476,1000,586,0.00688305,4.96646,0.497048,0.0166606,1.49317,77.525,25,0,0,9053,102,9053,102,66,35,875,863,9,40754,5,1,0,0,0,0,875,0,586,0,586
424,340461476,1000,588,0.00712503,5.85876,0.518328,0.0166606,1.48469,70.1528,18,0,0,9053,102,9053,102,61,32,873,861,9,40764,5,1,0,0,0,0,873,0,588,0,588
425,340461476,1000,583,0.00728082,5.82512,0.530509,0.0166606,1.48542,73.4345,21,0,0,9055,102,9055,102,61,32,866,853,10,40774,5,1,0,0,0,0,866,0,583,0,583
426,340461476,1000,588,0.00735736,6.58695,0.538714,0.0166606,1.48299,73.6429,14,0,0,9057,102,9057,102,61,32,872,857,11,40788,5,1,0,0,0,0,872,0,588,0,588
427,340461476,1000,586,0.00738491,6.77508,0.546878,0.0166606,1.48294,71.1111,18,0,0,9057,102,9057,102,59,32,869,854,11,40796,5,1,0,0,0,0,869,0,586,0,586
428,340461476,1000,585,0.00724234,6.99287,0.530858,0.0166606,1.49402,78.3281,16,0,0,9059,102,9059,102,56,32,874,855,14,40810,5,1,0,0,0,0,874,0,585,0,585
429,340461476,1000,594,0.00704468,7.12737,0.526156,0.0166606,1.49327,70.25,8,0,0,9059,102,9059,102,55,32,887,867,15,40825,5,1,0,0,0,0,887,0,594,0,594
430,340461476,1000,589,0.00677137,6.97752,0.494689,0.0166606,1.50934,73.5547,16,0,0,9061,102,9061,102,56,32,889,867,16,40836,5,1,0,0,0,0,889,0,589,0,589
431,340461476,1000,589,0.00647691,6.73635,0.483338,0.0166606,1.50594,69.65,15,0,0,9062,102,9062,102,56,31,887,865,16,40843,5,1,0,0,0,0,887,0,589,0,589
432,340461476,1000,592,0.00617695,6.82673,0.450167,0.0166606,1.52027,75.6667,6,0,0,9062,102,9062,102,56,31,900,878,16,40852,5,1,0,0,0,0,900,0,592,0,592
433,340461476,1000,592,0.00603565,6.45488,0.444822,0.0166606,1.53547,69.6731,13,0,0,9062,102,9062,102,54,31,909,886,17,40865,5,1,0,0,0,0,909,0,592,0,592
434,340461476,1000,601,0.00588339,6.546,0.428518,0.0166606,1.52413,76.5288,13,0,0,9062,102,9062,102,54,31,916,892,18,40873,5,1,0,0,0,0,916,0,601,0,601
435,340461476,1000,607,0.00603371,6.80521,0.440012,0.0166606,1.52554,74.0417,9,0,0,9063,102,9063,102,55,31,926,901,19,40887,5,1,0,0,0,0,926,0,607,0,607
436,340461476,1000,612,0.00602152,6.17731,0.441559,0.0166606,1.52778,72.5179,14,0,0,9064,102,9064,102,56,32,935,910,19,40899,5,1,0,0,0,0,935,0,612,0,612
437,340461476,1000,616,0.00627031,7.55969,0.462962,0.0166606,1.54383,75.375,6,0,0,9064,102,9064,102,56,32,951,926,19,40911,5,1,0,0,0,0,951,0,616,0,616
438,340461476,1000,618,0.00638661,6.08702,0.480111,0.0166606,1.55502,67.8482,14,0,0,9066,102,9066,102,58,32,961,934,21,40929,5,1,0,0,0,0,961,0,618,0,618
439,340461476,1000,626,0.00662051,8.23408,0.497514,0.0166606,1.55272,68.9091,11,0,0,9066,102,9066,102,58,32,972,945,21,40942,5,1,0,0,0,0,972,0,626,0,626
440,340461476,1000,636,0.0068227,7.50564,0.515288,0.0166606,1.54717,71.5417,12,0,0,9066,102,9066,102,57,31,984,957,21,40953,5,1,0,0,0,0,984,0,636,0,636
441,340461476,1000,641,0.00684985,10.036,0.524263,0.0166606,1.5585,70.1146,12,0,0,9066,102,9066,102,57,31,999,972,21,40976,5,1,0,0,0,0,999,0,641,0,641
442,340461476,1000,645,0.00695591,10.7393,0.526386,0.0166606,1.55814,71.0069,18,0,0,9066,102,9066,102,57,31,1005,978,21,40984,5,1,0,0,0,0,1005,0,645,0,645
443,340461476,1000,651,0.00696102,13.4013,0.531873,0.0166606,1.56528,68.5357,14,0,0,9067,102,9067,102,58,31,1019,992,21,41003,5,1,0,0,0,0,1019,0,651,0,651
444,340461476,1000,657,0.00709118,14.8447,0.525659,0.0166606,1.58143,73.8409,11,0,0,9067,102,9067,102,57,31,1039,1013,20,41028,5,1,0,0,0,0,1039,0,657,0,657
445,340461476,1000,665,0.00701433,17.5766,0.524422,0.0166606,1.59398,69.7273,11,0,0,9067,102,9067,102,57,31,1060,1034,20,41049,5,1,0,0,0,0,1060,0,665,0,665
446,340461476,1000,670,0.00723794,17.2265,0.529953,0.0166606,1.62388,78.0104,12,0,0,9070,102,9070,102,60,32,1088,1061,21,41074,5,1,0,0,0,0,1088,0,670,0,670
447,340461476,1000,679,0.00702941,20.9326,0.514761,0.0166606,1.64065,72.725,15,0,0,9072,102,9072,102,62,32,1114,1084,23,41112,5,1,0,0,0,0,1114,0,679,0,679
448,340461476,1000,688,0.00743399,18.5479,0.543821,0.0166606,1.64535,66.5357,14,0,0,9072,102,9072,102,62,32,1132,1102,23,41131,5,1,0,0,0,0,1132,0,688,0,688
449,340461476,1000,699,0.00712908,23.2627,0.517621,0.0166606,1.65236,74,12,0,0,9074,102,9074,102,64,32,1155,1123,24,41152,5,1,0,0,0,0,1155,0,699,0,699
450,340461476,1000,703,0.00760653,20.8898,0.560814,0.0166606,1.66003,75.7344,16,0,0,9074,102,9074,102,61,31,1167,1135,24,41174,5,1,0,0,0,0,1167,0,703,0,703
451,340461476,1000,704,0.00754401,25.4302,0.556773,0.0166606,1.68892,70.6827,13,0,0,9077,102,9077,102,64,33,1189,1155,25,41198,5,1,0,0,0,0,1189,0,704,0,704
452,340461476,1000,708,0.00833906,25.0422,0.619983,0.0166606,1.70339,72.0859,16,0,0,9077,102,9077,102,64,33,1206,1172,25,41225,5,1,0,0,0,0,1206,0,708,0,708
453,340461476,1000,710,0.00893182,28.2643,0.666984,0.0166606,1.71408,71.2574,17,0,0,9077,102,9077,102,63,33,1217,1183,25,41249,5,1,0,0,0,0,1217,0,710,0,710
454,340461476,1000,718,0.0100083,29.6582,0.762344,0.0166613,1.72006,77.2583,15,0,0,9080,102,9080,102,66,34,1235,1199,26,41272,5,1,0,0,0,0,1235,0,718,0,718
455,340461476,1000,723,0.0111398,31.2834,0.854404,0.0166613,1.73997,72,13,0,0,9082,102,9082,102,67,33,1258,1222,26,41302,5,1,0,0,0,0,1258,0,723,0,723
456,340461476,1000,723,0.0125387,34.2252,0.988812,0.0166613,1.76763,73.1125,10,0,0,9082,102,9082,102,67,33,1278,1241,27,41328,5,1,0,0,0,0,1278,0,723,0,723
457,340461476,1000,730,0.0136021,35.2369,1.06498,0.0166613,1.7863,75.2692,13,0,0,9083,102,9083,102,68,34,1304,1264,29,41363,5,1,0,0,0,0,1304,0,730,0,730
458,340461476,1000,737,0.0151158,40.4444,1.22477,0.0166613,1.80054,71.7273,11,0,0,9084,102,9084,102,69,34,1327,1286,30,41393,5,1,0,0,0,0,1327,0,737,0,737
459,340461476,1000,743,0.0158956,41.8429,1.2603,0.0166613,1.81292,76.6364,11,0,0,9084,102,9084,102,69,34,1347,1306,30,41419,5,1,0,0,0,0,1347,0,743,0,743
460,340461476,1000,746,0.0173698,48.1596,1.42546,0.0166613,1.83244,75.2734,16,0,0,9086,102,9086,102,71,34,1367,1325,31,41452,5,1,0,0,0,0,1367,0,746,0,746
461,340461476,1000,752,0.0181751,52.1663,1.45528,0.0166613,1.84441,76.0114,11,0,0,9086,102,9086,102,71,34,1387,1345,31,41481,5,1,0,0,0,0,1387,0,752,0,752
462,340461476,1000,756,0.0194701,54.3684,1.60806,0.0166613,1.86772,70.1875,8,0,0,9086,102,9086,102,70,34,1412,1370,31,41512,5,1,0,0,0,0,1412,0,756,0,756
463,340461476,1000,762,0.0206993,65.9962,1.6824,0.0166613,1.88583,80.75,9,0,0,9088,102,9088,102,71,34,1437,1395,32,41545,5,1,0,0,0,0,1437,0,762,0,762
464,340461476,1000,765,0.0217006,61.4326,1.8225,0.0166613,1.90719,75.1667,6,1,1,9088,102,9088,102,70,33,1459,1418,31,41572,5,1,0,0,0,0,1459,0,765,0,765
465,340461476,1000,774,0.02328,80.0615,1.94515,0.0166613,1.92377,88.875,9,1,1,9088,102,9088,102,67,31,1489,1449,31,41610,5,1,0,0,0,0,1489,0,774,0,774
466,340461476,1000,773,0.0242819,76.884,2.0706,0.0166613,1.94179,78.2222,18,1,1,9088,102,9088,102,65,30,1501,1461,31,41638,5,1,0,0,0,0,1501,0,773,0,773
467,340461476,1000,769,0.0258671,90.7123,2.22858,0.0166619,1.96229,74.6442,13,0,1,9088,102,9088,102,65,30,1509,1469,31,41646,5,1,0,0,0,0,1509,0,769,0,769
468,340461476,1000,770,0.0272925,104.22,2.35072,0.0166619,1.98831,83.4615,13,1,1,9088,102,9088,102,63,28,1531,1493,30,41665,5,1,0,0,0,0,1531,0,770,0,770
469,340461476,1000,779,0.0293717,96.967,2.56737,0.0166619,2.01284,85.7159,11,0,1,9088,102,9088,102,60,27,1568,1530,30,41701,5,1,0,0,0,0,1568,0,779,0,779
470,340461476,1000,780,0.0316744,116.485,2.726,0.0166619,2.03974,79.0972,9,1,1,9088,102,9088,102,60,27,1591,1553,30,41702,5,1,0,0,0,0,1591,0,780,0,780
471,340461476,1000,784,0.0342481,98.1508,2.99676,0.0166619,2.07143,82.7361,9,0,1,9088,102,9088,102,60,27,1624,1586,30,41700,5,1,0,0,0,0,1624,0,784,0,784
472,340461476,1000,798,0.0372561,111.842,3.26241,0.0166619,2.08647,81.5,7,1,1,9088,102,9088,102,60,27,1665,1626,31,41699,5,1,0,0,0,0,1665,0,798,0,798
473,340461476,1000,809,0.0392656,98.1836,3.48557,0.0166619,2.10754,81.2679,7,1,2,9091,102,9091,102,63,27,1705,1662,34,41674,5,1,0,0,0,0,1705,0,809,0,809
474,340461476,1000,818,0.0436457,101.47,3.94797,0.0166619,2.13081,73.0938,12,1,2,9092,102,9092,102,63,26,1743,1699,35,41628,5,1,0,0,0,0,1743,0,818,0,818
475,340461476,1000,826,0.0453961,98.932,4.09094,0.0166619,2.16344,84.0417,9,1,2,9094,102,9092,101,65,26,1787,1740,37,41582,5,1,0,0,0,0,1787,0,826,0,826
476,340461476,1000,840,0.0506529,97.8429,4.70639,0.0166619,2.2131,63.8571,7,1,2,9095,102,9091,100,66,27,1859,1810,39,41535,5,1,0,0,0,0,1859,0,840,0,840
477,340461476,1000,845,0.0523606,104.724,4.95538,0.0166619,2.26154,68,6,2,3,9098,102,9091,98,68,26,1911,1861,40,41442,5,1,0,0,0,0,1911,0,845,0,845
478,340461476,1000,854,0.0572227,97.8565,5.5076,0.0166619,2.30913,69.8958,6,2,3,9101,102,9080,95,71,26,1972,1918,42,41319,5,1,0,0,0,0,1972,0,854,0,854
479,340461476,1000,860,0.0592801,117.542,6.20599,0.0166619,2.36279,75.8021,12,1,3,9104,102,9071,95,74,26,2032,1976,44,41190,5,1,0,0,0,0,2032,0,860,0,860
480,340461476,1000,871,0.0621315,101.683,6.47162,0.0166619,2.40987,68.7375,10,1,3,9107,102,9071,95,77,27,2099,2037,50,41018,5,1,0,0,0,0,2099,0,871,0,871
481,340461476,1000,885,0.0643656,128.95,7.26466,0.0166619,2.47006,72.5893,7,1,3,9116,102,9072,94,86,28,2186,2114,56,40848,5,1,0,0,0,0,2186,0,885,0,885
482,340461476,1000,888,0.0663681,104.806,7.28055,0.0166619,2.56419,90.25,8,0,2,9128,103,9066,95,98,31,2277,2193,63,40641,5,1,0,0,0,0,2277,0,888,0,888
483,340461476,1000,901,0.0687077,122.532,7.77719,0.0166633,2.62819,89.4,5,1,2,9134,103,9060,95,104,32,2368,2277,68,40389,5,1,0,0,0,0,2368,0,901,0,901
484,340461476,1000,907,0.0704993,105.299,7.73098,0.0166633,2.7387,72.2708,6,0,1,9147,103,9053,95,117,32,2484,2370,81,40160,5,1,0,0,0,0,2484,0,907,0,907
485,340461476,1000,916,0.0719998,105.512,7.84843,0.0166633,2.82533,64.6,5,1,1,9152,103,9024,95,122,34,2588,2463,91,39887,5,1,0,0,0,0,2588,0,916,0,916
486,340461476,1000,923,0.0738732,104.945,7.84737,0.0166633,2.90358,68.8977,11,1,2,9158,103,9003,94,128,34,2680,2547,98,39496,5,1,0,0,0,0,2680,0,923,0,923
487,340461476,1000,931,0.0751247,95.6937,7.81417,0.0166633,3.04189,63.7857,14,1,2,9180,103,9000,95,150,35,2832,2673,117,39181,5,1,0,0,0,0,2832,0,931,0,931
488,340461476,1000,937,0.0771118,106.57,7.96905,0.0166633,3.18143,70,8,0,2,9203,103,8996,97,173,38,2981,2802,131,38883,5,1,0,0,0,0,2981,0,937,0,937
489,340461476,1000,946,0.077594,96.4021,7.85243,0.0166633,3.26638,78.1429,14,0,2,9213,104,8967,98,183,39,3090,2903,137,38429,5,1,0,0,0,0,3090,0,946,0,946
490,340461476,1000,956,0.0800194,113.413,8.30298,0.0166633,3.40481,81.2159,11,0,0,9223,104,8954,95,192,40,3255,3052,151,38093,5,1,0,0,0,0,3255,0,956,0,956
491,340461476,1000,961,0.0794857,107.728,8.09745,0.0166633,3.54318,69.5125,20,0,0,9245,104,8955,96,214,43,3405,3176,168,37791,5,1,0,0,0,0,3405,0,961,0,961
492,340461476,1000,966,0.0812379,123.008,8.78469,0.0166633,3.68012,73.6583,15,1,1,9257,104,8935,95,226,45,3555,3316,178,37370,5,1,0,0,0,0,3555,0,966,0,966
493,340461476,1000,973,0.0807145,129.375,8.52243,0.0166633,3.84275,68.1827,13,1,2,9279,104,8933,95,248,49,3739,3474,195,37066,5,1,0,0,0,0,3739,0,973,0,973
494,340461476,1000,977,0.0819575,136.315,8.95428,0.0166633,4.02047,66.2941,17,3,3,9302,105,8921,94,271,51,3928,3637,209,36835,5,1,0,0,0,0,3928,0,977,0,977
495,340461476,1000,983,0.0813895,174.119,8.7542,0.0166633,4.17599,69.1667,12,1,3,9323,105,8920,94,292,53,4105,3800,219,36541,5,1,0,0,0,0,4105,0,983,0,983
496,340461476,1000,987,0.080836,159.441,8.69369,0.0166633,4.39716,80.5385,13,1,3,9351,105,8936,94,320,53,4340,4003,244,36407,5,1,0,0,0,0,4340,0,987,0,987
497,340461476,1000,991,0.0808706,249.513,8.64165,0.0166633,4.62967,70.2019,13,2,4,9372,106,8931,91,341,57,4588,4215,270,36371,5,1,0,0,0,0,4588,0,991,0,991
498,340461476,1000,994,0.0801661,195.343,8.33755,0.0166633,4.82897,67.8688,20,0,4,9399,106,8948,89,368,58,4800,4400,287,36332,5,1,0,0,0,0,4800,0,994,0,994
499,340461476,1000,998,0.0806544,286.631,8.44303,0.0166633,5.08717,76.6563,16,1,3,9430,106,8964,91,399,59,5077,4646,307,36400,5,1,0,0,0,0,5077,0,998,0,998
