SIM_TIME,YEAR,NODE_ID,REL_ID,REL_TYPE (0 = TRANSITORY; 1 = INFORMAL; 2 = MARITAL; 3 = COMMERCIAL),Is_rel_outside_PFA,SRC_ID,SRC_INFECTED,SRC_GENDER,SRC_AGE,SRC_IP,SRC_current_relationship_count,SRC_lifetime_relationship_count,SRC_relationships_in_last_6_months,SRC_FLAGS,SRC_CIRCUMSIZED,SRC_STI,SRC_SUPERSPREADER,SRC_INF_AGE,DEST_ID,DEST_INFECTED,DEST_GENDER,DEST_AGE,DEST_IP,DEST_current_relationship_count,DEST_lifetime_relationship_count,DEST_relationships_in_last_6_months,DEST_FLAGS,DEST_CIRCUMSIZED,DEST_STI,DEST_SUPERSPREADER
1,1960.5,1,7,1,0,3165,1,1,6939.04,"",1,1,1,0,0,0,0,6938.04,5029,1,0,10318.6,"",1,1,1,0,0,0,0
1,1960.5,1,15,1,0,14713,1,1,6953.39,"",1,1,1,0,0,0,0,6953.39,8426,1,0,11675.6,"",1,1,1,0,0,0,0
1,1960.5,1,12,0,0,7849,1,1,7209.77,"",1,1,1,0,0,0,0,7208.77,11209,1,0,10262.3,"",1,1,1,0,0,0,0
1,1960.5,1,13,0,0,12235,1,1,5983.16,"",1,1,1,0,0,0,0,5983.16,11687,1,0,5284.25,"",1,1,1,0,0,0,0
2,1960.51,1,20,0,0,7722,1,1,6237.97,"",1,1,1,0,0,0,0,6236.97,1369,1,0,6512.37,"",1,1,1,0,0,0,0
3,1960.51,1,34,1,0,12459,1,1,5901.91,"",1,1,1,0,0,0,0,5899.91,2172,1,0,8241.72,"",1,1,1,0,0,0,0
3,1960.51,1,30,0,0,12845,1,1,6233.84,"",1,1,1,0,0,0,0,6231.84,2579,1,0,10597.6,"",1,1,1,0,0,0,0
4,1960.51,1,42,0,0,11990,1,1,6646.81,"",1,1,1,0,0,0,0,6643.81,3230,1,0,11273.4,"",1,1,1,0,0,0,0
4,1960.51,1,43,0,0,15937,1,1,5765.84,"",1,1,1,0,0,0,0,5762.84,8660,1,0,11388.7,"",1,1,1,0,0,0,0
4,1960.51,1,44,0,0,2861,1,1,5592.82,"",1,1,1,0,0,0,0,5588.82,10249,1,0,8593.61,"",1,1,1,0,0,0,0
4,1960.51,1,57,1,0,9461,1,1,7211.64,"",1,1,1,0,0,0,0,7207.64,14477,1,0,12257.9,"",1,1,1,0,0,0,0
4,1960.51,1,50,0,0,10156,1,1,5489.98,"",1,1,1,0,0,0,0,5485.98,15906,1,0,7432.27,"",1,1,1,0,0,0,0
5,1960.51,1,58,0,0,4717,1,1,7170.45,"",1,1,1,0,0,0,0,7166.45,1581,1,0,5342.4,"",1,1,1,0,0,0,0
5,1960.51,1,59,0,0,7491,1,1,5904.95,"",1,1,1,0,0,0,0,5900.95,4658,1,0,9662.45,"",1,1,1,0,0,0,0
5,1960.51,1,63,0,0,9997,1,1,6068.36,"",1,1,1,0,0,0,0,6063.36,14977,1,0,9611.08,"",1,1,1,0,0,0,0
5,1960.51,1,68,1,0,2211,1,1,6870.93,"",1,1,1,0,0,0,0,6865.93,15628,1,0,10246.8,"",1,1,1,0,0,0,0
5,1960.51,1,64,0,0,15882,1,1,5604.74,"",1,1,1,0,0,0,0,5599.74,15977,1,0,10672.2,"",1,1,1,0,0,0,0
5,1960.51,1,70,1,0,2463,1,1,6871.78,"",1,1,1,0,0,0,0,6866.78,16949,1,0,10706.7,"",1,1,1,0,0,0,0
6,1960.52,1,82,1,0,736,1,1,6688.34,"",1,1,1,0,0,0,0,6682.34,2685,1,0,9210.36,"",1,1,1,0,0,0,0
6,1960.52,1,73,0,0,9858,1,1,5710.51,"",1,1,1,0,0,0,0,5705.51,5037,1,0,8429.56,"",1,1,1,0,0,0,0
6,1960.52,1,79,0,0,11668,1,1,5962.23,"",1,1,1,0,0,0,0,5956.23,11921,1,0,9228.73,"",1,1,1,0,0,0,0
6,1960.52,1,80,0,0,14972,1,1,6227.98,"",1,1,1,0,0,0,0,6221.98,16260,1,0,7333.22,"",1,1,1,0,0,0,0
7,1960.52,1,92,1,0,16792,1,1,7140.72,"",1,1,1,0,0,0,0,7134.72,1480,1,0,9682.85,"",1,1,1,0,0,0,0
8,1960.52,1,104,0,0,16585,1,0,6920.77,"",1,1,1,0,0,0,0,6913.77,635,1,1,6607.63,"",1,1,1,0,0,0,0
8,1960.52,1,106,1,0,2312,1,1,5936.33,"",1,1,1,0,0,0,0,5929.33,682,1,0,8718,"",1,1,1,0,0,0,0
8,1960.52,1,99,0,0,3994,1,0,6795.25,"",1,1,1,0,0,0,0,6787.25,14010,1,1,5337.72,"",1,1,1,0,0,0,0
8,1960.52,1,112,1,0,2649,1,1,7053.9,"",1,1,1,0,0,0,0,7045.9,15298,1,0,7891.02,"",1,1,1,0,0,0,0
9,1960.52,1,114,0,0,10578,1,1,6679.67,"",1,1,1,0,0,0,0,6671.67,2204,1,0,5259.43,"",1,1,1,0,0,0,0
9,1960.52,1,121,1,0,8348,1,1,6860.95,"",1,1,1,0,0,0,0,6851.95,9821,1,0,11947.6,"",1,1,1,0,0,0,0
9,1960.52,1,126,1,0,11509,1,1,5918.26,"",1,1,1,0,0,0,0,5910.26,10122,1,0,10498.1,"",1,1,1,0,0,0,0
9,1960.52,1,127,1,0,13188,1,0,6362.84,"",1,1,1,0,0,0,0,6353.84,14044,1,1,8076.99,"",1,1,1,0,0,0,0
9,1960.52,1,119,0,0,16742,1,1,6261.52,"",1,1,1,0,0,0,0,6253.52,14652,1,0,9686.55,"",1,1,1,0,0,0,0
10,1960.53,1,137,1,0,13418,1,1,7165.14,"",1,1,1,0,0,0,0,7156.14,2220,1,0,8446.46,"",1,1,1,0,0,0,0
10,1960.53,1,132,0,0,14277,1,1,6551.4,"",1,1,1,0,0,0,0,6542.4,6607,1,0,7992.91,"",1,1,1,0,0,0,0
11,1960.53,1,150,1,0,5739,1,0,7292.31,"",1,1,1,0,0,0,0,7282.31,4515,1,1,7375.65,"",1,1,1,0,0,0,0
11,1960.53,1,144,0,0,15150,1,1,6197.51,"",1,1,1,0,0,0,0,6187.51,6346,1,0,7536.78,"",1,1,1,0,0,0,0
12,1960.53,1,163,0,0,10589,1,1,5752.89,"",1,1,1,0,0,0,0,5740.89,12136,1,0,8404.56,"",1,1,1,0,0,0,0
12,1960.53,1,168,1,0,2116,1,0,6475.24,"",1,1,1,0,0,0,0,6463.24,15088,1,1,7393.24,"",1,1,1,0,0,0,0
13,1960.54,1,172,0,0,5537,1,1,7166.34,"",1,1,1,0,0,0,0,7153.34,6654,1,0,7429.36,"",1,1,1,0,0,0,0
13,1960.54,1,173,0,0,4885,1,1,5922.19,"",1,1,1,0,0,0,0,5909.19,9675,1,0,5457.24,"",1,1,1,0,0,0,0
13,1960.54,1,174,0,0,11572,1,1,5927.95,"",1,1,1,0,0,0,0,5915.95,10042,1,0,8509.82,"",1,1,1,0,0,0,0
13,1960.54,1,178,1,0,9876,1,1,7225.64,"",1,1,1,0,0,0,0,7212.64,10303,1,0,11827.5,"",1,1,1,0,0,0,0
13,1960.54,1,176,0,0,15779,1,1,7228.95,"",1,1,1,0,0,0,0,7216.95,10882,1,0,5982.29,"",1,1,1,0,0,0,0
13,1960.54,1,183,1,0,12701,1,1,5752.78,"",1,1,1,0,0,0,0,5739.78,16931,1,0,9980.46,"",1,1,1,0,0,0,0
14,1960.54,1,189,0,0,7240,1,1,6451.3,"",1,1,1,0,0,0,0,6438.3,4343,1,0,9510.45,"",1,1,1,0,0,0,0
14,1960.54,1,192,0,0,13245,1,0,6235.52,"",1,1,1,0,0,0,0,6222.52,7221,1,1,7645.59,"",1,1,1,0,0,0,0
14,1960.54,1,198,1,0,12685,1,1,6030.56,"",1,1,1,0,0,0,0,6016.56,15663,1,0,9089.69,"",1,1,1,0,0,0,0
15,1960.54,1,201,0,0,2733,1,1,7116.37,"",1,1,1,0,0,0,0,7102.37,2389,1,0,9130.68,"",1,1,1,0,0,0,0
15,1960.54,1,213,1,0,5262,1,1,7103.81,"",1,1,1,0,0,0,0,7089.81,4825,1,0,8233.98,"",1,1,1,0,0,0,0
15,1960.54,1,204,0,0,11200,1,1,6464.06,"",1,1,1,0,0,0,0,6449.06,12697,1,0,9335.07,"",1,1,1,0,0,0,0
16,1960.54,1,225,0,0,9903,1,1,6103.6,"",1,1,1,0,0,0,0,6088.6,8662,1,0,8918.9,"",1,1,1,0,0,0,0
16,1960.54,1,216,0,0,9870,1,1,5638.26,"",1,1,1,0,0,0,0,5622.26,12884,1,0,6849.04,"",1,1,1,0,0,0,0
17,1960.55,1,241,0,0,8942,1,1,6592.29,"",1,1,1,0,0,0,0,6575.29,15398,1,0,17362.8,"",1,1,1,0,0,0,0
17,1960.55,1,246,1,0,8991,1,1,6839.02,"",1,1,1,0,0,0,0,6822.02,16275,1,0,4888.75,"",1,1,1,0,0,0,0
18,1960.55,1,255,0,0,9374,1,1,7047.07,"",1,1,1,0,0,0,0,7030.07,1529,1,0,8887.16,"",1,1,1,0,0,0,0
18,1960.55,1,256,0,0,1957,1,0,7107.36,"",1,1,1,0,0,0,0,7089.36,6037,1,1,8285.33,"",1,1,1,0,0,0,0
18,1960.55,1,257,0,0,17245,1,1,7138.09,"",1,1,1,0,0,0,0,7121.09,7833,1,0,9725.79,"",1,1,1,0,0,0,0
18,1960.55,1,258,0,0,17020,1,1,6230.32,"",1,1,1,0,0,0,0,6213.32,10603,1,0,7427.18,"",1,1,1,0,0,0,0
18,1960.55,1,264,1,0,8792,1,0,6314.97,"",1,1,1,0,0,0,0,6296.97,10934,1,1,7790.99,"",1,1,1,0,0,0,0
18,1960.55,1,265,1,0,7960,1,1,7094.47,"",1,1,1,0,0,0,0,7076.47,11847,1,0,8032.68,"",1,1,1,0,0,0,0
18,1960.55,1,261,0,0,17356,1,1,5826.87,"",1,1,1,0,0,0,0,5809.87,14380,1,0,7753.97,"",1,1,1,0,0,0,0
19,1960.55,1,273,0,0,5124,1,1,5856.34,"",1,1,1,0,0,0,0,5838.34,1231,1,0,8214.73,"",1,1,1,0,0,0,0
19,1960.55,1,274,0,0,10980,1,1,5874.19,"",1,1,1,0,0,0,0,5855.19,12622,1,0,7473.63,"",1,1,1,0,0,0,0
19,1960.55,1,281,1,0,8086,1,0,6963.18,"",1,1,1,0,0,0,0,6944.18,15290,1,1,5145.22,"",1,1,1,0,0,0,0
20,1960.55,1,294,1,0,12532,1,1,6893.92,"",1,1,1,0,0,0,0,6874.92,731,1,0,13431.2,"",1,1,1,0,0,0,0
20,1960.55,1,298,1,0,15418,1,0,6449.61,"",1,1,1,0,0,0,0,6430.61,1108,1,1,7353.47,"",1,1,1,0,0,0,0
20,1960.55,1,286,0,0,2457,1,1,6880.39,"",1,1,1,0,0,0,0,6860.39,2529,1,0,10559.5,"",1,1,1,0,0,0,0
20,1960.55,1,289,0,0,13499,1,1,6191.19,"",1,1,1,0,0,0,0,6172.19,7446,1,0,8585.29,"",1,1,1,0,0,0,0
20,1960.55,1,291,0,0,12320,1,1,6438.97,"",1,1,1,0,0,0,0,6419.97,9506,1,0,10620.1,"",1,1,1,0,0,0,0
20,1960.55,1,292,0,0,17198,1,1,6167.19,"",1,1,1,0,0,0,0,6148.19,12483,1,0,9645.32,"",1,1,1,0,0,0,0
20,1960.55,1,293,0,0,938,1,1,5913.86,"",1,1,1,0,0,0,0,5893.86,15705,1,0,9591.82,"",1,1,1,0,0,0,0
20,1960.55,1,295,1,0,10492,1,0,6859.78,"",1,1,1,0,0,0,0,6839.78,16313,1,1,7941.9,"",1,1,1,0,0,0,0
21,1960.56,1,305,0,0,15028,1,0,6769.58,"",1,1,1,0,0,0,0,6749.58,3095,1,1,7851.12,"",1,1,1,0,0,0,0
21,1960.56,1,301,0,0,5944,1,0,6613.67,"",1,1,1,0,0,0,0,6592.67,11117,1,1,9123.39,"",1,1,1,0,0,0,0
22,1960.56,1,313,0,0,7164,1,1,6483.54,"",1,1,1,0,0,0,0,6462.54,4838,1,0,10785.4,"",1,1,1,0,0,0,0
22,1960.56,1,314,0,0,5200,1,1,7310.86,"",1,1,1,0,0,0,0,7289.86,5096,1,0,9743.81,"",1,1,1,0,0,0,0
22,1960.56,1,316,0,0,5898,1,1,6357.16,"",1,1,1,0,0,0,0,6335.16,9106,1,0,8912.35,"",1,1,1,0,0,0,0
22,1960.56,1,318,0,0,5028,1,1,6188.98,"",1,1,1,0,0,0,0,6166.98,13667,1,0,9230.67,"",1,1,1,0,0,0,0
22,1960.56,1,319,1,0,7343,1,1,6879.17,"",1,1,1,0,0,0,0,6857.17,16533,1,0,10259.5,"",1,1,1,0,0,0,0
22,1960.56,1,324,1,0,9362,1,1,5764.26,"",1,1,1,0,0,0,0,5742.26,16796,1,0,8061.62,"",1,1,1,0,0,0,0
22,1960.56,1,315,0,0,8787,1,0,6002.77,"",1,1,1,0,0,0,0,5980.77,16871,1,1,8122.38,"",1,1,1,0,0,0,0
23,1960.56,1,330,1,0,16683,1,1,6664.77,"",1,1,1,0,0,0,0,6642.77,7991,1,0,7380.78,"",1,1,1,0,0,0,0
23,1960.56,1,331,1,0,4631,1,1,7197.43,"",1,1,1,0,0,0,0,7174.43,8299,1,0,9881.76,"",1,1,1,0,0,0,0
23,1960.56,1,334,1,0,15300,1,1,6320.81,"",1,1,1,0,0,0,0,6298.81,14914,1,0,7427.7,"",1,1,1,0,0,0,0
24,1960.57,1,336,0,0,13502,1,1,5730.87,"",1,1,1,0,0,0,0,5707.87,2620,1,0,7772.91,"",1,1,1,0,0,0,0
24,1960.57,1,340,0,0,16897,1,1,6054.43,"",1,1,1,0,0,0,0,6031.43,12210,1,0,8587.84,"",1,1,1,0,0,0,0
24,1960.57,1,344,0,0,15928,1,0,7090.8,"",1,1,1,0,0,0,0,7067.8,13347,1,1,7964.54,"",1,1,1,0,0,0,0
25,1960.57,1,349,0,0,495,1,0,5695.31,"",1,1,1,0,0,0,0,5670.31,4235,1,1,8202.02,"",1,1,1,0,0,0,0
25,1960.57,1,352,1,0,9820,1,1,6260.6,"",1,1,1,0,0,0,0,6236.6,6977,1,0,8398.96,"",1,1,1,0,0,0,0
26,1960.57,1,373,1,0,12997,1,1,7125.13,"",1,1,1,0,0,0,0,7100.13,7107,1,0,9046.76,"",1,1,1,0,0,0,0
26,1960.57,1,368,1,0,4513,1,0,6364.41,"",1,1,1,0,0,0,0,6338.41,7273,1,1,8591.06,"",1,1,1,0,0,0,0
26,1960.57,1,361,0,0,15045,1,1,7057.19,"",1,1,1,0,0,0,0,7032.19,11250,1,0,6265.76,"",1,1,1,0,0,0,0
27,1960.57,1,375,0,0,9062,1,0,6276.85,"",1,1,1,0,0,0,0,6250.85,3159,1,1,7993.19,"",1,1,1,0,0,0,0
27,1960.57,1,383,1,0,8769,1,1,5969.3,"",1,1,1,0,0,0,0,5943.3,3245,1,0,9688.06,"",1,1,1,0,0,0,0
27,1960.57,1,377,0,0,4302,1,1,7229.98,"",1,1,1,0,0,0,0,7203.98,3258,1,0,9617.98,"",1,1,1,0,0,0,0
27,1960.57,1,378,0,0,12221,1,1,6493.74,"",1,1,1,0,0,0,0,6467.74,4199,1,0,9188.86,"",1,1,1,0,0,0,0
27,1960.57,1,376,0,0,14928,1,0,7176.73,"",1,1,1,0,0,0,0,7149.73,17276,1,1,8172.4,"",1,1,1,0,0,0,0
28,1960.58,1,387,0,0,8049,1,1,6749.44,"",1,1,1,0,0,0,0,6722.44,6187,1,0,9722.09,"",1,1,1,0,0,0,0
29,1960.58,1,405,1,0,665,1,1,6319.73,"",1,1,1,0,0,0,0,6290.73,5051,1,0,8311.39,"",1,1,1,0,0,0,0
29,1960.58,1,407,1,0,5624,1,1,6920.41,"",1,1,1,0,0,0,0,6891.41,12757,1,0,8308.43,"",1,1,1,0,0,0,0
29,1960.58,1,402,0,0,2816,1,1,6662.08,"",1,1,1,0,0,0,0,6633.08,15827,1,0,7382.38,"",1,1,1,0,0,0,0
30,1960.58,1,419,1,0,5914,1,1,7279.98,"",1,1,1,0,0,0,0,7250.98,4384,1,0,11074.8,"",1,1,1,0,0,0,0
30,1960.58,1,420,1,0,5631,1,0,6870.56,"",1,1,1,0,0,0,0,6840.56,12087,1,1,6546.53,"",1,1,1,0,0,0,0
30,1960.58,1,416,0,0,3606,1,1,6234.78,"",1,1,1,0,0,0,0,6204.78,12649,1,0,7769.77,"",1,1,1,0,0,0,0
31,1960.58,1,425,0,0,13008,1,1,6808.99,"",1,1,1,0,0,0,0,6778.99,2410,1,0,7368.71,"",1,1,1,0,0,0,0
31,1960.58,1,428,0,0,15573,1,1,6836.14,"",1,1,1,0,0,0,0,6806.14,4151,1,0,7905.15,"",1,1,1,0,0,0,0
31,1960.58,1,433,1,0,12359,1,0,6344.65,"",1,1,1,0,0,0,0,6314.65,7598,1,1,7759.18,"",1,1,1,0,0,0,0
31,1960.58,1,438,1,0,15667,1,1,5977.96,"",1,1,1,0,0,0,0,5947.96,9079,1,0,7788.57,"",1,1,1,0,0,0,0
31,1960.58,1,435,1,0,5494,1,1,6856.51,"",1,1,1,0,0,0,0,6825.51,14197,1,0,7552.74,"",1,1,1,0,0,0,0
32,1960.59,1,442,0,0,16815,1,0,6898.11,"",1,1,1,0,0,0,0,6867.11,1518,1,1,6400.77,"",1,1,1,0,0,0,0
32,1960.59,1,451,1,0,13481,1,1,6848.29,"",1,1,1,0,0,0,0,6817.29,4605,1,0,7725.34,"",1,1,1,0,0,0,0
32,1960.59,1,449,1,0,10488,1,1,5802.05,"",1,1,1,0,0,0,0,5771.05,8334,1,0,9179.03,"",1,1,1,0,0,0,0
32,1960.59,1,444,0,0,2147,1,1,7213.21,"",1,1,1,0,0,0,0,7181.21,8762,1,0,11117.5,"",1,1,1,0,0,0,0
32,1960.59,1,452,1,0,14754,1,1,6552.52,"",1,1,1,0,0,0,0,6520.52,17076,1,0,7967.65,"",1,1,1,0,0,0,0
33,1960.59,1,456,0,0,9757,1,1,6356.81,"",1,1,1,0,0,0,0,6323.81,10014,1,0,7850.78,"",1,1,1,0,0,0,0
33,1960.59,1,458,0,0,17310,1,1,5718.66,"",1,1,1,0,0,0,0,5686.66,14614,1,0,9063.21,"",1,1,1,0,0,0,0
33,1960.59,1,461,0,0,15658,1,1,6570.44,"",1,1,1,0,0,0,0,6537.44,17325,1,0,8047.8,"",1,1,1,0,0,0,0
34,1960.59,1,464,0,0,5363,1,1,6620.9,"",1,1,1,0,0,0,0,6587.9,49,1,0,9122.83,"",1,1,1,0,0,0,0
34,1960.59,1,481,1,0,5280,1,1,6684.42,"",1,1,1,0,0,0,0,6651.42,732,1,0,6209.28,"",1,1,1,0,0,0,0
34,1960.59,1,470,0,0,13333,1,0,6857.9,"",1,1,1,0,0,0,0,6824.9,3287,1,1,8090.71,"",1,1,1,0,0,0,0
34,1960.59,1,482,1,0,11923,1,1,7031.5,"",1,1,1,0,0,0,0,6998.5,3404,1,0,8411.81,"",1,1,1,0,0,0,0
34,1960.59,1,478,1,0,4802,1,1,5983.59,"",1,1,1,0,0,0,0,5949.59,7294,1,0,11158.2,"",1,1,1,0,0,0,0
34,1960.59,1,469,0,0,650,1,1,7091.96,"",1,1,1,0,0,0,0,7057.96,11258,1,0,12202.1,"",1,1,1,0,0,0,0
34,1960.59,1,471,0,0,7863,1,1,7198,"",1,1,1,0,0,0,0,7164,13335,1,0,7356.51,"",1,1,1,0,0,0,0
35,1960.6,1,485,0,0,7159,1,1,6065.79,"",1,1,1,0,0,0,0,6031.79,3959,1,0,8706.98,"",1,1,1,0,0,0,0
36,1960.6,1,495,0,0,2757,1,1,6335.95,"",1,1,1,0,0,0,0,6299.95,8998,1,0,7450.32,"",1,1,1,0,0,0,0
36,1960.6,1,501,1,0,7677,1,1,6903.36,"",1,1,1,0,0,0,0,6867.36,11735,1,0,9821.83,"",1,1,1,0,0,0,0
37,1960.6,1,506,0,0,13863,1,1,6558.69,"",1,1,1,0,0,0,0,6522.69,1762,1,0,6906.46,"",1,1,1,0,0,0,0
37,1960.6,1,509,0,0,7154,1,0,6360.58,"",1,1,1,0,0,0,0,6324.58,6578,1,1,7522.57,"",1,1,1,0,0,0,0
37,1960.6,1,513,1,0,4041,1,1,6691.1,"",1,1,1,0,0,0,0,6654.1,16471,1,0,10448.8,"",1,1,1,0,0,0,0
38,1960.6,1,528,1,0,14234,1,1,7258.17,"",1,1,1,0,0,0,0,7221.17,11068,1,0,10376.4,"",1,1,1,0,0,0,0
38,1960.6,1,524,0,0,16000,1,1,5533.29,"",1,1,1,0,0,0,0,5495.29,16932,1,0,7796.08,"",1,1,1,0,0,0,0
39,1960.61,1,537,1,0,11433,1,1,5770.84,"",1,1,1,0,0,0,0,5732.84,1820,1,0,8359.07,"",1,1,1,0,0,0,0
39,1960.61,1,538,1,0,5136,1,1,6475.47,"",1,1,1,0,0,0,0,6437.47,4065,1,0,7533.25,"",1,1,1,0,0,0,0
39,1960.61,1,532,0,0,1707,1,0,7033.34,"",1,1,1,0,0,0,0,6994.34,4572,1,1,8569.95,"",1,1,1,0,0,0,0
39,1960.61,1,540,1,0,9106,1,0,8929.35,"",1,2,2,0,0,0,0,8912.35,15077,1,1,8095.46,"",1,1,1,0,0,0,0
39,1960.61,1,533,0,0,7225,1,1,6202.07,"",1,1,1,0,0,0,0,6163.07,15106,1,0,8565.36,"",1,1,1,0,0,0,0
40,1960.61,1,551,1,0,16127,1,1,5988.66,"",1,1,1,0,0,0,0,5949.66,909,1,0,9982.53,"",1,1,1,0,0,0,0
40,1960.61,1,546,0,0,4689,1,1,7222.91,"",1,1,1,0,0,0,0,7182.91,7625,1,0,9030.45,"",1,1,1,0,0,0,0
41,1960.61,1,556,0,0,5447,1,1,7216.25,"",1,1,1,0,0,0,0,7176.25,961,1,0,8725.98,"",1,1,1,0,0,0,0
41,1960.61,1,560,1,0,9026,1,1,7297.8,"",1,1,1,0,0,0,0,7257.8,5684,1,0,10477.3,"",1,1,1,0,0,0,0
42,1960.62,1,566,0,0,14694,1,0,7195,"",1,1,1,0,0,0,0,7154,1875,1,1,9845.53,"",1,1,1,0,0,0,0
42,1960.62,1,563,0,0,11219,1,1,7329.02,"",1,1,1,0,0,0,0,7288.02,6764,1,0,6222.34,"",1,1,1,0,0,0,0
42,1960.62,1,570,1,0,5830,1,1,6649.32,"",1,1,1,0,0,0,0,6607.32,10097,1,0,9570.11,"",1,1,1,0,0,0,0
42,1960.62,1,572,1,0,8146,1,1,7283.32,"",1,1,1,0,0,0,0,7241.32,15203,1,0,5053.54,"",1,1,1,0,0,0,0
43,1960.62,1,585,1,0,7471,1,1,6739.3,"",1,1,1,0,0,0,0,6697.3,2677,1,0,9544.69,"",1,1,1,0,0,0,0
43,1960.62,1,576,0,0,530,1,1,5824.84,"",1,1,1,0,0,0,0,5781.84,5106,1,0,8022.31,"",1,1,1,0,0,0,0
43,1960.62,1,578,0,0,5662,1,1,6804.81,"",1,1,1,0,0,0,0,6761.81,13532,1,0,6768.66,"",1,1,1,0,0,0,0
43,1960.62,1,583,1,0,8378,1,1,5892.6,"",1,1,1,0,0,0,0,5849.6,16194,1,0,8043.47,"",1,1,1,0,0,0,0
43,1960.62,1,584,1,0,11545,1,1,6342.85,"",1,1,1,0,0,0,0,6299.85,17153,1,0,8422.31,"",1,1,1,0,0,0,0
44,1960.62,1,588,0,0,13725,1,1,6190.42,"",1,1,1,0,0,0,0,6147.42,86,1,0,10840.3,"",1,1,1,0,0,0,0
44,1960.62,1,595,1,0,11410,1,1,6707.17,"",1,1,1,0,0,0,0,6664.17,3783,1,0,12199,"",1,1,1,0,0,0,0
44,1960.62,1,590,0,0,6496,1,1,6140.86,"",1,1,1,0,0,0,0,6096.86,7027,1,0,8873.99,"",1,1,1,0,0,0,0
44,1960.62,1,597,1,0,5659,1,1,5954.8,"",1,1,1,0,0,0,0,5910.8,10904,1,0,8155.99,"",1,1,1,0,0,0,0
45,1960.62,1,599,0,0,12121,1,1,5671.73,"",1,1,1,0,0,0,0,5627.73,1648,1,0,8688.28,"",1,1,1,0,0,0,0
45,1960.62,1,602,0,0,12915,1,0,6443.97,"",1,1,1,0,0,0,0,6399.97,4382,1,1,9331.28,"",1,1,1,0,0,0,0
45,1960.62,1,603,0,0,16991,1,0,5566.75,"",1,1,1,0,0,0,0,5522.75,5450,1,1,7716.61,"",1,1,1,0,0,0,0
45,1960.62,1,604,0,0,17134,1,0,7114.97,"",1,1,1,0,0,0,0,7070.97,10825,1,1,10511.9,"",1,1,1,0,0,0,0
45,1960.62,1,605,1,0,5751,1,1,6394.67,"",1,1,1,0,0,0,0,6349.67,12807,1,0,10079.8,"",1,1,1,0,0,0,0
46,1960.63,1,609,0,0,8625,1,1,7203.42,"",1,1,1,0,0,0,0,7158.42,3544,1,0,9254.08,"",1,1,1,0,0,0,0
46,1960.63,1,618,1,0,10391,1,1,6515.66,"",1,1,1,0,0,0,0,6470.66,4419,1,0,7883.12,"",1,1,1,0,0,0,0
46,1960.63,1,611,0,0,15784,1,1,5695.12,"",1,1,1,0,0,0,0,5650.12,7297,1,0,7971.17,"",1,1,1,0,0,0,0
47,1960.63,1,626,1,0,5829,1,0,6357.35,"",1,1,1,0,0,0,0,6311.35,3087,1,1,8392.06,"",1,1,1,0,0,0,0
47,1960.63,1,627,1,0,5306,1,1,6395.2,"",1,1,1,0,0,0,0,6348.2,5849,1,0,8434.88,"",1,1,1,0,0,0,0
47,1960.63,1,632,1,0,8237,1,1,6344.07,"",1,1,1,0,0,0,0,6298.07,7034,1,0,8969.63,"",1,1,1,0,0,0,0
47,1960.63,1,629,1,0,11990,1,1,6689.81,"",1,2,2,0,0,0,0,6643.81,8907,1,0,10220.8,"",1,1,1,0,0,0,0
47,1960.63,1,622,0,0,5895,1,0,6669.1,"",1,1,1,0,0,0,0,6622.1,9212,1,1,7528.96,"",1,1,1,0,0,0,0
47,1960.63,1,621,0,0,15555,1,1,7002.84,"",1,1,1,0,0,0,0,6955.84,16380,1,0,7826.19,"",1,1,1,0,0,0,0
47,1960.63,1,623,0,0,1600,1,1,5791.67,"",1,1,1,0,0,0,0,5744.67,16894,1,0,8080.91,"",1,1,1,0,0,0,0
48,1960.63,1,641,1,0,12369,1,0,6505.43,"",1,1,1,0,0,0,0,6458.43,5083,1,1,7836.86,"",1,1,1,0,0,0,0
48,1960.63,1,635,0,0,9508,1,1,6218.93,"",1,1,1,0,0,0,0,6171.93,7559,1,0,7492.83,"",1,1,1,0,0,0,0
48,1960.63,1,647,1,0,4890,1,1,6433.37,"",1,1,1,0,0,0,0,6385.37,10211,1,0,7485.55,"",1,1,1,0,0,0,0
48,1960.63,1,649,1,0,15413,1,1,6720.23,"",1,1,1,0,0,0,0,6673.23,14167,1,0,8744.91,"",1,1,1,0,0,0,0
48,1960.63,1,642,1,0,8927,1,1,6014.93,"",1,1,1,0,0,0,0,5966.93,16470,1,0,8263.24,"",1,1,1,0,0,0,0
49,1960.63,1,664,1,0,5053,1,1,6138.19,"",1,1,1,0,0,0,0,6089.19,6500,1,0,8054.95,"",1,1,1,0,0,0,0
50,1960.64,1,667,0,0,13323,1,1,6792.16,"",1,1,1,0,0,0,0,6743.16,4606,1,0,9538.78,"",1,1,1,0,0,0,0
50,1960.64,1,668,0,0,15172,1,1,6124.11,"",1,1,1,0,0,0,0,6075.11,7571,1,0,8122.83,"",1,1,1,0,0,0,0
50,1960.64,1,671,0,0,977,1,1,6762.69,"",1,1,1,0,0,0,0,6712.69,11108,1,0,8711.79,"",1,1,1,0,0,0,0
50,1960.64,1,673,1,0,3684,1,1,6843.44,"",1,1,1,0,0,0,0,6793.44,14143,1,0,9326.29,"",1,1,1,0,0,0,0
50,1960.64,1,679,1,0,12116,1,1,6983.39,"",1,1,1,0,0,0,0,6933.39,15250,1,0,5303.59,"",1,1,1,0,0,0,0
51,1960.64,1,681,0,0,2976,1,0,6435.14,"",1,1,1,0,0,0,0,6384.14,7350,1,1,7621.22,"",1,1,1,0,0,0,0
51,1960.64,1,682,0,0,3990,1,0,7036.24,"",1,1,1,0,0,0,0,6985.24,9987,1,1,8805.71,"",1,1,1,0,0,0,0
51,1960.64,1,684,0,0,1809,1,1,6188.44,"",1,1,1,0,0,0,0,6137.44,12753,1,0,9154.82,"",1,1,1,0,0,0,0
52,1960.64,1,693,1,0,6240,1,1,6903.68,"",1,1,1,0,0,0,0,6852.68,812,1,0,7532.1,"",1,1,1,0,0,0,0
52,1960.64,1,690,1,0,6065,1,1,7245.74,"",1,1,1,0,0,0,0,7194.74,4891,1,0,10292.7,"",1,1,1,0,0,0,0
53,1960.65,1,707,1,0,7291,1,1,6336.41,"",1,1,1,0,0,0,0,6284.41,65,1,0,7896.07,"",1,1,1,0,0,0,0
53,1960.65,1,696,0,0,7835,1,1,5804.25,"",1,1,1,0,0,0,0,5752.25,2825,1,0,6385.61,"",1,1,1,0,0,0,0
53,1960.65,1,706,1,0,17196,1,0,6939.51,"",1,1,1,0,0,0,0,6887.51,4531,1,1,6107.91,"",1,1,1,0,0,0,0
53,1960.65,1,700,0,0,11364,1,1,7061.79,"",1,1,1,0,0,0,0,7008.79,11454,1,0,9623.53,"",1,1,1,0,0,0,0
54,1960.65,1,710,0,0,1920,1,1,6992.1,"",1,1,1,0,0,0,0,6938.1,8263,1,0,11344,"",1,1,1,0,0,0,0
56,1960.65,1,729,0,0,8132,1,1,6307.11,"",1,1,1,0,0,0,0,6252.11,291,1,0,8040.79,"",1,1,1,0,0,0,0
56,1960.65,1,735,0,0,9378,1,0,6140.8,"",1,1,1,0,0,0,0,6085.8,2508,1,1,7976.6,"",1,1,1,0,0,0,0
56,1960.65,1,731,0,0,7173,1,1,7099.11,"",1,1,1,0,0,0,0,7044.11,3419,1,0,7635.32,"",1,1,1,0,0,0,0
56,1960.65,1,738,1,0,4000,1,1,6256.23,"",1,1,1,0,0,0,0,6200.23,11506,1,0,9999.35,"",1,1,1,0,0,0,0
56,1960.65,1,733,0,0,7126,1,0,6767.15,"",1,1,1,0,0,0,0,6711.15,12435,1,1,5525.11,"",1,1,1,0,0,0,0
56,1960.65,1,736,0,0,15809,1,0,6699.15,"",1,1,1,0,0,0,0,6643.15,16989,1,1,8948.13,"",1,1,1,0,0,0,0
56,1960.65,1,740,1,0,12520,1,1,5770.04,"",1,1,1,0,0,0,0,5714.04,17049,1,0,7736.75,"",1,1,1,0,0,0,0
57,1960.66,1,749,1,0,8427,1,1,5888.05,"",1,1,1,0,0,0,0,5832.05,1971,1,0,9625.84,"",1,1,1,0,0,0,0
57,1960.66,1,747,0,0,16928,1,0,6319.37,"",1,1,1,0,0,0,0,6263.37,10625,1,1,7800.73,"",1,1,1,0,0,0,0
57,1960.66,1,746,0,0,3903,1,1,6287.94,"",1,1,1,0,0,0,0,6230.94,15024,1,0,8372.02,"",1,1,1,0,0,0,0
58,1960.66,1,757,0,0,14738,1,1,5799.46,"",1,1,1,0,0,0,0,5742.46,4342,1,0,7558.7,"",1,1,1,0,0,0,0
58,1960.66,1,758,0,0,10555,1,1,7291.3,"",1,1,1,0,0,0,0,7234.3,10177,1,0,8703.03,"",1,1,1,0,0,0,0
58,1960.66,1,759,1,0,16840,1,1,5936.33,"",1,1,1,0,0,0,0,5879.33,12216,1,0,10342,"",1,1,1,0,0,0,0
59,1960.66,1,765,0,0,1085,1,1,5966.47,"",1,1,1,0,0,0,0,5908.47,549,1,0,8061.36,"",1,1,1,0,0,0,0
59,1960.66,1,768,0,0,414,1,1,6634.19,"",1,1,1,0,0,0,0,6575.19,5667,1,0,9790.98,"",1,1,1,0,0,0,0
59,1960.66,1,771,0,0,6643,1,1,5834.81,"",1,1,1,0,0,0,0,5775.81,10006,1,0,8600.71,"",1,1,1,0,0,0,0
59,1960.66,1,774,1,0,15102,1,1,5540.66,"",1,1,1,0,0,0,0,5482.66,11776,1,0,8531.87,"",1,1,1,0,0,0,0
60,1960.66,1,782,0,0,7446,1,0,8624.29,"",1,2,2,0,0,0,0,8585.29,6983,1,1,7915.46,"",1,1,1,0,0,0,0
61,1960.67,1,793,0,0,8755,1,1,6540.71,"",1,1,1,0,0,0,0,6480.71,4721,1,0,8936.53,"",1,1,1,0,0,0,0
61,1960.67,1,791,0,0,3919,1,0,6012.99,"",1,1,1,0,0,0,0,5951.99,8908,1,1,8915.1,"",1,1,1,0,0,0,0
61,1960.67,1,799,1,0,4206,1,1,6760.73,"",1,1,1,0,0,0,0,6699.73,12458,1,0,7941.39,"",1,1,1,0,0,0,0
62,1960.67,1,809,1,0,11450,1,1,6229.44,"",1,1,1,0,0,0,0,6168.44,10916,1,0,8581.76,"",1,1,1,0,0,0,0
63,1960.67,1,813,0,0,15003,1,1,6652.33,"",1,1,1,0,0,0,0,6590.33,4963,1,0,8810,"",1,1,1,0,0,0,0
63,1960.67,1,814,0,0,5869,1,1,6756.59,"",1,1,1,0,0,0,0,6694.59,5674,1,0,7900.39,"",1,1,1,0,0,0,0
63,1960.67,1,823,1,0,15139,1,1,6221.05,"",1,1,1,0,0,0,0,6159.05,12105,1,0,8380.66,"",1,1,1,0,0,0,0
64,1960.68,1,829,0,0,8614,1,1,7254.94,"",1,1,1,0,0,0,0,7191.94,2074,1,0,7627.72,"",1,1,1,0,0,0,0
64,1960.68,1,837,2,0,15474,1,1,6922.62,"",1,1,1,0,0,0,0,6859.62,7900,1,0,8232.6,"",1,1,1,0,0,0,0
64,1960.68,1,830,1,0,3963,1,0,6303.34,"",1,1,1,0,0,0,0,6239.34,7912,1,1,7668.42,"",1,1,1,0,0,0,0
65,1960.68,1,838,0,0,3354,1,0,6424.71,"",1,1,1,0,0,0,0,6359.71,5445,1,1,9044.24,"",1,1,1,0,0,0,0
66,1960.68,1,843,0,0,8892,1,1,6372.52,"",1,1,1,0,0,0,0,6307.52,4185,1,0,9085.67,"",1,1,1,0,0,0,0
66,1960.68,1,844,0,0,1908,1,1,6028.86,"",1,1,1,0,0,0,0,5962.86,9854,1,0,10558.2,"",1,1,1,0,0,0,0
67,1960.68,1,857,1,0,8242,1,1,6427.78,"",1,1,1,0,0,0,0,6361.78,1239,1,0,7798.14,"",1,1,1,0,0,0,0
67,1960.68,1,858,1,0,12974,1,1,7340.48,"",1,1,1,0,0,0,0,7274.48,9322,1,0,9653.9,"",1,1,1,0,0,0,0
67,1960.68,1,855,0,0,10173,1,1,6693.4,"",1,1,1,0,0,0,0,6626.4,11711,1,0,5609.06,"",1,1,1,0,0,0,0
67,1960.68,1,851,0,0,3460,1,0,6051.65,"",1,1,1,0,0,0,0,5984.65,13549,1,1,8576.06,"",1,1,1,0,0,0,0
68,1960.69,1,861,0,0,1633,1,0,6469.84,"",1,1,1,0,0,0,0,6401.84,2986,1,1,6378.44,"",1,1,1,0,0,0,0
68,1960.69,1,869,1,0,4084,1,0,6711.85,"",1,1,1,0,0,0,0,6644.85,3300,1,1,8143.36,"",1,1,1,0,0,0,0
68,1960.69,1,865,0,0,17110,1,0,6683.79,"",1,1,1,0,0,0,0,6616.79,6741,1,1,8454.64,"",1,1,1,0,0,0,0
68,1960.69,1,871,1,0,11688,1,1,6412.93,"",1,1,1,0,0,0,0,6345.93,7807,1,0,8948.46,"",1,1,1,0,0,0,0
68,1960.69,1,864,0,0,14944,1,1,5939.25,"",1,1,1,0,0,0,0,5872.25,10325,1,0,9723.58,"",1,1,1,0,0,0,0
69,1960.69,1,889,1,0,16386,1,1,5794.47,"",1,1,1,0,0,0,0,5726.47,12143,1,0,9107.46,"",1,1,1,0,0,0,0
69,1960.69,1,876,0,0,6167,1,0,7143.66,"",1,1,1,0,0,0,0,7074.66,14439,1,1,9439.76,"",1,1,1,0,0,0,0
69,1960.69,1,886,1,0,10382,1,1,5954.34,"",1,1,1,0,0,0,0,5885.34,15914,1,0,8311.94,"",1,1,1,0,0,0,0
70,1960.69,1,902,1,0,13315,1,1,6627.1,"",1,1,1,0,0,0,0,6558.1,2495,1,0,8129.88,"",1,1,1,0,0,0,0
70,1960.69,1,894,0,0,10057,1,1,7081.52,"",1,1,1,0,0,0,0,7012.52,7656,1,0,8754.31,"",1,1,1,0,0,0,0
70,1960.69,1,899,1,0,8825,1,1,7210.35,"",1,1,1,0,0,0,0,7140.35,9257,1,0,9196.4,"",1,1,1,0,0,0,0
70,1960.69,1,896,0,0,12113,1,0,6293.87,"",1,1,1,0,0,0,0,6224.87,11695,1,1,9121.17,"",1,1,1,0,0,0,0
71,1960.69,1,903,0,0,281,1,1,7109.42,"",1,1,1,0,0,0,0,7038.42,866,1,0,6459.31,"",1,1,1,0,0,0,0
71,1960.69,1,912,1,0,6323,1,1,6411.1,"",1,1,1,0,0,0,0,6340.1,7527,1,0,10250.2,"",1,2,2,0,0,0,0
72,1960.7,1,918,0,0,13935,1,1,6799.95,"",1,1,1,0,0,0,0,6728.95,3090,1,0,8951.92,"",1,1,1,0,0,0,0
72,1960.7,1,915,0,0,519,1,0,6201.36,"",1,1,1,0,0,0,0,6129.36,5691,1,1,7793.76,"",1,1,1,0,0,0,0
72,1960.7,1,919,0,0,16763,1,0,6114.3,"",1,1,1,0,0,0,0,6043.3,10995,1,1,8161.87,"",1,1,1,0,0,0,0
73,1960.7,1,924,0,0,6760,1,1,7320.28,"",1,1,1,0,0,0,0,7247.28,14252,1,0,10024,"",1,1,1,0,0,0,0
74,1960.7,1,929,0,0,2984,1,1,6172.03,"",1,1,1,0,0,0,0,6098.03,4849,1,0,8021.35,"",1,1,1,0,0,0,0
74,1960.7,1,931,0,0,13641,1,1,7307.18,"",1,1,1,0,0,0,0,7234.18,6535,1,0,9103.68,"",1,1,1,0,0,0,0
75,1960.71,1,950,0,0,6063,1,1,6897.42,"",1,1,1,0,0,0,0,6822.42,17263,1,0,8189.18,"",1,1,1,0,0,0,0
76,1960.71,1,960,1,0,6474,1,1,6211.31,"",1,1,1,0,0,0,0,6136.31,1551,1,0,8176.6,"",1,1,1,0,0,0,0
76,1960.71,1,952,0,0,8576,1,1,6359.19,"",1,1,1,0,0,0,0,6284.19,1870,1,0,7730.96,"",1,1,1,0,0,0,0
76,1960.71,1,953,0,0,16393,1,1,7152.91,"",1,1,1,0,0,0,0,7077.91,1899,1,0,9629.42,"",1,1,1,0,0,0,0
76,1960.71,1,956,0,0,10202,1,0,5931.87,"",1,1,1,0,0,0,0,5856.87,5942,1,1,8841.43,"",1,1,1,0,0,0,0
76,1960.71,1,962,1,0,16644,1,1,6706.28,"",1,1,1,0,0,0,0,6631.28,7792,1,0,8773.32,"",1,1,1,0,0,0,0
77,1960.71,1,971,0,0,12796,1,0,6533.9,"",1,1,1,0,0,0,0,6457.9,4999,1,1,7537.88,"",1,1,1,0,0,0,0
77,1960.71,1,965,0,0,4346,1,1,6868.49,"",1,1,1,0,0,0,0,6791.49,6220,1,0,9760.29,"",1,1,1,0,0,0,0
77,1960.71,1,966,0,0,7670,1,0,6798.35,"",1,1,1,0,0,0,0,6721.35,10333,1,1,5277.64,"",1,1,1,0,0,0,0
77,1960.71,1,970,0,0,10872,1,1,5563.79,"",1,1,1,0,0,0,0,5486.79,11570,1,0,9370.37,"",1,1,1,0,0,0,0
77,1960.71,1,964,0,0,6006,1,0,6306,"",1,1,1,0,0,0,0,6229,12351,1,1,7611.01,"",1,1,1,0,0,0,0
78,1960.71,1,987,1,0,1353,1,1,6694.48,"",1,1,1,0,0,0,0,6616.48,2430,1,0,9476.06,"",1,1,1,0,0,0,0
80,1960.72,1,1002,0,0,3861,1,1,6318.13,"",1,1,1,0,0,0,0,6239.13,1449,1,0,9082.53,"",1,1,1,0,0,0,0
80,1960.72,1,1010,1,0,1442,1,1,7355.89,"",1,1,1,0,0,0,0,7275.89,4738,1,0,10225,"",1,1,1,0,0,0,0
80,1960.72,1,1005,0,0,11992,1,0,6263.63,"",1,1,1,0,0,0,0,6184.63,8695,1,1,7694.9,"",1,1,1,0,0,0,0
80,1960.72,1,1012,1,0,13775,1,1,6700.04,"",1,1,1,0,0,0,0,6621.04,8777,1,0,12854,"",1,1,1,0,0,0,0
80,1960.72,1,1004,0,0,6382,1,1,5719.13,"",1,1,1,0,0,0,0,5639.13,9112,1,0,9006.88,"",1,1,1,0,0,0,0
80,1960.72,1,1008,0,0,16033,1,1,6006.53,"",1,1,1,0,0,0,0,5927.53,9982,1,0,10395.9,"",1,1,1,0,0,0,0
80,1960.72,1,1009,0,0,15644,1,0,7204.55,"",1,1,1,0,0,0,0,7125.55,12662,1,1,7036.36,"",1,1,1,0,0,0,0
81,1960.72,1,1021,0,0,11422,1,1,7165.37,"",1,1,1,0,0,0,0,7085.37,6179,1,0,8841.65,"",1,1,1,0,0,0,0
81,1960.72,1,1026,1,0,9785,1,1,6433.56,"",1,1,1,0,0,0,0,6352.56,12189,1,0,7061.61,"",1,1,1,0,0,0,0
82,1960.72,1,1031,0,0,6079,1,1,6277.87,"",1,1,1,0,0,0,0,6195.87,12581,1,0,7383.95,"",1,1,1,0,0,0,0
83,1960.73,1,1042,0,0,10154,1,0,5879.23,"",1,1,1,0,0,0,0,5797.23,6203,1,1,6959.59,"",1,1,1,0,0,0,0
83,1960.73,1,1041,0,0,5406,1,1,5695.08,"",1,1,1,0,0,0,0,5612.08,8438,1,0,8202.6,"",1,1,1,0,0,0,0
83,1960.73,1,1050,1,0,5168,1,1,6332.64,"",1,1,1,0,0,0,0,6249.64,11099,1,0,8262.87,"",1,1,1,0,0,0,0
83,1960.73,1,1046,1,0,2816,1,1,6716.08,"",1,2,2,0,0,0,0,6633.08,11602,1,0,11424.4,"",1,1,1,0,0,0,0
83,1960.73,1,1049,1,0,14949,1,1,6770.72,"",1,1,1,0,0,0,0,6687.72,16500,1,0,8560.02,"",1,1,1,0,0,0,0
84,1960.73,1,1054,0,0,9493,1,1,6995.78,"",1,1,1,0,0,0,0,6912.78,4771,1,0,7769.42,"",1,1,1,0,0,0,0
84,1960.73,1,1057,0,0,14290,1,1,6657.88,"",1,1,1,0,0,0,0,6574.88,13105,1,0,10343.6,"",1,1,1,0,0,0,0
85,1960.73,1,1073,1,0,15949,1,0,6758.86,"",1,1,1,0,0,0,0,6674.86,256,1,1,5949.72,"",1,1,1,0,0,0,0
85,1960.73,1,1078,1,0,6389,1,1,7203.72,"",1,1,1,0,0,0,0,7119.72,276,1,0,8937.38,"",1,1,1,0,0,0,0
85,1960.73,1,1065,0,0,7388,1,1,5687.61,"",1,1,1,0,0,0,0,5603.61,6524,1,0,8688.49,"",1,1,1,0,0,0,0
85,1960.73,1,1066,0,0,9690,1,1,6774.57,"",1,1,1,0,0,0,0,6690.57,8389,1,0,7695.22,"",1,1,1,0,0,0,0
85,1960.73,1,1067,0,0,10438,1,1,7144.83,"",1,1,1,0,0,0,0,7059.83,10540,1,0,8356.58,"",1,1,1,0,0,0,0
86,1960.74,1,1091,1,0,2147,1,1,7266.21,"",1,2,2,0,0,0,0,7181.21,344,1,0,9790.55,"",1,1,1,0,0,0,0
86,1960.74,1,1093,1,0,522,1,1,5906.52,"",1,1,1,0,0,0,0,5820.52,1048,1,0,8550.49,"",1,1,1,0,0,0,0
86,1960.74,1,1080,0,0,98,1,1,6535.29,"",1,1,1,0,0,0,0,6449.29,1616,1,0,9817.72,"",1,1,1,0,0,0,0
86,1960.74,1,1088,0,0,6893,1,1,5886.23,"",1,1,1,0,0,0,0,5800.23,15820,1,0,8750.61,"",1,1,1,0,0,0,0
87,1960.74,1,1104,1,0,6228,1,1,7343.56,"",1,1,1,0,0,0,0,7256.56,11063,1,0,7553.46,"",1,1,1,0,0,0,0
87,1960.74,1,1099,0,0,10434,1,1,6309.19,"",1,1,1,0,0,0,0,6222.19,13166,1,0,9567.2,"",1,1,1,0,0,0,0
87,1960.74,1,1100,0,0,4191,1,1,6798.78,"",1,1,1,0,0,0,0,6711.78,13521,1,0,8079.17,"",1,1,1,0,0,0,0
89,1960.74,1,1114,0,0,2976,1,0,6473.14,"",1,2,2,0,0,0,0,6384.14,9650,1,1,6012.97,"",1,1,1,0,0,0,0
90,1960.75,1,1123,0,0,10810,1,0,6108.41,"",1,1,1,0,0,0,0,6019.41,365,1,1,7054.61,"",1,1,1,0,0,0,0
91,1960.75,1,1134,1,0,9949,1,1,6801.84,"",1,1,1,0,0,0,0,6711.84,4378,1,0,8043.63,"",1,1,1,0,0,0,0
91,1960.75,1,1129,0,0,3282,1,1,5993.17,"",1,2,2,0,0,0,0,5902.17,14407,1,0,9584.83,"",1,1,1,0,0,0,0
92,1960.75,1,1146,1,0,13551,1,1,5787.91,"",1,1,1,0,0,0,0,5696.91,3468,1,0,7562.72,"",1,1,1,0,0,0,0
92,1960.75,1,1138,0,0,10941,1,1,6571.53,"",1,1,1,0,0,0,0,6480.53,10362,1,0,10532.9,"",1,1,1,0,0,0,0
92,1960.75,1,845,1,0,1045,1,1,6331.59,"",1,1,1,0,0,0,0,6239.59,11487,1,0,7191.76,"",1,1,1,0,0,0,0
93,1960.75,1,1147,0,0,16492,1,1,6415.24,"",1,1,1,0,0,0,0,6323.24,2972,1,0,7595.74,"",1,1,1,0,0,0,0
93,1960.75,1,58,0,0,1581,1,0,5430.4,"",1,1,1,0,0,0,0,5342.4,4717,1,1,7259.45,"",1,1,1,0,0,0,0
93,1960.75,1,1151,0,0,1824,1,1,5893.58,"",1,1,1,0,0,0,0,5800.58,13565,1,0,6598.84,"",1,1,1,0,0,0,0
94,1960.76,1,1160,0,0,16877,1,1,6882.51,"",1,1,1,0,0,0,0,6789.51,6509,1,0,8942.09,"",1,1,1,0,0,0,0
94,1960.76,1,1161,0,0,3505,1,1,6015.09,"",1,1,1,0,0,0,0,5921.09,8297,1,0,8194.97,"",1,1,1,0,0,0,0
94,1960.76,1,394,0,0,4408,1,0,7125.24,"",1,1,1,0,0,0,0,7031.24,9990,1,1,6651.51,"",1,1,1,0,0,0,0
95,1960.76,1,1169,0,0,11754,1,0,6291.48,"",1,1,1,0,0,0,0,6197.48,2553,1,1,5802.13,"",1,1,1,0,0,0,0
95,1960.76,1,1167,0,0,7158,1,0,7296.93,"",1,1,1,0,0,0,0,7202.93,5443,1,1,5128.23,"",1,1,1,0,0,0,0
95,1960.76,1,1166,0,0,3605,1,1,5954.31,"",1,1,1,0,0,0,0,5859.31,5973,1,0,8157.79,"",1,1,1,0,0,0,0
95,1960.76,1,961,1,0,3869,1,0,6040.96,"",1,1,1,0,0,0,0,5945.96,6967,1,1,6788,"",1,1,1,0,0,0,0
95,1960.76,1,1168,0,0,10575,1,1,6527.87,"",1,1,1,0,0,0,0,6433.87,8197,1,0,9364.82,"",1,1,1,0,0,0,0
96,1960.76,1,1178,0,0,8570,1,1,6768.2,"",1,1,1,0,0,0,0,6673.2,3070,1,0,8886.58,"",1,1,1,0,0,0,0
96,1960.76,1,1182,1,0,16370,1,1,5631.78,"",1,1,1,0,0,0,0,5536.78,3943,1,0,10133.7,"",1,1,1,0,0,0,0
96,1960.76,1,1180,0,0,5912,1,1,6030.84,"",1,1,1,0,0,0,0,5934.84,15655,1,0,11966.7,"",1,1,1,0,0,0,0
96,1960.76,1,1184,1,0,17238,1,1,7254.79,"",1,1,1,0,0,0,0,7159.79,16113,1,0,8784.28,"",1,1,1,0,0,0,0
97,1960.77,1,1192,0,0,6599,1,1,7333.91,"",1,1,1,0,0,0,0,7237.91,5907,1,0,9443,"",1,1,1,0,0,0,0
97,1960.77,1,1202,1,0,14184,1,1,5586.1,"",1,1,1,0,0,0,0,5490.1,13307,1,0,8825.19,"",1,1,1,0,0,0,0
97,1960.77,1,1201,1,0,1523,1,1,5721.85,"",1,1,1,0,0,0,0,5624.85,13850,1,0,6355.26,"",1,1,1,0,0,0,0
98,1960.77,1,1213,1,0,16735,1,1,6856.14,"",1,1,1,0,0,0,0,6759.14,390,1,0,8212.13,"",1,1,1,0,0,0,0
98,1960.77,1,1215,1,0,15993,1,1,7334.37,"",1,1,1,0,0,0,0,7237.37,2669,1,0,9674.85,"",1,1,1,0,0,0,0
98,1960.77,1,1208,0,0,12237,1,1,6311.78,"",1,1,1,0,0,0,0,6214.78,10198,1,0,8807.08,"",1,1,1,0,0,0,0
98,1960.77,1,1209,0,0,3,1,1,6699.63,"",1,1,1,0,0,0,0,6601.63,12635,1,0,9664.13,"",1,1,1,0,0,0,0
98,1960.77,1,1212,1,0,14639,1,1,7152.39,"",1,1,1,0,0,0,0,7054.39,14804,1,0,9930.34,"",1,1,1,0,0,0,0
99,1960.77,1,1216,0,0,11353,1,0,7065.72,"",1,1,1,0,0,0,0,6966.72,13939,1,1,8120.97,"",1,1,1,0,0,0,0
100,1960.77,1,1161,0,0,8297,1,0,8199.97,"",1,1,1,0,0,0,0,8194.97,3505,1,1,6021.09,"",1,1,1,0,0,0,0
100,1960.77,1,1223,0,0,14329,1,1,6133.37,"",1,1,1,0,0,0,0,6034.37,3976,1,0,9825.64,"",1,1,1,0,0,0,0
100,1960.77,1,1224,0,0,697,1,1,6993.25,"",1,1,1,0,0,0,0,6893.25,5908,1,0,10209,"",1,1,1,0,0,0,0
100,1960.77,1,1238,1,0,8373,1,1,6022.14,"",1,1,1,0,0,0,0,5923.14,7782,1,0,10333.7,"",1,1,1,0,0,0,0
100,1960.77,1,216,0,0,12884,1,0,6932.04,"",1,1,1,0,0,0,0,6849.04,9870,1,1,5722.26,"",1,1,1,0,0,0,0
100,1960.77,1,167,1,0,4942,1,0,6001.42,"",1,1,1,0,0,0,0,5901.42,10628,1,1,6306.23,"",1,1,1,0,0,0,0
100,1960.77,1,1012,1,0,8777,1,0,12874,"",1,1,1,0,0,0,0,12854,13775,1,1,6721.04,"",1,1,1,0,0,0,0
101,1960.78,1,1242,0,0,2310,1,1,6722.53,"",1,1,1,0,0,0,0,6622.53,1402,1,0,7676.34,"",1,1,1,0,0,0,0
101,1960.78,1,1243,0,0,9592,1,1,7331.89,"",1,1,1,0,0,0,0,7231.89,1594,1,0,7741.64,"",1,1,1,0,0,0,0
101,1960.78,1,1251,1,0,2466,1,1,7038.35,"",1,2,2,0,0,0,0,6938.35,2237,1,0,4832.26,"",1,1,1,0,0,0,0
101,1960.78,1,1252,1,0,13905,1,1,6957.43,"",1,1,1,0,0,0,0,6857.43,4886,1,0,8625.66,"",1,1,1,0,0,0,0
101,1960.78,1,1005,0,0,8695,1,1,7715.9,"",1,1,1,0,0,0,0,7694.9,11992,1,0,6285.63,"",1,1,1,0,0,0,0
101,1960.78,1,1246,1,0,11392,1,0,6205.73,"",1,1,1,0,0,0,0,6104.73,12791,1,1,8149.69,"",1,1,1,0,0,0,0
101,1960.78,1,1244,0,0,5755,1,1,6688.43,"",1,1,1,0,0,0,0,6587.43,13158,1,0,8287.48,"",1,1,1,0,0,0,0
102,1960.78,1,1254,0,0,6766,1,1,6008.75,"",1,1,1,0,0,0,0,5907.75,1605,1,0,7758.35,"",1,1,1,0,0,0,0
102,1960.78,1,1058,0,0,16620,1,0,6869.28,"",1,1,1,0,0,0,0,6768.28,7267,1,1,6533,"",1,1,1,0,0,0,0
102,1960.78,1,818,0,0,11537,1,0,7396.43,"",1,1,1,0,0,0,0,7295.43,10188,1,1,6769.8,"",1,1,1,0,0,0,0
103,1960.78,1,734,0,0,7175,1,0,6331.95,"",1,1,1,0,0,0,0,6229.95,2117,1,1,6393.77,"",1,1,1,0,0,0,0
103,1960.78,1,1091,1,0,344,1,0,9807.55,"",1,1,1,0,0,0,0,9790.55,2147,1,1,7284.21,"",1,2,2,0,0,0,0
103,1960.78,1,746,0,0,15024,1,0,8417.02,"",1,1,1,0,0,0,0,8372.02,3903,1,1,6333.94,"",1,1,1,0,0,0,0
103,1960.78,1,1268,1,0,2563,1,1,6990.23,"",1,1,1,0,0,0,0,6887.23,4466,1,0,8444.74,"",1,1,1,0,0,0,0
103,1960.78,1,820,0,0,13210,1,0,5654.71,"",1,1,1,0,0,0,0,5552.71,4469,1,1,7092.74,"",1,1,1,0,0,0,0
103,1960.78,1,531,0,0,1109,1,0,7043.54,"",1,1,1,0,0,0,0,6940.54,11093,1,1,6490.3,"",1,1,1,0,0,0,0
104,1960.78,1,1093,1,0,1048,1,0,8567.49,"",1,1,1,0,0,0,0,8550.49,522,1,1,5924.52,"",1,1,1,0,0,0,0
104,1960.78,1,1178,0,0,3070,1,0,8894.58,"",1,1,1,0,0,0,0,8886.58,8570,1,1,6777.2,"",1,1,1,0,0,0,0
104,1960.78,1,584,1,0,17153,1,0,8482.31,"",1,1,1,0,0,0,0,8422.31,11545,1,1,6403.85,"",1,1,1,0,0,0,0
104,1960.78,1,433,1,0,7598,1,1,7832.18,"",1,1,1,0,0,0,0,7759.18,12359,1,0,6418.65,"",1,1,1,0,0,0,0
104,1960.78,1,1270,0,0,7040,1,0,5671.21,"",1,1,1,0,0,0,0,5567.21,14927,1,1,5506.11,"",1,1,1,0,0,0,0
105,1960.79,1,1271,0,0,15511,1,1,7024.04,"",1,1,1,0,0,0,0,6920.04,503,1,0,9867.85,"",1,1,1,0,0,0,0
105,1960.79,1,578,0,0,13532,1,0,6829.66,"",1,1,1,0,0,0,0,6768.66,5662,1,1,6866.81,"",1,1,1,0,0,0,0
105,1960.79,1,353,1,0,8744,1,0,5666.15,"",1,1,1,0,0,0,0,5562.15,7257,1,1,6945.05,"",1,1,1,0,0,0,0
105,1960.79,1,1281,1,0,5978,1,1,6107.06,"",1,1,1,0,0,0,0,6002.06,7924,1,0,9857.79,"",1,1,1,0,0,0,0
105,1960.79,1,1282,1,0,4188,1,1,6661.14,"",1,1,1,0,0,0,0,6556.14,9978,1,0,8027.32,"",1,1,1,0,0,0,0
105,1960.79,1,894,0,0,7656,1,0,8789.31,"",1,1,1,0,0,0,0,8754.31,10057,1,1,7117.52,"",1,1,1,0,0,0,0
105,1960.79,1,1274,0,0,16294,1,1,6296.11,"",1,2,2,0,0,0,0,6192.11,11742,1,0,7479.37,"",1,1,1,0,0,0,0
105,1960.79,1,1039,1,0,9296,1,0,6759.47,"",1,1,1,0,0,0,0,6654.47,12197,1,1,7116.35,"",1,1,1,0,0,0,0
105,1960.79,1,1277,1,0,3095,1,1,7935.12,"",1,2,2,0,0,0,0,7851.12,15589,1,0,15112.1,"",1,1,1,0,0,0,0
105,1960.79,1,1058,0,0,7267,1,1,6536,"",1,1,1,0,0,0,0,6533,16620,1,0,6873.28,"",1,1,1,0,0,0,0
105,1960.79,1,747,0,0,10625,1,1,7848.73,"",1,1,1,0,0,0,0,7800.73,16928,1,0,6368.37,"",1,1,1,0,0,0,0
106,1960.79,1,814,0,0,5674,1,0,7943.39,"",1,1,1,0,0,0,0,7900.39,5869,1,1,6800.59,"",1,1,1,0,0,0,0
106,1960.79,1,419,1,0,4384,1,0,11150.8,"",1,1,1,0,0,0,0,11074.8,5914,1,1,7356.98,"",1,1,1,0,0,0,0
106,1960.79,1,1292,1,0,8444,1,1,7340.07,"",1,1,1,0,0,0,0,7234.07,9565,1,0,10341.4,"",1,1,1,0,0,0,0
106,1960.79,1,178,1,0,10303,1,0,11919.5,"",1,1,1,0,0,0,0,11827.5,9876,1,1,7318.64,"",1,1,1,0,0,0,0
106,1960.79,1,1288,0,0,12896,1,1,7300.26,"",1,1,1,0,0,0,0,7195.26,11074,1,0,8770.36,"",1,1,1,0,0,0,0
106,1960.79,1,441,0,0,14160,1,1,7379.78,"",1,1,1,0,0,0,0,7274.78,12721,1,0,6986.52,"",1,1,1,0,0,0,0
106,1960.79,1,1294,1,0,14162,1,1,6023.18,"",1,1,1,0,0,0,0,5918.18,13103,1,0,12162,"",1,1,1,0,0,0,0
106,1960.79,1,1289,0,0,11076,1,1,6483.58,"",1,1,1,0,0,0,0,6377.58,15174,1,0,8489.29,"",1,1,1,0,0,0,0
107,1960.79,1,710,0,0,8263,1,0,11396,"",1,1,1,0,0,0,0,11344,1920,1,1,7045.1,"",1,1,1,0,0,0,0
107,1960.79,1,526,1,0,13475,1,0,6083.82,"",1,1,1,0,0,0,0,5977.82,2157,1,1,7167.49,"",1,1,1,0,0,0,0
107,1960.79,1,151,1,0,6657,1,0,6564.95,"",1,1,1,0,0,0,0,6458.95,2337,1,1,6578.53,"",1,1,1,0,0,0,0
107,1960.79,1,150,1,0,4515,1,1,7471.65,"",1,1,1,0,0,0,0,7375.65,5739,1,0,7389.31,"",1,1,1,0,0,0,0
107,1960.79,1,1308,0,0,4172,1,1,6685.67,"",1,1,1,0,0,0,0,6578.67,6417,1,0,7969.08,"",1,1,1,0,0,0,0
107,1960.79,1,1317,1,0,2491,1,1,6265.04,"",1,1,1,0,0,0,0,6158.04,6447,1,0,10052.5,"",1,1,1,0,0,0,0
107,1960.79,1,1256,0,0,8849,1,1,6011.37,"",1,1,1,0,0,0,0,5905.37,6454,1,0,7009.57,"",1,1,1,0,0,0,0
107,1960.79,1,1319,1,0,11175,1,1,6077.09,"",1,1,1,0,0,0,0,5970.09,14133,1,0,7640.18,"",1,1,1,0,0,0,0
107,1960.79,1,566,0,0,1875,1,1,9910.53,"",1,1,1,0,0,0,0,9845.53,14694,1,0,7261,"",1,1,1,0,0,0,0
107,1960.79,1,649,1,0,14167,1,0,8803.91,"",1,1,1,0,0,0,0,8744.91,15413,1,1,6780.23,"",1,1,1,0,0,0,0
108,1960.8,1,1207,0,0,8747,1,0,7278.4,"",1,1,1,0,0,0,0,7171.4,1836,1,1,5763.34,"",1,1,1,0,0,0,0
108,1960.8,1,286,0,0,2529,1,0,10646.5,"",1,1,1,0,0,0,0,10559.5,2457,1,1,6968.39,"",1,1,1,0,0,0,0
108,1960.8,1,1324,0,0,13261,1,0,6567.33,"",1,1,1,0,0,0,0,6460.33,8159,1,1,7986.88,"",1,1,1,0,0,0,0
108,1960.8,1,1243,0,0,1594,1,0,7748.64,"",1,1,1,0,0,0,0,7741.64,9592,1,1,7339.89,"",1,1,1,0,0,0,0
108,1960.8,1,983,0,0,1345,1,0,6557.36,"",1,1,1,0,0,0,0,6449.36,10004,1,1,6960.56,"",1,1,1,0,0,0,0
108,1960.8,1,12,0,0,7849,1,1,7316.77,"",1,1,1,0,0,0,0,7208.77,11209,1,0,10369.3,"",1,1,1,0,0,0,0
108,1960.8,1,1328,1,0,6876,1,1,5949.47,"",1,1,1,0,0,0,0,5841.47,11373,1,0,10124.7,"",1,1,1,0,0,0,0
108,1960.8,1,378,0,0,4199,1,0,9269.86,"",1,1,1,0,0,0,0,9188.86,12221,1,1,6575.74,"",1,1,1,0,0,0,0
108,1960.8,1,1333,1,0,7050,1,1,6497.5,"",1,1,1,0,0,0,0,6389.5,15114,1,0,7303.07,"",1,1,1,0,0,0,0
108,1960.8,1,621,0,0,16380,1,0,7886.19,"",1,1,1,0,0,0,0,7826.19,15555,1,1,7063.84,"",1,1,1,0,0,0,0
108,1960.8,1,43,0,0,8660,1,0,11492.7,"",1,1,1,0,0,0,0,11388.7,15937,1,1,5870.84,"",1,1,1,0,0,0,0
109,1960.8,1,913,1,0,16126,1,1,6074.93,"",1,1,1,0,0,0,0,5966.93,3500,1,0,6530.74,"",1,1,1,0,0,0,0
109,1960.8,1,538,1,0,4065,1,0,7603.25,"",1,1,1,0,0,0,0,7533.25,5136,1,1,6546.47,"",1,1,1,0,0,0,0
109,1960.8,1,499,1,0,13696,1,1,6190.33,"",1,1,1,0,0,0,0,6082.33,5284,1,0,7406.94,"",1,1,1,0,0,0,0
109,1960.8,1,1337,0,0,14495,1,0,6167.05,"",1,1,1,0,0,0,0,6059.05,5702,1,1,5407.62,"",1,1,1,0,0,0,0
109,1960.8,1,952,0,0,1870,1,0,7763.96,"",1,1,1,0,0,0,0,7730.96,8576,1,1,6393.19,"",1,1,1,0,0,0,0
109,1960.8,1,837,2,0,7900,1,0,8277.6,"",1,1,1,0,0,0,0,8232.6,15474,1,1,6968.62,"",1,1,1,0,0,0,0
109,1960.8,1,138,1,0,4662,0,0,6117.77,"",1,1,1,0,0,0,0,6008.77,17175,1,1,6674.03,"",1,1,1,0,0,0,0
109,1960.8,1,1339,1,0,1181,1,0,6563.72,"",1,1,1,0,0,0,0,6454.72,17195,1,1,6438.92,"",1,1,1,0,0,0,0
110,1960.8,1,1041,0,0,8438,1,0,8228.6,"",1,1,1,0,0,0,0,8202.6,5406,1,1,5722.08,"",1,1,1,0,0,0,0
110,1960.8,1,319,1,0,16533,1,0,10346.5,"",1,1,1,0,0,0,0,10259.5,7343,1,1,6967.17,"",1,1,1,0,0,0,0
110,1960.8,1,1250,1,0,5790,1,1,5609.49,"",1,1,1,0,0,0,0,5499.49,13710,1,0,6704.65,"",1,1,1,0,0,0,0
110,1960.8,1,659,0,0,15821,1,0,6942.95,"",1,1,1,0,0,0,0,6833.95,15213,1,1,6005.31,"",1,1,1,0,0,0,0
110,1960.8,1,257,0,0,7833,1,0,9817.79,"",1,1,1,0,0,0,0,9725.79,17245,1,1,7231.09,"",1,1,1,0,0,0,0
111,1960.8,1,1356,1,0,14645,1,1,6679.39,"",1,1,1,0,0,0,0,6569.39,4956,1,0,8840.34,"",1,1,1,0,0,0,0
111,1960.8,1,509,0,0,6578,1,1,7596.57,"",1,1,1,0,0,0,0,7522.57,7154,1,0,6435.58,"",1,1,1,0,0,0,0
111,1960.8,1,696,0,0,2825,1,0,6443.61,"",1,1,1,0,0,0,0,6385.61,7835,1,1,5863.25,"",1,1,1,0,0,0,0
111,1960.8,1,1262,0,0,5866,1,0,6710.26,"",1,1,1,0,0,0,0,6599.26,14442,1,1,5858.06,"",1,1,1,0,0,0,0
111,1960.8,1,1352,0,0,14861,0,1,6121.88,"",1,1,1,0,0,0,0,6010.88,16361,1,0,7933.31,"",1,1,1,0,0,0,0
111,1960.8,1,92,1,0,1480,1,0,9786.85,"",1,1,1,0,0,0,0,9682.85,16792,1,1,7245.72,"",1,1,1,0,0,0,0
112,1960.81,1,1298,1,0,16423,1,0,6063.71,"",1,1,1,0,0,0,0,5952.71,145,1,1,6486.2,"",1,1,1,0,0,0,0
112,1960.81,1,256,0,0,6037,1,1,8378.33,"",1,1,1,0,0,0,0,8285.33,1957,1,0,7201.36,"",1,1,1,0,0,0,0
112,1960.81,1,68,1,0,15628,1,0,10352.8,"",1,1,1,0,0,0,0,10246.8,2211,1,1,6977.93,"",1,1,1,0,0,0,0
112,1960.81,1,1359,0,0,816,1,1,6575.29,"",1,1,1,0,0,0,0,6463.29,2892,1,0,10153.1,"",1,1,1,0,0,0,0
112,1960.81,1,309,1,0,2638,1,1,5633.69,"",1,1,1,0,0,0,0,5521.69,3688,1,0,6380.38,"",1,1,1,0,0,0,0
112,1960.81,1,799,1,0,12458,1,0,7991.39,"",1,1,1,0,0,0,0,7941.39,4206,1,1,6811.73,"",1,1,1,0,0,0,0
112,1960.81,1,138,1,0,17175,1,1,6676.03,"",1,1,1,0,0,0,0,6674.03,4662,1,0,6120.77,"",1,1,1,0,0,0,0
112,1960.81,1,1367,1,0,15423,1,1,6024.28,"",1,1,1,0,0,0,0,5913.28,5846,1,0,7539.87,"",1,1,1,0,0,0,0
112,1960.81,1,485,0,0,3959,1,0,8783.98,"",1,1,1,0,0,0,0,8706.98,7159,1,1,6143.79,"",1,1,1,0,0,0,0
112,1960.81,1,1365,1,0,1600,1,1,5856.67,"",1,2,2,0,0,0,0,5744.67,7616,1,0,10632.4,"",1,1,1,0,0,0,0
112,1960.81,1,324,1,0,16796,1,0,8150.62,"",1,1,1,0,0,0,0,8061.62,9362,1,1,5854.26,"",1,1,1,0,0,0,0
112,1960.81,1,563,0,0,6764,1,0,6292.34,"",1,1,1,0,0,0,0,6222.34,11219,1,1,7400.02,"",1,1,1,0,0,0,0
112,1960.81,1,528,1,0,11068,1,0,10450.4,"",1,1,1,0,0,0,0,10376.4,14234,1,1,7333.17,"",1,1,1,0,0,0,0
112,1960.81,1,1223,0,0,3976,1,0,9837.64,"",1,1,1,0,0,0,0,9825.64,14329,1,1,6146.37,"",1,1,1,0,0,0,0
112,1960.81,1,889,1,0,12143,1,0,9150.46,"",1,1,1,0,0,0,0,9107.46,16386,1,1,5838.47,"",1,1,1,0,0,0,0
113,1960.81,1,1372,0,0,8885,1,1,7405.48,"",1,1,1,0,0,0,0,7293.48,2452,1,0,8285.69,"",1,1,1,0,0,0,0
113,1960.81,1,838,0,0,5445,1,1,9091.24,"",1,1,1,0,0,0,0,9044.24,3354,1,0,6472.71,"",1,1,1,0,0,0,0
113,1960.81,1,1002,0,0,1449,1,0,9115.53,"",1,1,1,0,0,0,0,9082.53,3861,1,1,6352.13,"",1,1,1,0,0,0,0
113,1960.81,1,513,1,0,16471,1,0,10523.8,"",1,1,1,0,0,0,0,10448.8,4041,1,1,6767.1,"",1,1,1,0,0,0,0
113,1960.81,1,1371,0,0,16112,1,0,7325.73,"",1,1,1,0,0,0,0,7213.73,5759,1,1,9793.17,"",1,1,1,0,0,0,0
113,1960.81,1,1292,1,0,9565,1,0,10347.4,"",1,1,1,0,0,0,0,10341.4,8444,1,1,7347.07,"",1,1,1,0,0,0,0
113,1960.81,1,1207,0,0,1836,1,1,5768.34,"",1,1,1,0,0,0,0,5763.34,8747,1,0,7284.4,"",1,1,1,0,0,0,0
113,1960.81,1,1256,0,0,6454,1,0,7015.57,"",1,1,1,0,0,0,0,7009.57,8849,1,1,6018.37,"",1,1,1,0,0,0,0
113,1960.81,1,1369,0,0,10316,1,0,6390.99,"",1,1,1,0,0,0,0,6277.99,11823,1,1,6497.2,"",1,1,1,0,0,0,0
113,1960.81,1,127,1,0,14044,1,1,8179.99,"",1,1,1,0,0,0,0,8076.99,13188,1,0,6466.84,"",1,1,1,0,0,0,0
113,1960.81,1,128,1,0,6266,1,1,5719.25,"",1,1,1,0,0,0,0,5606.25,13634,1,0,5964.43,"",1,1,1,0,0,0,0
113,1960.81,1,57,1,0,9461,1,1,7320.64,"",1,1,1,0,0,0,0,7207.64,14477,1,0,12366.9,"",1,1,1,0,0,0,0
113,1960.81,1,887,1,0,7055,1,0,6699.89,"",1,1,1,0,0,0,0,6586.89,15078,1,1,6322.79,"",1,1,1,0,0,0,0
114,1960.81,1,1339,1,0,17195,1,1,6442.92,"",1,1,1,0,0,0,0,6438.92,1181,1,0,6568.72,"",1,1,1,0,0,0,0
114,1960.81,1,1385,0,0,1781,1,1,6152.61,"",1,1,1,0,0,0,0,6038.61,2367,1,0,5888.87,"",1,1,1,0,0,0,0
114,1960.81,1,1308,0,0,6417,1,0,7975.08,"",1,1,1,0,0,0,0,7969.08,4172,1,1,6692.67,"",1,1,1,0,0,0,0
114,1960.81,1,350,0,0,6400,1,0,6663.43,"",1,1,1,0,0,0,0,6550.43,5257,1,1,6504.91,"",1,1,1,0,0,0,0
114,1960.81,1,353,1,0,7257,1,1,6954.05,"",1,1,1,0,0,0,0,6945.05,8744,1,0,5676.15,"",1,1,1,0,0,0,0
114,1960.81,1,595,1,0,3783,1,0,12269,"",1,1,1,0,0,0,0,12199,11410,1,1,6778.17,"",1,1,1,0,0,0,0
114,1960.81,1,809,1,0,10916,1,0,8633.76,"",1,1,1,0,0,0,0,8581.76,11450,1,1,6282.44,"",1,1,1,0,0,0,0
114,1960.81,1,1205,0,0,5177,1,0,6528.01,"",1,1,1,0,0,0,0,6414.01,13830,1,1,6197.77,"",1,1,1,0,0,0,0
114,1960.81,1,1386,0,0,5396,1,1,5950.21,"",1,2,2,0,0,0,0,5836.21,14854,1,0,9798.2,"",1,1,1,0,0,0,0
115,1960.82,1,943,0,0,738,1,0,6189.71,"",1,1,1,0,0,0,0,6074.71,941,1,1,6798.09,"",1,1,1,0,0,0,0
115,1960.82,1,879,1,0,6943,1,1,5854.58,"",1,1,1,0,0,0,0,5740.58,1006,1,0,7273.84,"",1,1,1,0,0,0,0
115,1960.82,1,1392,0,0,4119,1,0,7013.04,"",1,1,1,0,0,0,0,6899.04,3357,1,1,8391.54,"",1,1,1,0,0,0,0
115,1960.82,1,520,0,0,13950,1,1,6324.89,"",1,1,1,0,0,0,0,6210.89,4309,1,0,6330.76,"",1,1,1,0,0,0,0
115,1960.82,1,664,1,0,6500,1,0,8119.95,"",1,1,1,0,0,0,0,8054.95,5053,1,1,6204.19,"",1,1,1,0,0,0,0
115,1960.82,1,1401,1,0,5121,0,1,5816.83,"",1,1,1,0,0,0,0,5701.83,5211,1,0,7469.26,"",1,1,1,0,0,0,0
115,1960.82,1,1405,1,0,8680,1,1,7337.66,"",1,1,1,0,0,0,0,7223.66,5690,1,0,9431.82,"",1,1,1,0,0,0,0
115,1960.82,1,1281,1,0,7924,1,0,9866.79,"",1,1,1,0,0,0,0,9857.79,5978,1,1,6117.06,"",1,1,1,0,0,0,0
115,1960.82,1,690,1,0,4891,1,0,10355.7,"",1,1,1,0,0,0,0,10292.7,6065,1,1,7309.74,"",1,1,1,0,0,0,0
115,1960.82,1,1333,1,0,15114,1,0,7309.07,"",1,1,1,0,0,0,0,7303.07,7050,1,1,6504.5,"",1,1,1,0,0,0,0
115,1960.82,1,669,0,0,8651,1,0,6259.53,"",1,1,1,0,0,0,0,6144.53,8873,1,1,7092.15,"",1,1,1,0,0,0,0
115,1960.82,1,560,1,0,5684,1,0,10551.3,"",1,1,1,0,0,0,0,10477.3,9026,1,1,7372.8,"",1,1,1,0,0,0,0
115,1960.82,1,600,0,0,9426,1,0,6489.68,"",1,1,1,0,0,0,0,6374.68,10618,1,1,6709.6,"",1,1,1,0,0,0,0
115,1960.82,1,534,0,0,15615,1,0,7300,"",1,1,1,0,0,0,0,7186,11037,1,1,6440.3,"",1,1,1,0,0,0,0
115,1960.82,1,1101,0,0,13078,1,1,7213.6,"",1,1,1,0,0,0,0,7098.6,15490,1,0,7136.71,"",1,1,1,0,0,0,0
115,1960.82,1,1182,1,0,3943,1,0,10152.7,"",1,1,1,0,0,0,0,10133.7,16370,1,1,5651.78,"",1,1,1,0,0,0,0
116,1960.82,1,1417,1,0,916,1,1,6294.78,"",1,1,1,0,0,0,0,6179.78,506,1,0,7656.68,"",1,1,1,0,0,0,0
116,1960.82,1,1410,0,0,10859,1,1,5962.19,"",1,1,1,0,0,0,0,5847.19,519,1,0,6245.36,"",1,2,2,0,0,0,0
116,1960.82,1,1119,1,0,10376,1,0,7267.61,"",1,1,1,0,0,0,0,7152.61,530,1,1,5897.84,"",1,2,2,0,0,0,0
116,1960.82,1,405,1,0,5051,1,0,8397.39,"",1,1,1,0,0,0,0,8311.39,665,1,1,6406.73,"",1,1,1,0,0,0,0
116,1960.82,1,1224,0,0,5908,1,0,10224,"",1,1,1,0,0,0,0,10209,697,1,1,7009.25,"",1,1,1,0,0,0,0
116,1960.82,1,309,1,0,3688,1,0,6383.38,"",1,1,1,0,0,0,0,6380.38,2638,1,1,5637.69,"",1,1,1,0,0,0,0
116,1960.82,1,1416,1,0,16980,1,0,7321.23,"",1,1,1,0,0,0,0,7206.23,6072,1,1,6731.82,"",1,1,1,0,0,0,0
116,1960.82,1,440,0,0,2091,1,1,6071.91,"",1,1,1,0,0,0,0,5955.91,7045,1,0,6354.74,"",1,1,1,0,0,0,0
116,1960.82,1,512,1,0,3084,1,1,6977.65,"",1,1,1,0,0,0,0,6861.65,8481,1,0,7354.76,"",1,1,1,0,0,0,0
116,1960.82,1,635,0,0,7559,1,0,7560.83,"",1,1,1,0,0,0,0,7492.83,9508,1,1,6287.93,"",1,1,1,0,0,0,0
116,1960.82,1,499,1,0,5284,1,0,7413.94,"",1,1,1,0,0,0,0,7406.94,13696,1,1,6198.33,"",1,1,1,0,0,0,0
116,1960.82,1,918,0,0,3090,1,0,8995.92,"",1,1,1,0,0,0,0,8951.92,13935,1,1,6844.95,"",1,1,1,0,0,0,0
116,1960.82,1,1407,0,0,11281,0,1,6571.78,"",1,1,1,0,0,0,0,6455.78,14863,1,0,7530.16,"",1,1,1,0,0,0,0
116,1960.82,1,1409,0,0,10552,1,1,6065.85,"",1,2,2,0,0,0,0,5949.85,14979,1,0,7068.6,"",1,1,1,0,0,0,0
116,1960.82,1,524,0,0,16932,1,0,7873.08,"",1,1,1,0,0,0,0,7796.08,16000,1,1,5611.29,"",1,1,1,0,0,0,0
116,1960.82,1,442,0,0,1518,1,1,6484.77,"",1,1,1,0,0,0,0,6400.77,16815,1,0,6983.11,"",1,1,1,0,0,0,0
116,1960.82,1,865,0,0,6741,1,1,8502.64,"",1,1,1,0,0,0,0,8454.64,17110,1,0,6732.79,"",1,1,1,0,0,0,0
117,1960.82,1,795,0,0,10085,1,0,6413.85,"",1,1,1,0,0,0,0,6297.85,3658,1,1,6557.46,"",1,1,1,0,0,0,0
117,1960.82,1,546,0,0,7625,1,0,9106.45,"",1,1,1,0,0,0,0,9030.45,4689,1,1,7299.91,"",1,1,1,0,0,0,0
117,1960.82,1,1250,1,0,13710,1,0,6710.65,"",1,1,1,0,0,0,0,6704.65,5790,1,1,5616.49,"",1,1,1,0,0,0,0
117,1960.82,1,325,0,0,15912,1,0,6328.34,"",1,1,1,0,0,0,0,6212.34,5862,1,1,6317.23,"",1,1,1,0,0,0,0
117,1960.82,1,622,0,0,9212,1,1,7597.96,"",1,1,1,0,0,0,0,7528.96,5895,1,0,6739.1,"",1,1,1,0,0,0,0
117,1960.82,1,1254,0,0,1605,1,0,7773.35,"",1,1,1,0,0,0,0,7758.35,6766,1,1,6024.75,"",1,1,1,0,0,0,0
117,1960.82,1,1425,1,0,6877,1,0,6872.84,"",1,1,1,0,0,0,0,6755.84,12971,1,1,6098.97,"",1,1,1,0,0,0,0
117,1960.82,1,373,1,0,7107,1,0,9137.76,"",1,1,1,0,0,0,0,9046.76,12997,1,1,7217.13,"",1,1,1,0,0,0,0
117,1960.82,1,1274,0,0,11742,1,0,7491.37,"",1,1,1,0,0,0,0,7479.37,16294,1,1,6309.11,"",1,2,2,0,0,0,0
117,1960.82,1,70,1,0,2463,1,1,6983.78,"",1,1,1,0,0,0,0,6866.78,16949,1,0,10818.7,"",1,1,1,0,0,0,0
117,1960.82,1,369,1,0,343,1,1,7211.29,"",1,1,1,0,0,0,0,7094.29,17180,1,0,7149.54,"",1,1,1,0,0,0,0
118,1960.82,1,1209,0,0,12635,1,0,9683.13,"",1,1,1,0,0,0,0,9664.13,3,1,1,6719.63,"",1,1,1,0,0,0,0
118,1960.82,1,861,0,0,2986,1,1,6427.44,"",1,1,1,0,0,0,0,6378.44,1633,1,0,6519.84,"",1,1,1,0,0,0,0
118,1960.82,1,1435,0,0,8765,1,0,6386.33,"",1,1,1,0,0,0,0,6269.33,2381,1,1,6802.91,"",1,1,1,0,0,0,0
118,1960.82,1,1251,1,0,2237,1,0,4849.26,"",1,1,1,0,0,0,0,4832.26,2466,1,1,7056.35,"",1,2,2,0,0,0,0
118,1960.82,1,954,0,0,4594,1,0,5641.25,"",1,1,1,0,0,0,0,5524.25,3837,1,1,6535.48,"",1,1,1,0,0,0,0
118,1960.82,1,368,1,0,7273,1,1,8682.06,"",1,1,1,0,0,0,0,8591.06,4513,1,0,6456.41,"",1,1,1,0,0,0,0
118,1960.82,1,318,0,0,13667,1,0,9325.67,"",1,1,1,0,0,0,0,9230.67,5028,1,1,6284.98,"",1,1,1,0,0,0,0
118,1960.82,1,1401,1,0,5211,1,0,7471.26,"",1,1,1,0,0,0,0,7469.26,5121,1,1,5819.83,"",1,1,1,0,0,0,0
118,1960.82,1,1262,0,0,14442,1,1,5864.06,"",1,1,1,0,0,0,0,5858.06,5866,1,0,6717.26,"",1,1,1,0,0,0,0
118,1960.82,1,256,0,0,1957,1,0,7207.36,"",1,1,1,0,0,0,0,7201.36,6037,1,1,8385.33,"",1,1,1,0,0,0,0
118,1960.82,1,950,0,0,17263,1,0,8231.18,"",1,1,1,0,0,0,0,8189.18,6063,1,1,6940.42,"",1,1,1,0,0,0,0
118,1960.82,1,854,0,0,9496,1,0,6464.67,"",1,1,1,0,0,0,0,6347.67,7379,1,1,5722.74,"",1,1,1,0,0,0,0
118,1960.82,1,1434,0,0,5291,1,0,7001.63,"",1,1,1,0,0,0,0,6883.63,7483,1,1,8083.66,"",1,1,1,0,0,0,0
118,1960.82,1,1438,1,0,9869,1,0,5990.38,"",1,1,1,0,0,0,0,5872.38,11615,1,1,5801.83,"",1,1,1,0,0,0,0
118,1960.82,1,1146,1,0,3468,1,0,7588.72,"",1,1,1,0,0,0,0,7562.72,13551,1,1,5814.91,"",1,1,1,0,0,0,0
118,1960.82,1,931,0,0,6535,1,0,9147.68,"",1,1,1,0,0,0,0,9103.68,13641,1,1,7352.18,"",1,1,1,0,0,0,0
118,1960.82,1,1320,1,0,14479,1,1,6299.36,"",1,1,1,0,0,0,0,6181.36,15080,1,0,6103.71,"",1,1,1,0,0,0,0
118,1960.82,1,1087,0,0,2246,1,1,6138.26,"",1,1,1,0,0,0,0,6020.26,15321,1,0,7002.66,"",1,1,1,0,0,0,0
118,1960.82,1,298,1,0,1108,1,1,7451.47,"",1,1,1,0,0,0,0,7353.47,15418,1,0,6548.61,"",1,1,1,0,0,0,0
118,1960.82,1,962,1,0,7792,1,0,8815.32,"",1,1,1,0,0,0,0,8773.32,16644,1,1,6749.28,"",1,1,1,0,0,0,0
118,1960.82,1,458,0,0,14614,1,0,9148.21,"",1,1,1,0,0,0,0,9063.21,17310,1,1,5804.66,"",1,1,1,0,0,0,0
119,1960.83,1,903,0,0,866,1,0,6506.31,"",1,1,1,0,0,0,0,6459.31,281,1,1,7157.42,"",1,1,1,0,0,0,0
119,1960.83,1,293,0,0,15705,1,0,9689.82,"",1,1,1,0,0,0,0,9591.82,938,1,1,6012.86,"",1,1,1,0,0,0,0
119,1960.83,1,949,0,0,15216,1,0,6603.6,"",1,1,1,0,0,0,0,6485.6,1196,1,1,6830.95,"",1,1,1,0,0,0,0
119,1960.83,1,1010,1,0,4738,1,0,10263,"",1,1,1,0,0,0,0,10225,1442,1,1,7394.89,"",1,1,1,0,0,0,0
119,1960.83,1,1242,0,0,1402,1,0,7694.34,"",1,1,1,0,0,0,0,7676.34,2310,1,1,6741.53,"",1,1,1,0,0,0,0
119,1960.83,1,738,1,0,11506,1,0,10061.4,"",1,1,1,0,0,0,0,9999.35,4000,1,1,6319.23,"",1,1,1,0,0,0,0
119,1960.83,1,478,1,0,7294,1,0,11242.2,"",1,1,1,0,0,0,0,11158.2,4802,1,1,6068.59,"",1,1,1,0,0,0,0
119,1960.83,1,172,0,0,6654,1,0,7534.36,"",1,1,1,0,0,0,0,7429.36,5537,1,1,7272.34,"",1,1,1,0,0,0,0
119,1960.83,1,1180,0,0,15655,1,0,11988.7,"",1,1,1,0,0,0,0,11966.7,5912,1,1,6053.84,"",1,1,1,0,0,0,0
119,1960.83,1,1449,1,0,12527,1,1,6198.47,"",1,1,1,0,0,0,0,6080.47,8290,1,0,9006.25,"",1,1,1,0,0,0,0
119,1960.83,1,669,0,0,8873,1,1,7095.15,"",1,1,1,0,0,0,0,7092.15,8651,1,0,6263.53,"",1,1,1,0,0,0,0
119,1960.83,1,57,1,0,14477,1,0,12371.9,"",1,1,1,0,0,0,0,12366.9,9461,1,1,7326.64,"",1,1,1,0,0,0,0
119,1960.83,1,225,0,0,8662,1,0,9021.9,"",1,1,1,0,0,0,0,8918.9,9903,1,1,6207.6,"",1,1,1,0,0,0,0
119,1960.83,1,50,0,0,15906,1,0,7546.27,"",1,1,1,0,0,0,0,7432.27,10156,1,1,5604.98,"",1,1,1,0,0,0,0
119,1960.83,1,1450,1,0,17149,1,1,5782.42,"",1,1,1,0,0,0,0,5664.42,10804,1,0,8494.82,"",1,1,1,0,0,0,0
119,1960.83,1,1407,0,0,14863,1,0,7532.16,"",1,1,1,0,0,0,0,7530.16,11281,1,1,6574.78,"",1,1,1,0,0,0,0
119,1960.83,1,13,0,0,11687,0,0,5402.25,"",1,1,1,0,0,0,0,5284.25,12235,1,1,6102.16,"",1,1,1,0,0,0,0
119,1960.83,1,34,1,0,2172,1,0,8357.72,"",1,1,1,0,0,0,0,8241.72,12459,1,1,6018.91,"",1,1,1,0,0,0,0
119,1960.83,1,198,1,0,15663,1,0,9193.69,"",1,1,1,0,0,0,0,9089.69,12685,1,1,6135.56,"",1,1,1,0,0,0,0
119,1960.83,1,1440,0,0,2968,1,1,5775.72,"",1,1,1,0,0,0,0,5656.72,14008,1,0,6492.04,"",1,1,1,0,0,0,0
119,1960.83,1,388,0,0,10489,1,0,6772.85,"",1,1,1,0,0,0,0,6653.85,15491,1,1,6124.33,"",1,1,1,0,0,0,0
119,1960.83,1,773,0,0,15881,1,0,5854.73,"",1,1,1,0,0,0,0,5736.73,15637,1,1,7220.44,"",1,1,1,0,0,0,0
119,1960.83,1,1298,1,0,145,1,1,6493.2,"",1,1,1,0,0,0,0,6486.2,16423,1,0,6071.71,"",1,1,1,0,0,0,0
119,1960.83,1,258,0,0,10603,1,0,7528.18,"",1,1,1,0,0,0,0,7427.18,17020,1,1,6332.32,"",1,1,1,0,0,0,0
120,1960.83,1,58,0,0,4717,1,1,7285.45,"",1,1,1,0,0,0,0,7259.45,1581,1,0,5457.4,"",1,1,1,0,0,0,0
120,1960.83,1,197,1,0,8232,1,0,6524.42,"",1,1,1,0,0,0,0,6405.42,2376,1,1,5638.89,"",1,1,1,0,0,0,0
120,1960.83,1,82,1,0,736,1,1,6802.34,"",1,1,1,0,0,0,0,6682.34,2685,1,0,9324.36,"",1,1,1,0,0,0,0
120,1960.83,1,1129,0,0,14407,1,0,9612.83,"",1,1,1,0,0,0,0,9584.83,3282,1,1,6022.17,"",1,2,2,0,0,0,0
120,1960.83,1,1386,0,0,14854,1,0,9803.2,"",1,1,1,0,0,0,0,9798.2,5396,1,1,5956.21,"",1,2,2,0,0,0,0
120,1960.83,1,1064,0,0,4957,1,0,5704.56,"",1,1,1,0,0,0,0,5584.56,6712,1,1,5606.9,"",1,1,1,0,0,0,0
120,1960.83,1,1167,0,0,5443,1,1,5153.23,"",1,1,1,0,0,0,0,5128.23,7158,1,0,7322.93,"",1,1,1,0,0,0,0
120,1960.83,1,20,0,0,1369,1,0,6630.37,"",1,1,1,0,0,0,0,6512.37,7722,1,1,6356.97,"",1,1,1,0,0,0,0
120,1960.83,1,967,0,0,8285,1,0,6965.86,"",1,1,1,0,0,0,0,6846.86,8241,1,1,6943.36,"",1,1,1,0,0,0,0
120,1960.83,1,756,0,0,3991,1,0,6488.75,"",1,1,1,0,0,0,0,6368.75,10370,1,1,6278.08,"",1,1,1,0,0,0,0
120,1960.83,1,970,0,0,11570,1,0,9412.37,"",1,1,1,0,0,0,0,9370.37,10872,1,1,5606.79,"",1,1,1,0,0,0,0
120,1960.83,1,700,0,0,11454,1,0,9689.53,"",1,1,1,0,0,0,0,9623.53,11364,1,1,7128.79,"",1,1,1,0,0,0,0
120,1960.83,1,1056,0,0,12209,1,0,5859.84,"",1,1,1,0,0,0,0,5739.84,12245,1,1,6791.03,"",1,1,1,0,0,0,0
120,1960.83,1,192,0,0,7221,1,1,7751.59,"",1,1,1,0,0,0,0,7645.59,13245,1,0,6342.52,"",1,1,1,0,0,0,0
120,1960.83,1,506,0,0,1762,1,0,6989.46,"",1,1,1,0,0,0,0,6906.46,13863,1,1,6642.69,"",1,1,1,0,0,0,0
120,1960.83,1,1352,0,0,16361,1,0,7941.31,"",1,1,1,0,0,0,0,7933.31,14861,1,1,6130.88,"",1,1,1,0,0,0,0
120,1960.83,1,785,0,0,6475,1,1,7161.01,"",1,1,1,0,0,0,0,7041.01,16750,1,0,7129.4,"",1,1,1,0,0,0,0
120,1960.83,1,936,1,0,3951,1,1,7141.06,"",1,1,1,0,0,0,0,7021.06,17139,1,0,6122.35,"",1,1,1,0,0,0,0
121,1960.83,1,469,0,0,11258,1,0,12288.1,"",1,1,1,0,0,0,0,12202.1,650,1,1,7178.96,"",1,1,1,0,0,0,0
121,1960.83,1,1417,1,0,506,1,0,7661.68,"",1,1,1,0,0,0,0,7656.68,916,1,1,6300.78,"",1,1,1,0,0,0,0
121,1960.83,1,987,1,0,2430,1,0,9518.06,"",1,1,1,0,0,0,0,9476.06,1353,1,1,6737.48,"",1,1,1,0,0,0,0
121,1960.83,1,168,1,0,15088,1,1,7501.24,"",1,1,1,0,0,0,0,7393.24,2116,1,0,6584.24,"",1,1,1,0,0,0,0
121,1960.83,1,44,0,0,10249,1,0,8709.61,"",1,1,1,0,0,0,0,8593.61,2861,1,1,5709.82,"",1,1,1,0,0,0,0
121,1960.83,1,16,1,0,4538,1,1,6240.53,"",1,1,1,0,0,0,0,6119.53,5110,1,0,6918.43,"",1,1,1,0,0,0,0
121,1960.83,1,301,0,0,11117,1,1,9222.39,"",1,1,1,0,0,0,0,9123.39,5944,1,0,6713.67,"",1,1,1,0,0,0,0
121,1960.83,1,1273,0,0,16027,1,1,5631.35,"",1,1,1,0,0,0,0,5511.35,6430,1,0,6523.98,"",1,1,1,0,0,0,0
121,1960.83,1,1408,0,0,8629,1,1,6240.72,"",1,1,1,0,0,0,0,6120.72,6709,1,0,6446.07,"",1,1,1,0,0,0,0
121,1960.83,1,1270,0,0,14927,1,1,5522.11,"",1,1,1,0,0,0,0,5506.11,7040,1,0,5688.21,"",1,1,1,0,0,0,0
121,1960.83,1,731,0,0,3419,1,0,7700.32,"",1,1,1,0,0,0,0,7635.32,7173,1,1,7165.11,"",1,1,1,0,0,0,0
121,1960.83,1,265,1,0,11847,1,0,8134.68,"",1,1,1,0,0,0,0,8032.68,7960,1,1,7197.47,"",1,1,1,0,0,0,0
121,1960.83,1,1464,0,0,8218,1,0,6834.6,"",1,1,1,0,0,0,0,6713.6,8493,1,1,6110.36,"",1,2,2,0,0,0,0
121,1960.83,1,383,1,0,3245,1,0,9782.06,"",1,1,1,0,0,0,0,9688.06,8769,1,1,6064.3,"",1,1,1,0,0,0,0
121,1960.83,1,1453,0,0,5498,1,0,6685.13,"",1,1,1,0,0,0,0,6564.13,9533,1,1,5912.72,"",1,1,1,0,0,0,0
121,1960.83,1,1137,0,0,10175,1,1,7136.29,"",1,1,1,0,0,0,0,7016.29,9744,1,0,6944.06,"",1,1,1,0,0,0,0
121,1960.83,1,855,0,0,11711,1,0,5662.06,"",1,1,1,0,0,0,0,5609.06,10173,1,1,6747.4,"",1,1,1,0,0,0,0
121,1960.83,1,1169,0,0,2553,1,1,5828.13,"",1,1,1,0,0,0,0,5802.13,11754,1,0,6318.48,"",1,1,1,0,0,0,0
121,1960.83,1,745,0,0,10784,1,1,6786.82,"",1,1,1,0,0,0,0,6665.82,12627,1,0,6935.79,"",1,1,1,0,0,0,0
121,1960.83,1,971,0,0,4999,1,1,7581.88,"",1,1,1,0,0,0,0,7537.88,12796,1,0,6578.9,"",1,1,1,0,0,0,0
121,1960.83,1,858,1,0,9322,1,0,9707.9,"",1,1,1,0,0,0,0,9653.9,12974,1,1,7395.48,"",1,1,1,0,0,0,0
121,1960.83,1,520,0,0,4309,1,0,6336.76,"",1,1,1,0,0,0,0,6330.76,13950,1,1,6331.89,"",1,1,1,0,0,0,0
121,1960.83,1,361,0,0,11250,1,0,6360.76,"",1,1,1,0,0,0,0,6265.76,15045,1,1,7153.19,"",1,1,1,0,0,0,0
121,1960.83,1,668,0,0,7571,1,0,8193.83,"",1,1,1,0,0,0,0,8122.83,15172,1,1,6196.11,"",1,1,1,0,0,0,0
121,1960.83,1,428,0,0,4151,1,0,7995.15,"",1,1,1,0,0,0,0,7905.15,15573,1,1,6927.14,"",1,1,1,0,0,0,0
121,1960.83,1,438,1,0,9079,1,0,7878.57,"",1,1,1,0,0,0,0,7788.57,15667,1,1,6068.96,"",1,1,1,0,0,0,0
121,1960.83,1,460,0,0,14253,1,1,7153.84,"",1,1,1,0,0,0,0,7032.84,15802,1,0,5982.2,"",1,1,1,0,0,0,0
121,1960.83,1,64,0,0,15977,1,0,10787.2,"",1,1,1,0,0,0,0,10672.2,15882,1,1,5720.74,"",1,1,1,0,0,0,0
121,1960.83,1,925,0,0,13286,1,1,5704.97,"",1,1,1,0,0,0,0,5583.97,16229,1,0,6251.31,"",1,1,1,0,0,0,0
122,1960.83,1,349,0,0,4235,1,1,8298.02,"",1,1,1,0,0,0,0,8202.02,495,1,0,5792.31,"",1,1,1,0,0,0,0
122,1960.83,1,1476,1,0,15201,1,1,6095.34,"",1,1,1,0,0,0,0,5974.34,1485,1,0,9530.89,"",1,1,1,0,0,0,0
122,1960.83,1,1474,0,0,6304,1,1,7338.14,"",1,1,1,0,0,0,0,7217.14,1513,1,0,7963.85,"",1,1,1,0,0,0,0
122,1960.83,1,1087,0,0,15321,1,0,7005.66,"",1,1,1,0,0,0,0,7002.66,2246,1,1,6142.26,"",1,1,1,0,0,0,0
122,1960.83,1,209,1,0,15767,1,0,6218.26,"",1,1,1,0,0,0,0,6097.26,3384,1,1,6954.31,"",1,1,1,0,0,0,0
122,1960.83,1,416,0,0,12649,1,0,7860.77,"",1,1,1,0,0,0,0,7769.77,3606,1,1,6326.78,"",1,1,1,0,0,0,0
122,1960.83,1,868,1,0,16130,1,1,6189.38,"",1,1,1,0,0,0,0,6068.38,3771,1,0,6637.61,"",1,1,1,0,0,0,0
122,1960.83,1,791,0,0,8908,1,1,8975.1,"",1,1,1,0,0,0,0,8915.1,3919,1,0,6073.99,"",1,1,1,0,0,0,0
122,1960.83,1,435,1,0,14197,1,0,7642.74,"",1,1,1,0,0,0,0,7552.74,5494,1,1,6947.51,"",1,1,1,0,0,0,0
122,1960.83,1,151,1,0,2337,1,1,6593.53,"",1,1,1,0,0,0,0,6578.53,6657,1,0,6580.95,"",1,1,1,0,0,0,0
122,1960.83,1,60,0,0,14091,1,1,6241.4,"",1,1,1,0,0,0,0,6120.4,7866,1,0,6975.14,"",1,1,1,0,0,0,0
122,1960.83,1,1238,1,0,7782,1,0,10355.7,"",1,1,1,0,0,0,0,10333.7,8373,1,1,6045.14,"",1,1,1,0,0,0,0
122,1960.83,1,1473,0,0,33,1,0,6242.79,"",1,1,1,0,0,0,0,6120.79,9759,1,1,5159.37,"",1,1,1,0,0,0,0
122,1960.83,1,886,1,0,15914,1,0,8363.94,"",1,1,1,0,0,0,0,8311.94,10382,1,1,6007.34,"",1,1,1,0,0,0,0
122,1960.83,1,1123,0,0,365,1,1,7086.61,"",1,1,1,0,0,0,0,7054.61,10810,1,0,6141.41,"",1,1,1,0,0,0,0
122,1960.83,1,1216,0,0,13939,1,1,8142.97,"",1,1,1,0,0,0,0,8120.97,11353,1,0,7088.72,"",1,1,1,0,0,0,0
122,1960.83,1,537,1,0,1820,1,0,8442.07,"",1,1,1,0,0,0,0,8359.07,11433,1,1,5854.84,"",1,1,1,0,0,0,0
122,1960.83,1,818,0,0,10188,1,1,6789.8,"",1,1,1,0,0,0,0,6769.8,11537,1,0,7417.43,"",1,1,1,0,0,0,0
122,1960.83,1,303,0,0,9126,1,1,5809.14,"",1,1,1,0,0,0,0,5687.14,11902,1,0,7193.41,"",1,1,1,0,0,0,0
122,1960.83,1,1288,0,0,11074,1,0,8786.36,"",1,1,1,0,0,0,0,8770.36,12896,1,1,7317.26,"",1,1,1,0,0,0,0
122,1960.83,1,526,1,0,2157,1,1,7182.49,"",1,1,1,0,0,0,0,7167.49,13475,1,0,6099.82,"",1,1,1,0,0,0,0
122,1960.83,1,1023,0,0,11640,1,0,6043.18,"",1,1,1,0,0,0,0,5921.18,13492,1,1,6486.47,"",1,1,1,0,0,0,0
122,1960.83,1,132,0,0,6607,1,0,8104.91,"",1,1,1,0,0,0,0,7992.91,14277,1,1,6664.4,"",1,1,1,0,0,0,0
122,1960.83,1,1337,0,0,5702,1,1,5420.62,"",1,1,1,0,0,0,0,5407.62,14495,1,0,6181.05,"",1,1,1,0,0,0,0
122,1960.83,1,119,0,0,16742,1,1,6374.52,"",1,1,1,0,0,0,0,6253.52,14652,1,0,9799.55,"",1,1,1,0,0,0,0
122,1960.83,1,864,0,0,10325,1,0,9777.58,"",1,1,1,0,0,0,0,9723.58,14944,1,1,5994.25,"",1,1,1,0,0,0,0
122,1960.83,1,1271,0,0,503,1,0,9884.85,"",1,1,1,0,0,0,0,9867.85,15511,1,1,7042.04,"",1,1,1,0,0,0,0
123,1960.84,1,851,0,0,13549,1,1,8631.06,"",1,1,1,0,0,0,0,8576.06,3460,1,0,6107.65,"",1,1,1,0,0,0,0
123,1960.84,1,394,0,0,9990,1,1,6679.51,"",1,1,1,0,0,0,0,6651.51,4408,1,0,7154.24,"",1,1,1,0,0,0,0
123,1960.84,1,627,1,0,5849,1,0,8509.88,"",1,1,1,0,0,0,0,8434.88,5306,1,1,6471.2,"",1,1,1,0,0,0,0
123,1960.84,1,533,0,0,15106,1,0,8648.36,"",1,1,1,0,0,0,0,8565.36,7225,1,1,6286.07,"",1,1,1,0,0,0,0
123,1960.84,1,839,0,0,9939,1,1,7144.46,"",1,1,1,0,0,0,0,7022.46,8800,1,0,6980.95,"",1,1,1,0,0,0,0
123,1960.84,1,1039,1,0,12197,1,1,7133.35,"",1,1,1,0,0,0,0,7116.35,9296,1,0,6777.47,"",1,1,1,0,0,0,0
123,1960.84,1,600,0,0,10618,1,1,6716.6,"",1,1,1,0,0,0,0,6709.6,9426,1,0,6497.68,"",1,1,1,0,0,0,0
123,1960.84,1,1054,0,0,4771,1,0,7808.42,"",1,1,1,0,0,0,0,7769.42,9493,1,1,7035.78,"",1,1,1,0,0,0,0
123,1960.84,1,1481,0,0,13075,1,1,6315.97,"",1,1,1,0,0,0,0,6193.97,10889,1,0,8789.38,"",1,1,1,0,0,0,0
123,1960.84,1,1246,1,0,12791,1,1,8170.69,"",1,1,1,0,0,0,0,8149.69,11392,1,0,6227.73,"",1,1,1,0,0,0,0
123,1960.84,1,602,0,0,4382,1,1,9409.28,"",1,1,1,0,0,0,0,9331.28,12915,1,0,6522.97,"",1,1,1,0,0,0,0
123,1960.84,1,337,0,0,7305,1,0,7063.73,"",1,1,1,0,0,0,0,6940.73,13216,1,1,7078.18,"",1,1,1,0,0,0,0
123,1960.84,1,137,1,0,2220,1,0,8559.46,"",1,1,1,0,0,0,0,8446.46,13418,1,1,7279.14,"",1,1,1,0,0,0,0
123,1960.84,1,116,0,0,4810,1,0,5997,"",1,1,1,0,0,0,0,5874,14857,1,1,6122.45,"",1,1,1,0,0,0,0
123,1960.84,1,1367,1,0,5846,1,0,7550.87,"",1,1,1,0,0,0,0,7539.87,15423,1,1,6036.28,"",1,1,1,0,0,0,0
124,1960.84,1,765,0,0,549,1,0,8126.36,"",1,1,1,0,0,0,0,8061.36,1085,1,1,6032.47,"",1,1,1,0,0,0,0
124,1960.84,1,684,0,0,12753,1,0,9226.82,"",1,1,1,0,0,0,0,9154.82,1809,1,1,6261.44,"",1,1,1,0,0,0,0
124,1960.84,1,1392,0,0,3357,1,1,8400.54,"",1,1,1,0,0,0,0,8391.54,4119,1,0,7023.04,"",1,1,1,0,0,0,0
124,1960.84,1,377,0,0,3258,1,0,9714.98,"",1,1,1,0,0,0,0,9617.98,4302,1,1,7327.98,"",1,1,1,0,0,0,0
124,1960.84,1,647,1,0,10211,1,0,7560.55,"",1,1,1,0,0,0,0,7485.55,4890,1,1,6509.37,"",1,1,1,0,0,0,0
124,1960.84,1,556,0,0,961,1,0,8808.98,"",1,1,1,0,0,0,0,8725.98,5447,1,1,7300.25,"",1,1,1,0,0,0,0
124,1960.84,1,912,1,0,7527,1,0,10302.2,"",1,2,2,0,0,0,0,10250.2,6323,1,1,6464.1,"",1,1,1,0,0,0,0
124,1960.84,1,1004,0,0,9112,1,0,9049.88,"",1,1,1,0,0,0,0,9006.88,6382,1,1,5763.13,"",1,1,1,0,0,0,0
124,1960.84,1,565,0,0,11804,1,0,6343.75,"",1,1,1,0,0,0,0,6220.75,8273,1,1,6199.26,"",1,1,1,0,0,0,0
124,1960.84,1,1408,0,0,6709,1,0,6449.07,"",1,1,1,0,0,0,0,6446.07,8629,1,1,6244.72,"",1,1,1,0,0,0,0
124,1960.84,1,246,1,0,16275,1,0,4994.75,"",1,1,1,0,0,0,0,4888.75,8991,1,1,6946.02,"",1,1,1,0,0,0,0
124,1960.84,1,735,0,0,2508,1,1,8044.6,"",1,1,1,0,0,0,0,7976.6,9378,1,0,6209.8,"",1,1,1,0,0,0,0
124,1960.84,1,352,1,0,6977,1,0,8497.96,"",1,1,1,0,0,0,0,8398.96,9820,1,1,6360.6,"",1,1,1,0,0,0,0
124,1960.84,1,163,0,0,12136,1,0,8515.56,"",1,1,1,0,0,0,0,8404.56,10589,1,1,5864.89,"",1,1,1,0,0,0,0
124,1960.84,1,679,1,0,15250,1,0,5376.59,"",1,1,1,0,0,0,0,5303.59,12116,1,1,7057.39,"",1,1,1,0,0,0,0
124,1960.84,1,451,1,0,4605,1,0,7817.34,"",1,1,1,0,0,0,0,7725.34,13481,1,1,6941.29,"",1,1,1,0,0,0,0
124,1960.84,1,23,0,0,13170,1,0,6515.98,"",1,1,1,0,0,0,0,6391.98,16091,1,1,6916.45,"",1,1,1,0,0,0,0
124,1960.84,1,1496,0,0,16444,1,1,5642.81,"",1,1,1,0,0,0,0,5518.81,16540,1,0,8639.68,"",1,2,2,0,0,0,0
124,1960.84,1,330,1,0,7991,1,0,7481.78,"",1,1,1,0,0,0,0,7380.78,16683,1,1,6766.77,"",1,1,1,0,0,0,0
124,1960.84,1,1502,1,0,927,1,1,7294.16,"",1,1,1,0,0,0,0,7170.16,16917,1,0,7994.45,"",1,2,2,0,0,0,0
125,1960.84,1,1201,1,0,13850,1,0,6382.26,"",1,1,1,0,0,0,0,6355.26,1523,1,1,5749.85,"",1,1,1,0,0,0,0
125,1960.84,1,1385,0,0,2367,1,0,5898.87,"",1,1,1,0,0,0,0,5888.87,1781,1,1,6163.61,"",1,1,1,0,0,0,0
125,1960.84,1,961,1,0,6967,1,1,6817,"",1,1,1,0,0,0,0,6788,3869,1,0,6070.96,"",1,1,1,0,0,0,0
125,1960.84,1,830,1,0,7912,1,1,7728.42,"",1,1,1,0,0,0,0,7668.42,3963,1,0,6364.34,"",1,1,1,0,0,0,0
125,1960.84,1,481,1,0,732,1,0,6300.28,"",1,1,1,0,0,0,0,6209.28,5280,1,1,6776.42,"",1,1,1,0,0,0,0
125,1960.84,1,1422,1,0,15897,1,0,6243.9,"",1,1,1,0,0,0,0,6119.9,5566,1,1,5900.27,"",1,1,1,0,0,0,0
125,1960.84,1,420,1,0,12087,1,1,6640.53,"",1,1,1,0,0,0,0,6546.53,5631,1,0,6965.56,"",1,1,1,0,0,0,0
125,1960.84,1,1519,1,0,4863,1,0,6531.86,"",1,1,1,0,0,0,0,6406.86,5634,1,1,5608.17,"",1,1,1,0,0,0,0
125,1960.84,1,597,1,0,10904,1,0,8235.99,"",1,1,1,0,0,0,0,8155.99,5659,1,1,6035.8,"",1,1,1,0,0,0,0
125,1960.84,1,741,1,0,5004,0,0,7307.25,"",1,1,1,0,0,0,0,7182.25,5841,1,1,6760.99,"",1,1,1,0,0,0,0
125,1960.84,1,966,0,0,10333,1,1,5324.64,"",1,1,1,0,0,0,0,5277.64,7670,1,0,6846.35,"",1,1,1,0,0,0,0
125,1960.84,1,471,0,0,13335,1,0,7446.51,"",1,1,1,0,0,0,0,7356.51,7863,1,1,7289,"",1,1,1,0,0,0,0
125,1960.84,1,375,0,0,3159,1,1,8091.19,"",1,1,1,0,0,0,0,7993.19,9062,1,0,6375.85,"",1,1,1,0,0,0,0
125,1960.84,1,13,0,0,12235,1,1,6107.16,"",1,1,1,0,0,0,0,6102.16,11687,1,0,5408.25,"",1,1,1,0,0,0,0
125,1960.84,1,599,0,0,1648,1,0,8768.28,"",1,1,1,0,0,0,0,8688.28,12121,1,1,5752.73,"",1,1,1,0,0,0,0
125,1960.84,1,294,1,0,731,1,0,13536.2,"",1,1,1,0,0,0,0,13431.2,12532,1,1,6999.92,"",1,1,1,0,0,0,0
125,1960.84,1,1476,1,0,1485,1,0,9533.89,"",1,1,1,0,0,0,0,9530.89,15201,1,1,6099.34,"",1,1,1,0,0,0,0
125,1960.84,1,334,1,0,14914,1,0,7529.7,"",1,1,1,0,0,0,0,7427.7,15300,1,1,6423.81,"",1,1,1,0,0,0,0
125,1960.84,1,50,0,0,10156,1,1,5610.98,"",1,1,1,0,0,0,0,5604.98,15906,1,0,7553.27,"",1,1,1,0,0,0,0
125,1960.84,1,64,0,0,15882,1,1,5724.74,"",1,1,1,0,0,0,0,5720.74,15977,1,0,10792.2,"",1,1,1,0,0,0,0
125,1960.84,1,1273,0,0,6430,1,0,6527.98,"",1,1,1,0,0,0,0,6523.98,16027,1,1,5636.35,"",1,1,1,0,0,0,0
126,1960.85,1,844,0,0,9854,1,0,10617.2,"",1,1,1,0,0,0,0,10558.2,1908,1,1,6088.86,"",1,1,1,0,0,0,0
126,1960.85,1,1440,0,0,14008,1,0,6498.04,"",1,1,1,0,0,0,0,6492.04,2968,1,1,5782.72,"",1,1,1,0,0,0,0
126,1960.85,1,1349,1,0,7475,1,1,5820.79,"",1,1,1,0,0,0,0,5695.79,4639,1,0,7404.79,"",1,1,1,0,0,0,0
126,1960.85,1,605,1,0,12807,1,0,10159.8,"",1,1,1,0,0,0,0,10079.8,5751,1,1,6475.67,"",1,1,1,0,0,0,0
126,1960.85,1,1104,1,0,11063,1,0,7591.46,"",1,1,1,0,0,0,0,7553.46,6228,1,1,7382.56,"",1,1,1,0,0,0,0
126,1960.85,1,1263,0,0,2476,0,1,7061.74,"",1,1,1,0,0,0,0,6935.74,7015,1,0,6411.58,"",1,1,1,0,0,0,0
126,1960.85,1,749,1,0,1971,1,0,9694.84,"",1,1,1,0,0,0,0,9625.84,8427,1,1,5958.05,"",1,1,1,0,0,0,0
126,1960.85,1,61,0,0,9087,1,0,5927.25,"",1,1,1,0,0,0,0,5801.25,9674,1,1,6997.34,"",1,1,1,0,0,0,0
126,1960.85,1,1066,0,0,8389,1,0,7736.22,"",1,1,1,0,0,0,0,7695.22,9690,1,1,6816.57,"",1,1,1,0,0,0,0
126,1960.85,1,1534,1,0,9699,1,1,6437.07,"",1,1,1,0,0,0,0,6311.07,9924,1,0,6660.38,"",1,1,1,0,0,0,0
126,1960.85,1,795,0,0,3658,1,1,6566.46,"",1,1,1,0,0,0,0,6557.46,10085,1,0,6423.85,"",1,1,1,0,0,0,0
126,1960.85,1,1439,0,0,1191,1,0,7371.15,"",1,1,1,0,0,0,0,7245.15,11904,1,1,6918.57,"",1,1,1,0,0,0,0
126,1960.85,1,1449,1,0,8290,1,0,9013.25,"",1,1,1,0,0,0,0,9006.25,12527,1,1,6206.47,"",1,1,1,0,0,0,0
127,1960.85,1,1473,0,0,9759,1,1,5163.37,"",1,1,1,0,0,0,0,5159.37,33,1,0,6247.79,"",1,1,1,0,0,0,0
127,1960.85,1,1541,0,0,2754,1,1,6218.52,"",1,1,1,0,0,0,0,6091.52,2989,1,0,8302.24,"",1,1,1,0,0,0,0
127,1960.85,1,512,1,0,8481,1,0,7364.76,"",1,1,1,0,0,0,0,7354.76,3084,1,1,6988.65,"",1,1,1,0,0,0,0
127,1960.85,1,1282,1,0,9978,1,0,8048.32,"",1,1,1,0,0,0,0,8027.32,4188,1,1,6683.14,"",1,1,1,0,0,0,0
127,1960.85,1,964,0,0,12351,1,1,7660.01,"",1,1,1,0,0,0,0,7611.01,6006,1,0,6356,"",1,1,1,0,0,0,0
127,1960.85,1,771,0,0,10006,1,0,8667.71,"",1,1,1,0,0,0,0,8600.71,6643,1,1,5902.81,"",1,1,1,0,0,0,0
127,1960.85,1,1088,0,0,15820,1,0,8790.61,"",1,1,1,0,0,0,0,8750.61,6893,1,1,5927.23,"",1,1,1,0,0,0,0
127,1960.85,1,694,1,0,8604,1,0,7421.9,"",1,1,1,0,0,0,0,7295.9,7452,1,1,6836.65,"",1,1,1,0,0,0,0
127,1960.85,1,857,1,0,1239,1,0,7858.14,"",1,1,1,0,0,0,0,7798.14,8242,1,1,6488.78,"",1,1,1,0,0,0,0
127,1960.85,1,1435,0,0,2381,1,1,6811.91,"",1,1,1,0,0,0,0,6802.91,8765,1,0,6396.33,"",1,1,1,0,0,0,0
127,1960.85,1,63,0,0,14977,1,0,9732.08,"",1,1,1,0,0,0,0,9611.08,9997,1,1,6190.36,"",1,1,1,0,0,0,0
127,1960.85,1,1369,0,0,11823,1,1,6510.2,"",1,1,1,0,0,0,0,6497.2,10316,1,0,6404.99,"",1,1,1,0,0,0,0
127,1960.85,1,1119,1,0,530,1,1,5908.84,"",1,2,2,0,0,0,0,5897.84,10376,1,0,7279.61,"",1,1,1,0,0,0,0
127,1960.85,1,1099,0,0,13166,1,0,9606.2,"",1,1,1,0,0,0,0,9567.2,10434,1,1,6349.19,"",1,1,1,0,0,0,0
127,1960.85,1,1546,1,0,13651,1,1,6507.99,"",1,1,1,0,0,0,0,6381.99,11318,1,0,8473.67,"",1,1,1,0,0,0,0
127,1960.85,1,291,0,0,9506,1,0,10727.1,"",1,1,1,0,0,0,0,10620.1,12320,1,1,6546.97,"",1,1,1,0,0,0,0
127,1960.85,1,740,1,0,17049,1,0,7806.75,"",1,1,1,0,0,0,0,7736.75,12520,1,1,5841.04,"",1,1,1,0,0,0,0
127,1960.85,1,1481,0,0,10889,1,0,8793.38,"",1,1,1,0,0,0,0,8789.38,13075,1,1,6320.97,"",1,1,1,0,0,0,0
127,1960.85,1,1101,0,0,15490,1,0,7147.71,"",1,1,1,0,0,0,0,7136.71,13078,1,1,7225.6,"",1,1,1,0,0,0,0
127,1960.85,1,1356,1,0,4956,1,0,8856.34,"",1,1,1,0,0,0,0,8840.34,14645,1,1,6696.39,"",1,1,1,0,0,0,0
127,1960.85,1,376,0,0,17276,1,1,8271.4,"",1,1,1,0,0,0,0,8172.4,14928,1,0,7276.73,"",1,1,1,0,0,0,0
127,1960.85,1,773,0,0,15637,1,1,7228.44,"",1,1,1,0,0,0,0,7220.44,15881,1,0,5863.73,"",1,1,1,0,0,0,0
127,1960.85,1,1371,0,0,5759,1,1,9807.17,"",1,1,1,0,0,0,0,9793.17,16112,1,0,7340.73,"",1,1,1,0,0,0,0
127,1960.85,1,1213,1,0,390,1,0,8241.13,"",1,1,1,0,0,0,0,8212.13,16735,1,1,6886.14,"",1,1,1,0,0,0,0
128,1960.85,1,845,1,0,11487,1,0,7226.76,"",1,1,1,0,0,0,0,7191.76,1045,1,1,6367.59,"",1,1,1,0,0,0,0
128,1960.85,1,70,1,0,16949,1,0,10828.7,"",1,1,1,0,0,0,0,10818.7,2463,1,1,6994.78,"",1,1,1,0,0,0,0
128,1960.85,1,741,1,0,5841,1,1,6762.99,"",1,1,1,0,0,0,0,6760.99,5004,1,0,7310.25,"",1,1,1,0,0,0,0
128,1960.85,1,693,1,0,812,1,0,7608.1,"",1,1,1,0,0,0,0,7532.1,6240,1,1,6980.68,"",1,1,1,0,0,0,0
128,1960.85,1,121,1,0,9821,1,0,12065.6,"",1,1,1,0,0,0,0,11947.6,8348,1,1,6979.95,"",1,1,1,0,0,0,0
128,1960.85,1,839,0,0,8800,1,0,6985.95,"",1,1,1,0,0,0,0,6980.95,9939,1,1,7150.46,"",1,1,1,0,0,0,0
128,1960.85,1,126,1,0,10122,1,0,10617.1,"",1,1,1,0,0,0,0,10498.1,11509,1,1,6038.26,"",1,1,1,0,0,0,0
128,1960.85,1,79,0,0,11921,1,0,9349.73,"",1,1,1,0,0,0,0,9228.73,11668,1,1,6084.23,"",1,1,1,0,0,0,0
128,1960.85,1,565,0,0,8273,1,1,6203.26,"",1,1,1,0,0,0,0,6199.26,11804,1,0,6348.75,"",1,1,1,0,0,0,0
128,1960.85,1,1555,1,0,7649,1,1,7095.97,"",1,1,1,0,0,0,0,6967.97,11963,1,0,9880.01,"",1,1,1,0,0,0,0
128,1960.85,1,820,0,0,4469,1,1,7117.74,"",1,1,1,0,0,0,0,7092.74,13210,1,0,5680.71,"",1,1,1,0,0,0,0
128,1960.85,1,1294,1,0,13103,1,0,12184,"",1,1,1,0,0,0,0,12162,14162,1,1,6046.18,"",1,1,1,0,0,0,0
128,1960.85,1,1057,0,0,13105,1,0,10387.6,"",1,1,1,0,0,0,0,10343.6,14290,1,1,6702.88,"",1,1,1,0,0,0,0
128,1960.85,1,1049,1,0,16500,1,0,8604.02,"",1,1,1,0,0,0,0,8560.02,14949,1,1,6815.72,"",1,1,1,0,0,0,0
128,1960.85,1,1009,0,0,12662,1,1,7084.36,"",1,1,1,0,0,0,0,7036.36,15644,1,0,7253.55,"",1,1,1,0,0,0,0
128,1960.85,1,611,0,0,7297,1,0,8053.17,"",1,1,1,0,0,0,0,7971.17,15784,1,1,5778.12,"",1,1,1,0,0,0,0
128,1960.85,1,1215,1,0,2669,1,0,9704.85,"",1,1,1,0,0,0,0,9674.85,15993,1,1,7365.37,"",1,1,1,0,0,0,0
129,1960.85,1,768,0,0,5667,1,0,9859.98,"",1,1,1,0,0,0,0,9790.98,414,1,1,6704.19,"",1,1,1,0,0,0,0
129,1960.85,1,531,0,0,11093,1,1,6515.3,"",1,1,1,0,0,0,0,6490.3,1109,1,0,7069.54,"",1,1,1,0,0,0,0
129,1960.85,1,1439,0,0,11904,1,1,6920.57,"",1,1,1,0,0,0,0,6918.57,1191,1,0,7374.15,"",1,1,1,0,0,0,0
129,1960.85,1,543,0,0,4110,1,0,5614.99,"",1,1,1,0,0,0,0,5486.99,1534,1,1,6310.04,"",1,1,1,0,0,0,0
129,1960.85,1,1263,0,0,7015,1,0,6413.58,"",1,1,1,0,0,0,0,6411.58,2476,1,1,7064.74,"",1,1,1,0,0,0,0
129,1960.85,1,1560,0,0,1711,1,1,6450.85,"",1,1,1,0,0,0,0,6321.85,4458,1,0,17125.2,"",1,1,1,0,0,0,0
129,1960.85,1,16,1,0,5110,1,0,6925.43,"",1,1,1,0,0,0,0,6918.43,4538,1,1,6248.53,"",1,1,1,0,0,0,0
129,1960.85,1,626,1,0,3087,1,1,8474.06,"",1,1,1,0,0,0,0,8392.06,5829,1,0,6440.35,"",1,1,1,0,0,0,0
129,1960.85,1,350,0,0,5257,1,1,6519.91,"",1,1,1,0,0,0,0,6504.91,6400,1,0,6679.43,"",1,1,1,0,0,0,0
129,1960.85,1,924,0,0,14252,1,0,10079,"",1,1,1,0,0,0,0,10024,6760,1,1,7376.28,"",1,1,1,0,0,0,0
129,1960.85,1,734,0,0,2117,1,1,6419.77,"",1,1,1,0,0,0,0,6393.77,7175,1,0,6358.95,"",1,1,1,0,0,0,0
129,1960.85,1,1464,0,0,8493,1,1,6117.36,"",1,2,2,0,0,0,0,6110.36,8218,1,0,6842.6,"",1,1,1,0,0,0,0
129,1960.85,1,632,1,0,7034,1,0,9051.63,"",1,1,1,0,0,0,0,8969.63,8237,1,1,6427.07,"",1,1,1,0,0,0,0
129,1960.85,1,899,1,0,9257,1,0,9254.4,"",1,1,1,0,0,0,0,9196.4,8825,1,1,7269.35,"",1,1,1,0,0,0,0
129,1960.85,1,1026,1,0,12189,1,0,7108.61,"",1,1,1,0,0,0,0,7061.61,9785,1,1,6481.56,"",1,1,1,0,0,0,0
129,1960.85,1,1134,1,0,4378,1,0,8081.63,"",1,1,1,0,0,0,0,8043.63,9949,1,1,6840.84,"",1,1,1,0,0,0,0
129,1960.85,1,449,1,0,8334,1,0,9276.03,"",1,1,1,0,0,0,0,9179.03,10488,1,1,5900.05,"",1,1,1,0,0,0,0
129,1960.85,1,388,0,0,15491,1,1,6133.33,"",1,1,1,0,0,0,0,6124.33,10489,1,0,6782.85,"",1,1,1,0,0,0,0
129,1960.85,1,274,0,0,12622,1,0,7582.63,"",1,1,1,0,0,0,0,7473.63,10980,1,1,5984.19,"",1,1,1,0,0,0,0
129,1960.85,1,482,1,0,3404,1,0,8506.81,"",1,1,1,0,0,0,0,8411.81,11923,1,1,7127.5,"",1,1,1,0,0,0,0
129,1960.85,1,1324,0,0,8159,1,1,8007.88,"",1,1,1,0,0,0,0,7986.88,13261,1,0,6589.33,"",1,1,1,0,0,0,0
129,1960.85,1,441,0,0,12721,1,0,7009.52,"",1,1,1,0,0,0,0,6986.52,14160,1,1,7403.78,"",1,1,1,0,0,0,0
129,1960.85,1,325,0,0,5862,1,1,6329.23,"",1,1,1,0,0,0,0,6317.23,15912,1,0,6341.34,"",1,1,1,0,0,0,0
129,1960.85,1,551,1,0,909,1,0,10071.5,"",1,1,1,0,0,0,0,9982.53,16127,1,1,6078.66,"",1,1,1,0,0,0,0
129,1960.85,1,604,0,0,10825,1,1,10595.9,"",1,1,1,0,0,0,0,10511.9,17134,1,0,7199.97,"",1,1,1,0,0,0,0
130,1960.86,1,943,0,0,941,1,1,6812.09,"",1,1,1,0,0,0,0,6798.09,738,1,0,6204.71,"",1,1,1,0,0,0,0
130,1960.86,1,112,1,0,15298,1,0,8012.02,"",1,1,1,0,0,0,0,7891.02,2649,1,1,7175.9,"",1,1,1,0,0,0,0
130,1960.86,1,1114,0,0,9650,1,1,6052.97,"",1,1,1,0,0,0,0,6012.97,2976,1,0,6514.14,"",1,2,2,0,0,0,0
130,1960.86,1,173,0,0,9675,1,0,5573.24,"",1,1,1,0,0,0,0,5457.24,4885,1,1,6039.19,"",1,1,1,0,0,0,0
130,1960.86,1,1064,0,0,6712,1,1,5615.9,"",1,1,1,0,0,0,0,5606.9,4957,1,0,5714.56,"",1,1,1,0,0,0,0
130,1960.86,1,407,1,0,12757,1,0,8408.43,"",1,1,1,0,0,0,0,8308.43,5624,1,1,7021.41,"",1,1,1,0,0,0,0
130,1960.86,1,570,1,0,10097,1,0,9657.11,"",1,1,1,0,0,0,0,9570.11,5830,1,1,6737.32,"",1,1,1,0,0,0,0
130,1960.86,1,876,0,0,14439,1,1,9499.76,"",1,1,1,0,0,0,0,9439.76,6167,1,0,7204.66,"",1,1,1,0,0,0,0
130,1960.86,1,128,1,0,13634,1,0,5980.43,"",1,1,1,0,0,0,0,5964.43,6266,1,1,5736.25,"",1,1,1,0,0,0,0
130,1960.86,1,1328,1,0,11373,1,0,10145.7,"",1,1,1,0,0,0,0,10124.7,6876,1,1,5971.47,"",1,1,1,0,0,0,0
130,1960.86,1,1349,1,0,4639,1,0,7408.79,"",1,1,1,0,0,0,0,7404.79,7475,1,1,5825.79,"",1,1,1,0,0,0,0
130,1960.86,1,197,1,0,2376,1,1,5648.89,"",1,1,1,0,0,0,0,5638.89,8232,1,0,6535.42,"",1,1,1,0,0,0,0
130,1960.86,1,21,0,0,4433,1,0,6347.21,"",1,1,1,0,0,0,0,6217.21,9501,1,1,6355.1,"",1,1,1,0,0,0,0
130,1960.86,1,456,0,0,10014,1,0,7946.78,"",1,1,1,0,0,0,0,7850.78,9757,1,1,6453.81,"",1,1,1,0,0,0,0
130,1960.86,1,178,1,0,9876,1,1,7342.64,"",1,1,1,0,0,0,0,7318.64,10303,1,0,11944.5,"",1,1,1,0,0,0,0
130,1960.86,1,1569,0,0,6981,1,1,5856.75,"",1,1,1,0,0,0,0,5726.75,10304,1,0,11066.6,"",1,1,1,0,0,0,0
130,1960.86,1,618,1,0,4419,1,0,7967.12,"",1,1,1,0,0,0,0,7883.12,10391,1,1,6600.66,"",1,1,1,0,0,0,0
130,1960.86,1,745,0,0,12627,1,0,6943.79,"",1,1,1,0,0,0,0,6935.79,10784,1,1,6795.82,"",1,1,1,0,0,0,0
130,1960.86,1,163,0,0,10589,1,1,5870.89,"",1,1,1,0,0,0,0,5864.89,12136,1,0,8522.56,"",1,1,1,0,0,0,0
130,1960.86,1,1202,1,0,13307,1,0,8858.19,"",1,1,1,0,0,0,0,8825.19,14184,1,1,5620.1,"",1,1,1,0,0,0,0
130,1960.86,1,774,1,0,11776,1,0,8602.87,"",1,1,1,0,0,0,0,8531.87,15102,1,1,5612.66,"",1,1,1,0,0,0,0
130,1960.86,1,823,1,0,12105,1,0,8447.66,"",1,1,1,0,0,0,0,8380.66,15139,1,1,6289.05,"",1,1,1,0,0,0,0
131,1960.86,1,1050,1,0,11099,1,0,8309.87,"",1,1,1,0,0,0,0,8262.87,5168,1,1,6380.64,"",1,1,1,0,0,0,0
131,1960.86,1,314,0,0,5096,1,0,9852.81,"",1,1,1,0,0,0,0,9743.81,5200,1,1,7420.86,"",1,1,1,0,0,0,0
131,1960.86,1,1592,1,0,12015,1,0,6511.66,"",1,1,1,0,0,0,0,6381.66,5921,1,1,5560.28,"",1,1,1,0,0,0,0
131,1960.86,1,132,0,0,14277,1,1,6672.4,"",1,1,1,0,0,0,0,6664.4,6607,1,0,8113.91,"",1,1,1,0,0,0,0
131,1960.86,1,281,1,0,15290,1,1,5256.22,"",1,1,1,0,0,0,0,5145.22,8086,1,0,7075.18,"",1,1,1,0,0,0,0
131,1960.86,1,1372,0,0,2452,1,0,8303.69,"",1,1,1,0,0,0,0,8285.69,8885,1,1,7424.48,"",1,1,1,0,0,0,0
131,1960.86,1,241,0,0,15398,1,0,17475.8,"",1,1,1,0,0,0,0,17362.8,8942,1,1,6706.29,"",1,1,1,0,0,0,0
131,1960.86,1,1534,1,0,9924,1,0,6664.38,"",1,1,1,0,0,0,0,6660.38,9699,1,1,6442.07,"",1,1,1,0,0,0,0
131,1960.86,1,1042,0,0,6203,1,1,7007.59,"",1,1,1,0,0,0,0,6959.59,10154,1,0,5928.23,"",1,1,1,0,0,0,0
131,1960.86,1,1138,0,0,10362,1,0,10571.9,"",1,1,1,0,0,0,0,10532.9,10941,1,1,6611.53,"",1,1,1,0,0,0,0
131,1960.86,1,1289,0,0,15174,1,0,8513.29,"",1,1,1,0,0,0,0,8489.29,11076,1,1,6508.58,"",1,1,1,0,0,0,0
131,1960.86,1,1217,0,0,14201,1,0,6510.81,"",1,1,1,0,0,0,0,6380.81,11333,1,1,6676.54,"",1,1,1,0,0,0,0
131,1960.86,1,183,1,0,16931,1,0,10097.5,"",1,1,1,0,0,0,0,9980.46,12701,1,1,5870.78,"",1,1,1,0,0,0,0
131,1960.86,1,588,0,0,86,1,0,10927.3,"",1,1,1,0,0,0,0,10840.3,13725,1,1,6278.42,"",1,1,1,0,0,0,0
131,1960.86,1,1320,1,0,15080,1,0,6115.71,"",1,1,1,0,0,0,0,6103.71,14479,1,1,6312.36,"",1,1,1,0,0,0,0
131,1960.86,1,813,0,0,4963,1,0,8878,"",1,1,1,0,0,0,0,8810,15003,1,1,6721.33,"",1,1,1,0,0,0,0
131,1960.86,1,144,0,0,6346,1,0,7656.78,"",1,1,1,0,0,0,0,7536.78,15150,1,1,6318.51,"",1,1,1,0,0,0,0
132,1960.86,1,440,0,0,7045,1,0,6369.74,"",1,1,1,0,0,0,0,6354.74,2091,1,1,6087.91,"",1,1,1,0,0,0,0
132,1960.86,1,34,1,0,12459,1,1,6030.91,"",1,1,1,0,0,0,0,6018.91,2172,1,0,8370.72,"",1,1,1,0,0,0,0
132,1960.86,1,1046,1,0,11602,1,0,11472.4,"",1,1,1,0,0,0,0,11424.4,2816,1,1,6765.08,"",1,2,2,0,0,0,0
132,1960.86,1,682,0,0,9987,1,1,8885.71,"",1,1,1,0,0,0,0,8805.71,3990,1,0,7117.24,"",1,1,1,0,0,0,0
132,1960.86,1,1244,0,0,13158,1,0,8317.48,"",1,1,1,0,0,0,0,8287.48,5755,1,1,6719.43,"",1,1,1,0,0,0,0
132,1960.86,1,1474,0,0,1513,1,0,7973.85,"",1,1,1,0,0,0,0,7963.85,6304,1,1,7349.14,"",1,1,1,0,0,0,0
132,1960.86,1,1405,1,0,5690,1,0,9448.82,"",1,1,1,0,0,0,0,9431.82,8680,1,1,7355.66,"",1,1,1,0,0,0,0
132,1960.86,1,1409,0,0,14979,1,0,7083.6,"",1,1,1,0,0,0,0,7068.6,10552,1,1,6081.85,"",1,2,2,0,0,0,0
132,1960.86,1,871,1,0,7807,1,0,9012.46,"",1,1,1,0,0,0,0,8948.46,11688,1,1,6477.93,"",1,1,1,0,0,0,0
132,1960.86,1,1056,0,0,12245,1,1,6802.03,"",1,1,1,0,0,0,0,6791.03,12209,1,0,5871.84,"",1,1,1,0,0,0,0
132,1960.86,1,1212,1,0,14804,1,0,9963.34,"",1,1,1,0,0,0,0,9930.34,14639,1,1,7186.39,"",1,1,1,0,0,0,0
132,1960.86,1,344,0,0,13347,1,1,8072.54,"",1,1,1,0,0,0,0,7964.54,15928,1,0,7199.8,"",1,1,1,0,0,0,0
133,1960.86,1,82,1,0,2685,1,0,9336.36,"",1,1,1,0,0,0,0,9324.36,736,1,1,6815.34,"",1,1,1,0,0,0,0
133,1960.86,1,1365,1,0,7616,1,0,10652.4,"",1,1,1,0,0,0,0,10632.4,1600,1,1,5877.67,"",1,2,2,0,0,0,0
133,1960.86,1,495,0,0,8998,1,0,7546.32,"",1,1,1,0,0,0,0,7450.32,2757,1,1,6432.95,"",1,1,1,0,0,0,0
133,1960.86,1,1100,0,0,13521,1,0,8124.17,"",1,1,1,0,0,0,0,8079.17,4191,1,1,6844.78,"",1,1,1,0,0,0,0
133,1960.86,1,21,0,0,9501,1,1,6357.1,"",1,1,1,0,0,0,0,6355.1,4433,1,0,6350.21,"",1,1,1,0,0,0,0
133,1960.86,1,167,1,0,10628,1,1,6338.23,"",1,1,1,0,0,0,0,6306.23,4942,1,0,6034.42,"",1,1,1,0,0,0,0
133,1960.86,1,337,0,0,13216,1,1,7087.18,"",1,1,1,0,0,0,0,7078.18,7305,1,0,7073.73,"",1,1,1,0,0,0,0
133,1960.86,1,829,0,0,2074,1,0,7696.72,"",1,1,1,0,0,0,0,7627.72,8614,1,1,7324.94,"",1,1,1,0,0,0,0
133,1960.86,1,61,0,0,9674,1,1,7003.34,"",1,1,1,0,0,0,0,6997.34,9087,1,0,5934.25,"",1,1,1,0,0,0,0
133,1960.86,1,176,0,0,15779,1,1,7348.95,"",1,1,1,0,0,0,0,7216.95,10882,1,0,6102.29,"",1,1,1,0,0,0,0
133,1960.86,1,1021,0,0,6179,1,0,8893.65,"",1,1,1,0,0,0,0,8841.65,11422,1,1,7218.37,"",1,1,1,0,0,0,0
133,1960.86,1,896,0,0,11695,1,1,9184.17,"",1,1,1,0,0,0,0,9121.17,12113,1,0,6357.87,"",1,1,1,0,0,0,0
133,1960.86,1,1208,0,0,10198,1,0,8842.08,"",1,1,1,0,0,0,0,8807.08,12237,1,1,6347.78,"",1,1,1,0,0,0,0
133,1960.86,1,204,0,0,11200,1,1,6582.06,"",1,1,1,0,0,0,0,6449.06,12697,1,0,9453.07,"",1,1,1,0,0,0,0
133,1960.86,1,1601,0,0,10333,1,1,5333.64,"",1,2,2,0,0,0,0,5277.64,14634,1,0,7258.43,"",1,1,1,0,0,0,0
133,1960.86,1,949,0,0,1196,1,1,6844.95,"",1,1,1,0,0,0,0,6830.95,15216,1,0,6618.6,"",1,1,1,0,0,0,0
133,1960.86,1,209,1,0,3384,1,1,6965.31,"",1,1,1,0,0,0,0,6954.31,15767,1,0,6230.26,"",1,1,1,0,0,0,0
133,1960.86,1,119,0,0,14652,1,0,9810.55,"",1,1,1,0,0,0,0,9799.55,16742,1,1,6386.52,"",1,1,1,0,0,0,0
134,1960.87,1,671,0,0,11108,1,0,8794.79,"",1,1,1,0,0,0,0,8711.79,977,1,1,6846.69,"",1,1,1,0,0,0,0
134,1960.87,1,869,1,0,3300,1,1,8209.36,"",1,1,1,0,0,0,0,8143.36,4084,1,0,6778.85,"",1,1,1,0,0,0,0
134,1960.87,1,1519,1,0,5634,1,1,5616.17,"",1,1,1,0,0,0,0,5608.17,4863,1,0,6540.86,"",1,1,1,0,0,0,0
134,1960.87,1,213,1,0,4825,1,0,8352.98,"",1,1,1,0,0,0,0,8233.98,5262,1,1,7223.81,"",1,1,1,0,0,0,0
134,1960.87,1,1434,0,0,7483,1,1,8098.66,"",1,1,1,0,0,0,0,8083.66,5291,1,0,7017.63,"",1,1,1,0,0,0,0
134,1960.87,1,1453,0,0,9533,1,1,5924.72,"",1,1,1,0,0,0,0,5912.72,5498,1,0,6698.13,"",1,1,1,0,0,0,0
134,1960.87,1,1615,1,0,13491,1,1,6050.8,"",1,1,1,0,0,0,0,5917.8,6941,1,0,6986.6,"",1,1,1,0,0,0,0
134,1960.87,1,967,0,0,8241,1,1,6957.36,"",1,1,1,0,0,0,0,6943.36,8285,1,0,6980.86,"",1,1,1,0,0,0,0
134,1960.87,1,1438,1,0,11615,1,1,5816.83,"",1,1,1,0,0,0,0,5801.83,9869,1,0,6006.38,"",1,1,1,0,0,0,0
134,1960.87,1,956,0,0,5942,1,1,8899.43,"",1,1,1,0,0,0,0,8841.43,10202,1,0,5990.87,"",1,1,1,0,0,0,0
134,1960.87,1,1168,0,0,8197,1,0,9403.82,"",1,1,1,0,0,0,0,9364.82,10575,1,1,6567.87,"",1,1,1,0,0,0,0
134,1960.87,1,1319,1,0,14133,1,0,7666.18,"",1,1,1,0,0,0,0,7640.18,11175,1,1,6104.09,"",1,1,1,0,0,0,0
134,1960.87,1,79,0,0,11668,1,1,6090.23,"",1,1,1,0,0,0,0,6084.23,11921,1,0,9356.73,"",1,1,1,0,0,0,0
134,1960.87,1,422,1,0,12160,1,0,6652.69,"",1,1,1,0,0,0,0,6518.69,15845,1,1,6287.61,"",1,1,1,0,0,0,0
134,1960.87,1,868,1,0,3771,1,0,6649.61,"",1,1,1,0,0,0,0,6637.61,16130,1,1,6202.38,"",1,1,1,0,0,0,0
134,1960.87,1,261,0,0,14380,1,0,7869.97,"",1,1,1,0,0,0,0,7753.97,17356,1,1,5943.87,"",1,1,1,0,0,0,0
135,1960.87,1,331,1,0,8299,1,0,9992.76,"",1,1,1,0,0,0,0,9881.76,4631,1,1,7309.43,"",1,1,1,0,0,0,0
135,1960.87,1,960,1,0,1551,1,0,8235.6,"",1,1,1,0,0,0,0,8176.6,6474,1,1,6271.31,"",1,1,1,0,0,0,0
135,1960.87,1,1555,1,0,11963,1,0,9886.01,"",1,1,1,0,0,0,0,9880.01,7649,1,1,7102.97,"",1,1,1,0,0,0,0
135,1960.87,1,793,0,0,4721,1,0,9010.53,"",1,1,1,0,0,0,0,8936.53,8755,1,1,6615.71,"",1,1,1,0,0,0,0
135,1960.87,1,264,1,0,10934,1,1,7906.99,"",1,1,1,0,0,0,0,7790.99,8792,1,0,6431.97,"",1,1,1,0,0,0,0
135,1960.87,1,642,1,0,16470,1,0,8349.24,"",1,1,1,0,0,0,0,8263.24,8927,1,1,6101.93,"",1,1,1,0,0,0,0
135,1960.87,1,121,1,0,8348,1,1,6986.95,"",1,1,1,0,0,0,0,6979.95,9821,1,0,12073.6,"",1,1,1,0,0,0,0
135,1960.87,1,295,1,0,16313,1,1,8055.9,"",1,1,1,0,0,0,0,7941.9,10492,1,0,6974.78,"",1,1,1,0,0,0,0
135,1960.87,1,174,0,0,10042,1,0,8631.82,"",1,1,1,0,0,0,0,8509.82,11572,1,1,6050.95,"",1,1,1,0,0,0,0
135,1960.87,1,1592,1,0,5921,1,1,5564.28,"",1,1,1,0,0,0,0,5560.28,12015,1,0,6516.66,"",1,1,1,0,0,0,0
135,1960.87,1,1184,1,0,16113,1,0,8823.28,"",1,1,1,0,0,0,0,8784.28,17238,1,1,7294.79,"",1,1,1,0,0,0,0
136,1960.87,1,369,1,0,17180,1,0,7167.54,"",1,1,1,0,0,0,0,7149.54,343,1,1,7230.29,"",1,1,1,0,0,0,0
136,1960.87,1,983,0,0,10004,1,1,6987.56,"",1,1,1,0,0,0,0,6960.56,1345,1,0,6585.36,"",1,1,1,0,0,0,0
136,1960.87,1,1151,0,0,13565,1,0,6640.84,"",1,1,1,0,0,0,0,6598.84,1824,1,1,5936.58,"",1,1,1,0,0,0,0
136,1960.87,1,1317,1,0,6447,1,0,10080.5,"",1,1,1,0,0,0,0,10052.5,2491,1,1,6294.04,"",1,1,1,0,0,0,0
136,1960.87,1,954,0,0,3837,1,1,6553.48,"",1,1,1,0,0,0,0,6535.48,4594,1,0,5660.25,"",1,1,1,0,0,0,0
136,1960.87,1,1425,1,0,12971,1,1,6116.97,"",1,1,1,0,0,0,0,6098.97,6877,1,0,6891.84,"",1,1,1,0,0,0,0
136,1960.87,1,887,1,0,15078,1,1,6344.79,"",1,1,1,0,0,0,0,6322.79,7055,1,0,6722.89,"",1,1,1,0,0,0,0
136,1960.87,1,1065,0,0,6524,1,0,8739.49,"",1,1,1,0,0,0,0,8688.49,7388,1,1,5739.61,"",1,1,1,0,0,0,0
136,1960.87,1,303,0,0,11902,1,0,7206.41,"",1,1,1,0,0,0,0,7193.41,9126,1,1,5823.14,"",1,1,1,0,0,0,0
136,1960.87,1,1137,0,0,9744,1,0,6959.06,"",1,1,1,0,0,0,0,6944.06,10175,1,1,7152.29,"",1,1,1,0,0,0,0
136,1960.87,1,44,0,0,2861,1,1,5724.82,"",1,1,1,0,0,0,0,5709.82,10249,1,0,8725.61,"",1,1,1,0,0,0,0
136,1960.87,1,1410,0,0,519,1,0,6265.36,"",1,2,2,0,0,0,0,6245.36,10859,1,1,5983.19,"",1,1,1,0,0,0,0
136,1960.87,1,301,0,0,5944,1,0,6728.67,"",1,1,1,0,0,0,0,6713.67,11117,1,1,9238.39,"",1,1,1,0,0,0,0
136,1960.87,1,1023,0,0,13492,1,1,6499.47,"",1,1,1,0,0,0,0,6486.47,11640,1,0,6057.18,"",1,1,1,0,0,0,0
136,1960.87,1,641,1,0,5083,1,1,7924.86,"",1,1,1,0,0,0,0,7836.86,12369,1,0,6594.43,"",1,1,1,0,0,0,0
136,1960.87,1,919,0,0,10995,1,1,8225.87,"",1,1,1,0,0,0,0,8161.87,16763,1,0,6179.3,"",1,1,1,0,0,0,0
137,1960.88,1,294,1,0,12532,1,1,7010.92,"",1,1,1,0,0,0,0,6999.92,731,1,0,13548.2,"",1,1,1,0,0,0,0
137,1960.88,1,1502,1,0,16917,1,0,8006.45,"",1,2,2,0,0,0,0,7994.45,927,1,1,7307.16,"",1,1,1,0,0,0,0
137,1960.88,1,20,0,0,7722,1,1,6372.97,"",1,1,1,0,0,0,0,6356.97,1369,1,0,6647.37,"",1,1,1,0,0,0,0
137,1960.88,1,1541,0,0,2989,1,0,8311.24,"",1,1,1,0,0,0,0,8302.24,2754,1,1,6228.52,"",1,1,1,0,0,0,0
137,1960.88,1,1639,0,0,15321,1,0,7020.66,"",1,2,2,0,0,0,0,7002.66,5655,1,1,7291.17,"",1,1,1,0,0,0,0
137,1960.88,1,12,0,0,11209,1,0,10397.3,"",1,1,1,0,0,0,0,10369.3,7849,1,1,7345.77,"",1,1,1,0,0,0,0
137,1960.88,1,609,0,0,3544,1,0,9345.08,"",1,1,1,0,0,0,0,9254.08,8625,1,1,7295.42,"",1,1,1,0,0,0,0
137,1960.88,1,63,0,0,9997,1,1,6200.36,"",1,1,1,0,0,0,0,6190.36,14977,1,0,9743.08,"",1,1,1,0,0,0,0
137,1960.88,1,168,1,0,2116,1,0,6600.24,"",1,1,1,0,0,0,0,6584.24,15088,1,1,7518.24,"",1,1,1,0,0,0,0
137,1960.88,1,246,1,0,8991,1,1,6959.02,"",1,1,1,0,0,0,0,6946.02,16275,1,0,5008.75,"",1,1,1,0,0,0,0
137,1960.88,1,1496,0,0,16540,1,0,8651.68,"",1,2,2,0,0,0,0,8639.68,16444,1,1,5655.81,"",1,1,1,0,0,0,0
137,1960.88,1,324,1,0,9362,1,1,5879.26,"",1,1,1,0,0,0,0,5854.26,16796,1,0,8176.62,"",1,1,1,0,0,0,0
137,1960.88,1,340,0,0,12210,1,0,8700.84,"",1,1,1,0,0,0,0,8587.84,16897,1,1,6168.43,"",1,1,1,0,0,0,0
137,1960.88,1,603,0,0,5450,1,1,7808.61,"",1,1,1,0,0,0,0,7716.61,16991,1,0,5659.75,"",1,1,1,0,0,0,0
138,1960.88,1,1359,0,0,2892,1,0,10178.1,"",1,1,1,0,0,0,0,10153.1,816,1,1,6601.29,"",1,1,1,0,0,0,0
138,1960.88,1,929,0,0,4849,1,0,8084.35,"",1,1,1,0,0,0,0,8021.35,2984,1,1,6236.03,"",1,1,1,0,0,0,0
138,1960.88,1,543,0,0,1534,1,1,6319.04,"",1,1,1,0,0,0,0,6310.04,4110,1,0,5624.99,"",1,1,1,0,0,0,0
138,1960.88,1,116,0,0,14857,1,1,6136.45,"",1,1,1,0,0,0,0,6122.45,4810,1,0,6012,"",1,1,1,0,0,0,0
138,1960.88,1,273,0,0,1231,1,0,8333.73,"",1,1,1,0,0,0,0,8214.73,5124,1,1,5976.34,"",1,1,1,0,0,0,0
138,1960.88,1,572,1,0,15203,1,0,5148.54,"",1,1,1,0,0,0,0,5053.54,8146,1,1,7379.32,"",1,1,1,0,0,0,0
138,1960.88,1,1570,0,0,12984,1,1,7075.84,"",1,1,1,0,0,0,0,6937.84,15643,1,0,6404.78,"",1,1,1,0,0,0,0
138,1960.88,1,1416,1,0,6072,1,1,6753.82,"",1,1,1,0,0,0,0,6731.82,16980,1,0,7344.23,"",1,1,1,0,0,0,0
138,1960.88,1,1654,1,0,189,1,0,6353.42,"",1,1,1,0,0,0,0,6215.42,17339,1,1,7114.2,"",1,1,1,0,0,0,0
139,1960.88,1,213,1,0,5262,1,1,7227.81,"",1,1,1,0,0,0,0,7223.81,4825,1,0,8357.98,"",1,1,1,0,0,0,0
139,1960.88,1,785,0,0,16750,1,0,7147.4,"",1,1,1,0,0,0,0,7129.4,6475,1,1,7180.01,"",1,1,1,0,0,0,0
139,1960.88,1,172,0,0,5537,1,1,7292.34,"",1,1,1,0,0,0,0,7272.34,6654,1,0,7555.36,"",1,1,1,0,0,0,0
139,1960.88,1,879,1,0,1006,1,0,7297.84,"",1,1,1,0,0,0,0,7273.84,6943,1,1,5879.58,"",1,1,1,0,0,0,0
139,1960.88,1,1569,0,0,10304,1,0,11074.6,"",1,1,1,0,0,0,0,11066.6,6981,1,1,5865.75,"",1,1,1,0,0,0,0
139,1960.88,1,501,1,0,11735,1,0,9923.83,"",1,1,1,0,0,0,0,9821.83,7677,1,1,7006.36,"",1,1,1,0,0,0,0
139,1960.88,1,1659,0,0,7350,1,1,7709.22,"",1,2,2,0,0,0,0,7621.22,8045,1,0,11283.3,"",1,1,1,0,0,0,0
139,1960.88,1,758,0,0,10177,1,0,8784.03,"",1,1,1,0,0,0,0,8703.03,10555,1,1,7373.3,"",1,1,1,0,0,0,0
139,1960.88,1,1664,1,0,13696,1,1,6220.33,"",1,2,2,0,0,0,0,6198.33,10768,1,0,5895.32,"",1,1,1,0,0,0,0
139,1960.88,1,204,0,0,12697,1,0,9458.07,"",1,1,1,0,0,0,0,9453.07,11200,1,1,6588.06,"",1,1,1,0,0,0,0
139,1960.88,1,23,0,0,16091,1,1,6930.45,"",1,1,1,0,0,0,0,6916.45,13170,1,0,6530.98,"",1,1,1,0,0,0,0
139,1960.88,1,902,1,0,2495,1,0,8198.88,"",1,1,1,0,0,0,0,8129.88,13315,1,1,6697.1,"",1,1,1,0,0,0,0
139,1960.88,1,60,0,0,7866,1,0,6992.14,"",1,1,1,0,0,0,0,6975.14,14091,1,1,6259.4,"",1,1,1,0,0,0,0
139,1960.88,1,757,0,0,4342,1,0,7639.7,"",1,1,1,0,0,0,0,7558.7,14738,1,1,5881.46,"",1,1,1,0,0,0,0
139,1960.88,1,534,0,0,11037,1,1,6464.3,"",1,1,1,0,0,0,0,6440.3,15615,1,0,7325,"",1,1,1,0,0,0,0
139,1960.88,1,68,1,0,2211,1,1,7004.93,"",1,1,1,0,0,0,0,6977.93,15628,1,0,10380.8,"",1,1,1,0,0,0,0
139,1960.88,1,1073,1,0,256,1,1,6003.72,"",1,1,1,0,0,0,0,5949.72,15949,1,0,6813.86,"",1,1,1,0,0,0,0
140,1960.88,1,1670,0,0,2609,0,1,5883.38,"",1,1,1,0,0,0,0,5743.38,5091,1,0,6021.94,"",1,1,1,0,0,0,0
140,1960.88,1,1205,0,0,13830,1,1,6222.77,"",1,1,1,0,0,0,0,6197.77,5177,1,0,6554.01,"",1,1,1,0,0,0,0
140,1960.88,1,1465,0,0,10368,1,1,6759.4,"",1,1,1,0,0,0,0,6620.4,10309,1,0,5649.67,"",1,1,1,0,0,0,0
140,1960.88,1,1252,1,0,4886,1,0,8664.66,"",1,1,1,0,0,0,0,8625.66,13905,1,1,6997.43,"",1,1,1,0,0,0,0
140,1960.88,1,452,1,0,17076,1,0,8074.65,"",1,1,1,0,0,0,0,7967.65,14754,1,1,6660.52,"",1,1,1,0,0,0,0
140,1960.88,1,1450,1,0,10804,1,0,8515.82,"",1,1,1,0,0,0,0,8494.82,17149,1,1,5804.42,"",1,1,1,0,0,0,0
141,1960.89,1,137,1,0,13418,1,1,7296.14,"",1,1,1,0,0,0,0,7279.14,2220,1,0,8577.46,"",1,1,1,0,0,0,0
141,1960.89,1,673,1,0,14143,1,0,9416.29,"",1,1,1,0,0,0,0,9326.29,3684,1,1,6934.44,"",1,1,1,0,0,0,0
141,1960.89,1,1686,0,0,17325,1,0,8154.8,"",1,2,2,0,0,0,0,8047.8,4121,1,1,6922.71,"",1,1,1,0,0,0,0
141,1960.89,1,583,1,0,16194,1,0,8140.47,"",1,1,1,0,0,0,0,8043.47,8378,1,1,5990.6,"",1,1,1,0,0,0,0
141,1960.89,1,264,1,0,8792,1,0,6437.97,"",1,1,1,0,0,0,0,6431.97,10934,1,1,7913.99,"",1,1,1,0,0,0,0
141,1960.89,1,265,1,0,7960,1,1,7217.47,"",1,1,1,0,0,0,0,7197.47,11847,1,0,8155.68,"",1,1,1,0,0,0,0
141,1960.89,1,1217,0,0,11333,1,1,6686.54,"",1,1,1,0,0,0,0,6676.54,14201,1,0,6521.81,"",1,1,1,0,0,0,0
141,1960.89,1,1422,1,0,5566,1,1,5916.27,"",1,1,1,0,0,0,0,5900.27,15897,1,0,6260.9,"",1,1,1,0,0,0,0
141,1960.89,1,1008,0,0,9982,1,0,10456.9,"",1,1,1,0,0,0,0,10395.9,16033,1,1,6068.53,"",1,1,1,0,0,0,0
141,1960.89,1,183,1,0,12701,1,1,5880.78,"",1,1,1,0,0,0,0,5870.78,16931,1,0,10108.5,"",1,1,1,0,0,0,0
142,1960.89,1,756,0,0,10370,1,1,6299.08,"",1,1,1,0,0,0,0,6278.08,3991,1,0,6510.75,"",1,1,1,0,0,0,0
142,1960.89,1,144,0,0,15150,1,1,6328.51,"",1,1,1,0,0,0,0,6318.51,6346,1,0,7667.78,"",1,1,1,0,0,0,0
142,1960.89,1,590,0,0,7027,1,0,8970.99,"",1,1,1,0,0,0,0,8873.99,6496,1,1,6238.86,"",1,1,1,0,0,0,0
142,1960.89,1,373,1,0,12997,1,1,7241.13,"",1,1,1,0,0,0,0,7217.13,7107,1,0,9162.76,"",1,1,1,0,0,0,0
142,1960.89,1,540,1,0,15077,1,1,8197.46,"",1,1,1,0,0,0,0,8095.46,9106,1,0,9032.35,"",1,2,2,0,0,0,0
142,1960.89,1,422,1,0,15845,1,1,6294.61,"",1,1,1,0,0,0,0,6287.61,12160,1,0,6660.69,"",1,1,1,0,0,0,0
142,1960.89,1,460,0,0,15802,1,0,6002.2,"",1,1,1,0,0,0,0,5982.2,14253,1,1,7174.84,"",1,1,1,0,0,0,0
142,1960.89,1,176,0,0,10882,1,0,6111.29,"",1,1,1,0,0,0,0,6102.29,15779,1,1,7358.95,"",1,1,1,0,0,0,0
142,1960.89,1,659,0,0,15213,1,1,6037.31,"",1,1,1,0,0,0,0,6005.31,15821,1,0,6975.95,"",1,1,1,0,0,0,0
142,1960.89,1,953,0,0,1899,1,0,9695.42,"",1,1,1,0,0,0,0,9629.42,16393,1,1,7219.91,"",1,1,1,0,0,0,0
143,1960.89,1,1560,0,0,4458,1,0,17138.2,"",1,1,1,0,0,0,0,17125.2,1711,1,1,6464.85,"",1,1,1,0,0,0,0
143,1960.89,1,405,1,0,665,1,1,6433.73,"",1,1,1,0,0,0,0,6406.73,5051,1,0,8425.39,"",1,1,1,0,0,0,0
143,1960.89,1,707,1,0,65,1,0,7986.07,"",1,1,1,0,0,0,0,7896.07,7291,1,1,6427.41,"",1,1,1,0,0,0,0
143,1960.89,1,694,1,0,7452,1,1,6852.65,"",1,1,1,0,0,0,0,6836.65,8604,1,0,7438.9,"",1,1,1,0,0,0,0
143,1960.89,1,173,0,0,4885,1,1,6052.19,"",1,1,1,0,0,0,0,6039.19,9675,1,0,5587.24,"",1,1,1,0,0,0,0
143,1960.89,1,241,0,0,8942,1,1,6718.29,"",1,1,1,0,0,0,0,6706.29,15398,1,0,17488.8,"",1,1,1,0,0,0,0
143,1960.89,1,706,1,0,4531,1,1,6197.91,"",1,1,1,0,0,0,0,6107.91,17196,1,0,7030.51,"",1,1,1,0,0,0,0
144,1960.89,1,298,1,0,15418,1,0,6573.61,"",1,1,1,0,0,0,0,6548.61,1108,1,1,7477.47,"",1,1,1,0,0,0,0
144,1960.89,1,1715,1,0,2246,1,1,6164.26,"",1,2,2,0,0,0,0,6142.26,5001,1,0,7385.52,"",1,1,1,0,0,0,0
144,1960.89,1,464,0,0,49,1,0,9232.83,"",1,1,1,0,0,0,0,9122.83,5363,1,1,6731.9,"",1,1,1,0,0,0,0
144,1960.89,1,585,1,0,2677,1,0,9645.69,"",1,1,1,0,0,0,0,9544.69,7471,1,1,6841.3,"",1,1,1,0,0,0,0
144,1960.89,1,198,1,0,12685,1,1,6160.56,"",1,1,1,0,0,0,0,6135.56,15663,1,0,9219.69,"",1,1,1,0,0,0,0
145,1960.9,1,1670,0,0,5091,1,0,6025.94,"",1,1,1,0,0,0,0,6021.94,2609,1,1,5888.38,"",1,1,1,0,0,0,0
145,1960.9,1,377,0,0,4302,1,1,7347.98,"",1,1,1,0,0,0,0,7327.98,3258,1,0,9735.98,"",1,1,1,0,0,0,0
145,1960.9,1,1192,0,0,5907,1,0,9491,"",1,1,1,0,0,0,0,9443,6599,1,1,7382.91,"",1,1,1,0,0,0,0
145,1960.9,1,470,0,0,3287,1,1,8201.71,"",1,1,1,0,0,0,0,8090.71,13333,1,0,6969.9,"",1,1,1,0,0,0,0
145,1960.9,1,295,1,0,10492,1,0,6984.78,"",1,1,1,0,0,0,0,6974.78,16313,1,1,8066.9,"",1,1,1,0,0,0,0
146,1960.9,1,1737,1,0,6712,1,1,5631.9,"",1,2,2,0,0,0,0,5606.9,2033,1,0,7704.21,"",1,1,1,0,0,0,0
146,1960.9,1,1160,0,0,6509,1,0,8994.09,"",1,1,1,0,0,0,0,8942.09,16877,1,1,6935.51,"",1,1,1,0,0,0,0
146,1960.9,1,452,1,0,14754,1,1,6666.52,"",1,1,1,0,0,0,0,6660.52,17076,1,0,8081.65,"",1,1,1,0,0,0,0
147,1960.9,1,1166,0,0,5973,1,0,8208.79,"",1,1,1,0,0,0,0,8157.79,3605,1,1,6006.31,"",1,1,1,0,0,0,0
147,1960.9,1,936,1,0,17139,1,0,6148.35,"",1,1,1,0,0,0,0,6122.35,3951,1,1,7168.06,"",1,1,1,0,0,0,0
147,1960.9,1,1465,0,0,10309,1,0,5656.67,"",1,1,1,0,0,0,0,5649.67,10368,1,1,6767.4,"",1,1,1,0,0,0,0
147,1960.9,1,216,0,0,9870,1,1,5769.26,"",1,1,1,0,0,0,0,5722.26,12884,1,0,6980.04,"",1,1,1,0,0,0,0
147,1960.9,1,1615,1,0,6941,1,0,6999.6,"",1,1,1,0,0,0,0,6986.6,13491,1,1,6064.8,"",1,1,1,0,0,0,0
148,1960.91,1,1654,1,0,17339,1,1,7123.2,"",1,1,1,0,0,0,0,7114.2,189,1,0,6363.42,"",1,1,1,0,0,0,0
148,1960.91,1,1748,0,0,8297,1,0,8247.97,"",1,2,2,0,0,0,0,8194.97,2818,1,1,9444.39,"",1,2,2,0,0,0,0
148,1960.91,1,150,1,0,5739,1,0,7429.31,"",1,1,1,0,0,0,0,7389.31,4515,1,1,7512.65,"",1,1,1,0,0,0,0
148,1960.91,1,925,0,0,16229,1,0,6277.31,"",1,1,1,0,0,0,0,6251.31,13286,1,1,5731.97,"",1,1,1,0,0,0,0
148,1960.91,1,344,0,0,15928,1,0,7214.8,"",1,1,1,0,0,0,0,7199.8,13347,1,1,8088.54,"",1,1,1,0,0,0,0
148,1960.91,1,293,0,0,938,1,1,6041.86,"",1,1,1,0,0,0,0,6012.86,15705,1,0,9719.82,"",1,1,1,0,0,0,0
148,1960.91,1,1147,0,0,2972,1,0,7650.74,"",1,1,1,0,0,0,0,7595.74,16492,1,1,6471.24,"",1,1,1,0,0,0,0
149,1960.91,1,192,0,0,13245,1,0,6370.52,"",1,1,1,0,0,0,0,6342.52,7221,1,1,7780.59,"",1,1,1,0,0,0,0
149,1960.91,1,854,0,0,7379,1,1,5753.74,"",1,1,1,0,0,0,0,5722.74,9496,1,0,6496.67,"",1,1,1,0,0,0,0
149,1960.91,1,1570,0,0,15643,1,0,6414.78,"",1,1,1,0,0,0,0,6404.78,12984,1,1,7086.84,"",1,1,1,0,0,0,0
149,1960.91,1,1763,1,0,276,1,0,9001.38,"",1,2,2,0,0,0,0,8937.38,13379,1,1,6521.53,"",1,1,1,0,0,0,0
149,1960.91,1,1546,1,0,11318,1,0,8495.67,"",1,1,1,0,0,0,0,8473.67,13651,1,1,6530.99,"",1,1,1,0,0,0,0
149,1960.91,1,759,1,0,12216,1,0,10433,"",1,1,1,0,0,0,0,10342,16840,1,1,6028.33,"",1,1,1,0,0,0,0
