Time,NodeID,Genome,VectorPopulation
0,1,X-a0:X-a0,8709
0,1,X-a0:X-a1,0
0,1,X-a1:X-a0,0
0,1,X-a1:X-a1,0
1,1,X-a0:X-a0,7549
1,1,X-a0:X-a1,0
1,1,X-a1:X-a0,0
1,1,X-a1:X-a1,0
2,1,X-a0:X-a0,6518
2,1,X-a0:X-a1,0
2,1,X-a1:X-a0,0
2,1,X-a1:X-a1,0
3,1,X-a0:X-a0,5633
3,1,X-a0:X-a1,0
3,1,X-a1:X-a0,0
3,1,X-a1:X-a1,0
4,1,X-a0:X-a0,4802
4,1,X-a0:X-a1,0
4,1,X-a1:X-a0,0
4,1,X-a1:X-a1,0
5,1,X-a0:X-a0,4102
5,1,X-a0:X-a1,0
5,1,X-a1:X-a0,0
5,1,X-a1:X-a1,0
6,1,X-a0:X-a0,3501
6,1,X-a0:X-a1,0
6,1,X-a1:X-a0,0
6,1,X-a1:X-a1,0
7,1,X-a0:X-a0,2962
7,1,X-a0:X-a1,0
7,1,X-a1:X-a0,0
7,1,X-a1:X-a1,0
8,1,X-a0:X-a0,2467
8,1,X-a0:X-a1,0
8,1,X-a1:X-a0,0
8,1,X-a1:X-a1,0
9,1,X-a0:X-a0,2048
9,1,X-a0:X-a1,0
9,1,X-a1:X-a0,0
9,1,X-a1:X-a1,0
10,1,X-a0:X-a0,1683
10,1,X-a0:X-a1,0
10,1,X-a1:X-a0,0
10,1,X-a1:X-a1,0
11,1,X-a0:X-a0,1369
11,1,X-a0:X-a1,0
11,1,X-a1:X-a0,0
11,1,X-a1:X-a1,0
12,1,X-a0:X-a0,1125
12,1,X-a0:X-a1,0
12,1,X-a1:X-a0,0
12,1,X-a1:X-a1,0
13,1,X-a0:X-a0,910
13,1,X-a0:X-a1,0
13,1,X-a1:X-a0,0
13,1,X-a1:X-a1,0
14,1,X-a0:X-a0,738
14,1,X-a0:X-a1,0
14,1,X-a1:X-a0,0
14,1,X-a1:X-a1,0
15,1,X-a0:X-a0,605
15,1,X-a0:X-a1,0
15,1,X-a1:X-a0,0
15,1,X-a1:X-a1,0
16,1,X-a0:X-a0,483
16,1,X-a0:X-a1,0
16,1,X-a1:X-a0,0
16,1,X-a1:X-a1,0
17,1,X-a0:X-a0,373
17,1,X-a0:X-a1,0
17,1,X-a1:X-a0,0
17,1,X-a1:X-a1,0
18,1,X-a0:X-a0,307
18,1,X-a0:X-a1,0
18,1,X-a1:X-a0,0
18,1,X-a1:X-a1,0
19,1,X-a0:X-a0,244
19,1,X-a0:X-a1,0
19,1,X-a1:X-a0,0
19,1,X-a1:X-a1,0
20,1,X-a0:X-a0,196
20,1,X-a0:X-a1,0
20,1,X-a1:X-a0,0
20,1,X-a1:X-a1,0
21,1,X-a0:X-a0,152
21,1,X-a0:X-a1,0
21,1,X-a1:X-a0,0
21,1,X-a1:X-a1,0
22,1,X-a0:X-a0,23389
22,1,X-a0:X-a1,0
22,1,X-a1:X-a0,0
22,1,X-a1:X-a1,0
23,1,X-a0:X-a0,29081
23,1,X-a0:X-a1,0
23,1,X-a1:X-a0,0
23,1,X-a1:X-a1,0
24,1,X-a0:X-a0,36751
24,1,X-a0:X-a1,0
24,1,X-a1:X-a0,0
24,1,X-a1:X-a1,0
25,1,X-a0:X-a0,43337
25,1,X-a0:X-a1,0
25,1,X-a1:X-a0,0
25,1,X-a1:X-a1,0
26,1,X-a0:X-a0,47858
26,1,X-a0:X-a1,0
26,1,X-a1:X-a0,0
26,1,X-a1:X-a1,0
27,1,X-a0:X-a0,52735
27,1,X-a0:X-a1,0
27,1,X-a1:X-a0,0
27,1,X-a1:X-a1,0
28,1,X-a0:X-a0,57348
28,1,X-a0:X-a1,0
28,1,X-a1:X-a0,0
28,1,X-a1:X-a1,0
29,1,X-a0:X-a0,60450
29,1,X-a0:X-a1,0
29,1,X-a1:X-a0,0
29,1,X-a1:X-a1,0
30,1,X-a0:X-a0,63691
30,1,X-a0:X-a1,0
30,1,X-a1:X-a0,0
30,1,X-a1:X-a1,0
31,1,X-a0:X-a0,62687
31,1,X-a0:X-a1,0
31,1,X-a1:X-a0,0
31,1,X-a1:X-a1,0
32,1,X-a0:X-a0,60960
32,1,X-a0:X-a1,0
32,1,X-a1:X-a0,0
32,1,X-a1:X-a1,0
33,1,X-a0:X-a0,58989
33,1,X-a0:X-a1,0
33,1,X-a1:X-a0,0
33,1,X-a1:X-a1,0
34,1,X-a0:X-a0,54640
34,1,X-a0:X-a1,0
34,1,X-a1:X-a0,0
34,1,X-a1:X-a1,0
35,1,X-a0:X-a0,50707
35,1,X-a0:X-a1,0
35,1,X-a1:X-a0,0
35,1,X-a1:X-a1,0
36,1,X-a0:X-a0,47161
36,1,X-a0:X-a1,0
36,1,X-a1:X-a0,0
36,1,X-a1:X-a1,0
37,1,X-a0:X-a0,42136
37,1,X-a0:X-a1,0
37,1,X-a1:X-a0,0
37,1,X-a1:X-a1,0
38,1,X-a0:X-a0,38023
38,1,X-a0:X-a1,0
38,1,X-a1:X-a0,0
38,1,X-a1:X-a1,0
39,1,X-a0:X-a0,34355
39,1,X-a0:X-a1,0
39,1,X-a1:X-a0,0
39,1,X-a1:X-a1,0
40,1,X-a0:X-a0,30115
40,1,X-a0:X-a1,0
40,1,X-a1:X-a0,0
40,1,X-a1:X-a1,0
41,1,X-a0:X-a0,26606
41,1,X-a0:X-a1,0
41,1,X-a1:X-a0,0
41,1,X-a1:X-a1,0
42,1,X-a0:X-a0,23346
42,1,X-a0:X-a1,0
42,1,X-a1:X-a0,0
42,1,X-a1:X-a1,0
43,1,X-a0:X-a0,20176
43,1,X-a0:X-a1,0
43,1,X-a1:X-a0,0
43,1,X-a1:X-a1,0
44,1,X-a0:X-a0,17727
44,1,X-a0:X-a1,0
44,1,X-a1:X-a0,0
44,1,X-a1:X-a1,0
45,1,X-a0:X-a0,15230
45,1,X-a0:X-a1,0
45,1,X-a1:X-a0,0
45,1,X-a1:X-a1,0
46,1,X-a0:X-a0,12815
46,1,X-a0:X-a1,0
46,1,X-a1:X-a0,0
46,1,X-a1:X-a1,0
47,1,X-a0:X-a0,11174
47,1,X-a0:X-a1,0
47,1,X-a1:X-a0,0
47,1,X-a1:X-a1,0
48,1,X-a0:X-a0,123358
48,1,X-a0:X-a1,0
48,1,X-a1:X-a0,0
48,1,X-a1:X-a1,0
49,1,X-a0:X-a0,104334
49,1,X-a0:X-a1,0
49,1,X-a1:X-a0,0
49,1,X-a1:X-a1,0
50,1,X-a0:X-a0,106867
50,1,X-a0:X-a1,0
50,1,X-a1:X-a0,0
50,1,X-a1:X-a1,0
51,1,X-a0:X-a0,107457
51,1,X-a0:X-a1,0
51,1,X-a1:X-a0,0
51,1,X-a1:X-a1,0
52,1,X-a0:X-a0,100868
52,1,X-a0:X-a1,0
52,1,X-a1:X-a0,0
52,1,X-a1:X-a1,0
53,1,X-a0:X-a0,101317
53,1,X-a0:X-a1,0
53,1,X-a1:X-a0,0
53,1,X-a1:X-a1,0
54,1,X-a0:X-a0,100826
54,1,X-a0:X-a1,0
54,1,X-a1:X-a0,0
54,1,X-a1:X-a1,0
55,1,X-a0:X-a0,96225
55,1,X-a0:X-a1,0
55,1,X-a1:X-a0,0
55,1,X-a1:X-a1,0
56,1,X-a0:X-a0,95879
56,1,X-a0:X-a1,0
56,1,X-a1:X-a0,0
56,1,X-a1:X-a1,0
57,1,X-a0:X-a0,95421
57,1,X-a0:X-a1,0
57,1,X-a1:X-a0,0
57,1,X-a1:X-a1,0
58,1,X-a0:X-a0,92108
58,1,X-a0:X-a1,0
58,1,X-a1:X-a0,0
58,1,X-a1:X-a1,0
59,1,X-a0:X-a0,91471
59,1,X-a0:X-a1,0
59,1,X-a1:X-a0,0
59,1,X-a1:X-a1,0
60,1,X-a0:X-a0,90807
60,1,X-a0:X-a1,0
60,1,X-a1:X-a0,0
60,1,X-a1:X-a1,0
61,1,X-a0:X-a0,88422
61,1,X-a0:X-a1,0
61,1,X-a1:X-a0,0
61,1,X-a1:X-a1,0
62,1,X-a0:X-a0,87883
62,1,X-a0:X-a1,0
62,1,X-a1:X-a0,0
62,1,X-a1:X-a1,0
63,1,X-a0:X-a0,87391
63,1,X-a0:X-a1,0
63,1,X-a1:X-a0,0
63,1,X-a1:X-a1,0
64,1,X-a0:X-a0,85880
64,1,X-a0:X-a1,0
64,1,X-a1:X-a0,0
64,1,X-a1:X-a1,0
65,1,X-a0:X-a0,85213
65,1,X-a0:X-a1,0
65,1,X-a1:X-a0,0
65,1,X-a1:X-a1,0
66,1,X-a0:X-a0,105683
66,1,X-a0:X-a1,0
66,1,X-a1:X-a0,0
66,1,X-a1:X-a1,0
67,1,X-a0:X-a0,99848
67,1,X-a0:X-a1,0
67,1,X-a1:X-a0,0
67,1,X-a1:X-a1,0
68,1,X-a0:X-a0,100219
68,1,X-a0:X-a1,0
68,1,X-a1:X-a0,0
68,1,X-a1:X-a1,0
69,1,X-a0:X-a0,99869
69,1,X-a0:X-a1,0
69,1,X-a1:X-a0,0
69,1,X-a1:X-a1,0
70,1,X-a0:X-a0,98307
70,1,X-a0:X-a1,0
70,1,X-a1:X-a0,0
70,1,X-a1:X-a1,0
71,1,X-a0:X-a0,98453
71,1,X-a0:X-a1,0
71,1,X-a1:X-a0,0
71,1,X-a1:X-a1,0
72,1,X-a0:X-a0,98152
72,1,X-a0:X-a1,0
72,1,X-a1:X-a0,0
72,1,X-a1:X-a1,0
73,1,X-a0:X-a0,97243
73,1,X-a0:X-a1,0
73,1,X-a1:X-a0,0
73,1,X-a1:X-a1,0
74,1,X-a0:X-a0,96911
74,1,X-a0:X-a1,0
74,1,X-a1:X-a0,0
74,1,X-a1:X-a1,0
75,1,X-a0:X-a0,96543
75,1,X-a0:X-a1,0
75,1,X-a1:X-a0,0
75,1,X-a1:X-a1,0
76,1,X-a0:X-a0,96001
76,1,X-a0:X-a1,0
76,1,X-a1:X-a0,0
76,1,X-a1:X-a1,0
77,1,X-a0:X-a0,96230
77,1,X-a0:X-a1,0
77,1,X-a1:X-a0,0
77,1,X-a1:X-a1,0
78,1,X-a0:X-a0,96203
78,1,X-a0:X-a1,0
78,1,X-a1:X-a0,0
78,1,X-a1:X-a1,0
79,1,X-a0:X-a0,96169
79,1,X-a0:X-a1,0
79,1,X-a1:X-a0,0
79,1,X-a1:X-a1,0
80,1,X-a0:X-a0,96077
80,1,X-a0:X-a1,0
80,1,X-a1:X-a0,0
80,1,X-a1:X-a1,0
81,1,X-a0:X-a0,95784
81,1,X-a0:X-a1,0
81,1,X-a1:X-a0,0
81,1,X-a1:X-a1,0
82,1,X-a0:X-a0,95479
82,1,X-a0:X-a1,0
82,1,X-a1:X-a0,0
82,1,X-a1:X-a1,0
83,1,X-a0:X-a0,95390
83,1,X-a0:X-a1,0
83,1,X-a1:X-a0,0
83,1,X-a1:X-a1,0
84,1,X-a0:X-a0,99164
84,1,X-a0:X-a1,0
84,1,X-a1:X-a0,0
84,1,X-a1:X-a1,0
85,1,X-a0:X-a0,97945
85,1,X-a0:X-a1,0
85,1,X-a1:X-a0,0
85,1,X-a1:X-a1,0
86,1,X-a0:X-a0,98354
86,1,X-a0:X-a1,0
86,1,X-a1:X-a0,0
86,1,X-a1:X-a1,0
87,1,X-a0:X-a0,98418
87,1,X-a0:X-a1,0
87,1,X-a1:X-a0,0
87,1,X-a1:X-a1,0
88,1,X-a0:X-a0,97839
88,1,X-a0:X-a1,0
88,1,X-a1:X-a0,0
88,1,X-a1:X-a1,0
89,1,X-a0:X-a0,97910
89,1,X-a0:X-a1,0
89,1,X-a1:X-a0,0
89,1,X-a1:X-a1,0
90,1,X-a0:X-a0,98006
90,1,X-a0:X-a1,0
90,1,X-a1:X-a0,0
90,1,X-a1:X-a1,0
91,1,X-a0:X-a0,97866
91,1,X-a0:X-a1,0
91,1,X-a1:X-a0,0
91,1,X-a1:X-a1,0
92,1,X-a0:X-a0,98082
92,1,X-a0:X-a1,0
92,1,X-a1:X-a0,0
92,1,X-a1:X-a1,0
93,1,X-a0:X-a0,97843
93,1,X-a0:X-a1,0
93,1,X-a1:X-a0,0
93,1,X-a1:X-a1,0
94,1,X-a0:X-a0,97616
94,1,X-a0:X-a1,0
94,1,X-a1:X-a0,0
94,1,X-a1:X-a1,0
95,1,X-a0:X-a0,97517
95,1,X-a0:X-a1,0
95,1,X-a1:X-a0,0
95,1,X-a1:X-a1,0
96,1,X-a0:X-a0,97432
96,1,X-a0:X-a1,0
96,1,X-a1:X-a0,0
96,1,X-a1:X-a1,0
97,1,X-a0:X-a0,97249
97,1,X-a0:X-a1,0
97,1,X-a1:X-a0,0
97,1,X-a1:X-a1,0
98,1,X-a0:X-a0,97345
98,1,X-a0:X-a1,0
98,1,X-a1:X-a0,0
98,1,X-a1:X-a1,0
99,1,X-a0:X-a0,97234
99,1,X-a0:X-a1,0
99,1,X-a1:X-a0,0
99,1,X-a1:X-a1,0
100,1,X-a0:X-a0,97112
100,1,X-a0:X-a1,0
100,1,X-a1:X-a0,0
100,1,X-a1:X-a1,804
101,1,X-a0:X-a0,97160
101,1,X-a0:X-a1,0
101,1,X-a1:X-a0,0
101,1,X-a1:X-a1,732
102,1,X-a0:X-a0,97787
102,1,X-a0:X-a1,0
102,1,X-a1:X-a0,0
102,1,X-a1:X-a1,649
103,1,X-a0:X-a0,97547
103,1,X-a0:X-a1,0
103,1,X-a1:X-a0,0
103,1,X-a1:X-a1,533
104,1,X-a0:X-a0,97861
104,1,X-a0:X-a1,0
104,1,X-a1:X-a0,0
104,1,X-a1:X-a1,479
105,1,X-a0:X-a0,97736
105,1,X-a0:X-a1,0
105,1,X-a1:X-a0,0
105,1,X-a1:X-a1,422
106,1,X-a0:X-a0,98074
106,1,X-a0:X-a1,0
106,1,X-a1:X-a0,0
106,1,X-a1:X-a1,327
107,1,X-a0:X-a0,97854
107,1,X-a0:X-a1,0
107,1,X-a1:X-a0,0
107,1,X-a1:X-a1,290
108,1,X-a0:X-a0,97899
108,1,X-a0:X-a1,0
108,1,X-a1:X-a0,0
108,1,X-a1:X-a1,255
109,1,X-a0:X-a0,97804
109,1,X-a0:X-a1,0
109,1,X-a1:X-a0,0
109,1,X-a1:X-a1,206
110,1,X-a0:X-a0,97569
110,1,X-a0:X-a1,0
110,1,X-a1:X-a0,0
110,1,X-a1:X-a1,181
111,1,X-a0:X-a0,97314
111,1,X-a0:X-a1,0
111,1,X-a1:X-a0,0
111,1,X-a1:X-a1,161
112,1,X-a0:X-a0,97452
112,1,X-a0:X-a1,0
112,1,X-a1:X-a0,0
112,1,X-a1:X-a1,126
113,1,X-a0:X-a0,97430
113,1,X-a0:X-a1,0
113,1,X-a1:X-a0,0
113,1,X-a1:X-a1,111
114,1,X-a0:X-a0,97559
114,1,X-a0:X-a1,0
114,1,X-a1:X-a0,0
114,1,X-a1:X-a1,91
115,1,X-a0:X-a0,97353
115,1,X-a0:X-a1,0
115,1,X-a1:X-a0,0
115,1,X-a1:X-a1,69
116,1,X-a0:X-a0,97344
116,1,X-a0:X-a1,0
116,1,X-a1:X-a0,0
116,1,X-a1:X-a1,57
117,1,X-a0:X-a0,97561
117,1,X-a0:X-a1,0
117,1,X-a1:X-a0,0
117,1,X-a1:X-a1,42
118,1,X-a0:X-a0,97482
118,1,X-a0:X-a1,0
118,1,X-a1:X-a0,0
118,1,X-a1:X-a1,31
119,1,X-a0:X-a0,97140
119,1,X-a0:X-a1,0
119,1,X-a1:X-a0,0
119,1,X-a1:X-a1,25
120,1,X-a0:X-a0,97619
120,1,X-a0:X-a1,0
120,1,X-a1:X-a0,0
120,1,X-a1:X-a1,22
121,1,X-a0:X-a0,97498
121,1,X-a0:X-a1,0
121,1,X-a1:X-a0,0
121,1,X-a1:X-a1,16
122,1,X-a0:X-a0,97687
122,1,X-a0:X-a1,0
122,1,X-a1:X-a0,0
122,1,X-a1:X-a1,13
123,1,X-a0:X-a0,97566
123,1,X-a0:X-a1,0
123,1,X-a1:X-a0,0
123,1,X-a1:X-a1,11
124,1,X-a0:X-a0,97587
124,1,X-a0:X-a1,0
124,1,X-a1:X-a0,0
124,1,X-a1:X-a1,10
125,1,X-a0:X-a0,95315
125,1,X-a0:X-a1,0
125,1,X-a1:X-a0,2114
125,1,X-a1:X-a1,7
126,1,X-a0:X-a0,95661
126,1,X-a0:X-a1,0
126,1,X-a1:X-a0,1725
126,1,X-a1:X-a1,7
127,1,X-a0:X-a0,95677
127,1,X-a0:X-a1,0
127,1,X-a1:X-a0,1571
127,1,X-a1:X-a1,7
128,1,X-a0:X-a0,94601
128,1,X-a0:X-a1,0
128,1,X-a1:X-a0,2839
128,1,X-a1:X-a1,4
129,1,X-a0:X-a0,95315
129,1,X-a0:X-a1,0
129,1,X-a1:X-a0,2292
129,1,X-a1:X-a1,2
130,1,X-a0:X-a0,95609
130,1,X-a0:X-a1,0
130,1,X-a1:X-a0,2043
130,1,X-a1:X-a1,1
131,1,X-a0:X-a0,94814
131,1,X-a0:X-a1,0
131,1,X-a1:X-a0,2736
131,1,X-a1:X-a1,0
132,1,X-a0:X-a0,95567
132,1,X-a0:X-a1,0
132,1,X-a1:X-a0,2193
132,1,X-a1:X-a1,0
133,1,X-a0:X-a0,95599
133,1,X-a0:X-a1,0
133,1,X-a1:X-a0,1948
133,1,X-a1:X-a1,0
134,1,X-a0:X-a0,95167
134,1,X-a0:X-a1,0
134,1,X-a1:X-a0,2274
134,1,X-a1:X-a1,0
135,1,X-a0:X-a0,95947
135,1,X-a0:X-a1,0
135,1,X-a1:X-a0,1810
135,1,X-a1:X-a1,0
136,1,X-a0:X-a0,96392
136,1,X-a0:X-a1,0
136,1,X-a1:X-a0,1611
136,1,X-a1:X-a1,0
137,1,X-a0:X-a0,96083
137,1,X-a0:X-a1,0
137,1,X-a1:X-a0,1752
137,1,X-a1:X-a1,0
138,1,X-a0:X-a0,96310
138,1,X-a0:X-a1,0
138,1,X-a1:X-a0,1403
138,1,X-a1:X-a1,0
139,1,X-a0:X-a0,96269
139,1,X-a0:X-a1,0
139,1,X-a1:X-a0,1225
139,1,X-a1:X-a1,0
140,1,X-a0:X-a0,96267
140,1,X-a0:X-a1,0
140,1,X-a1:X-a0,1250
140,1,X-a1:X-a1,0
141,1,X-a0:X-a0,96333
141,1,X-a0:X-a1,0
141,1,X-a1:X-a0,1006
141,1,X-a1:X-a1,0
142,1,X-a0:X-a0,96544
142,1,X-a0:X-a1,0
142,1,X-a1:X-a0,874
142,1,X-a1:X-a1,0
143,1,X-a0:X-a0,96647
143,1,X-a0:X-a1,0
143,1,X-a1:X-a0,824
143,1,X-a1:X-a1,0
144,1,X-a0:X-a0,96768
144,1,X-a0:X-a1,0
144,1,X-a1:X-a0,634
144,1,X-a1:X-a1,0
145,1,X-a0:X-a0,96967
145,1,X-a0:X-a1,0
145,1,X-a1:X-a0,559
145,1,X-a1:X-a1,0
146,1,X-a0:X-a0,97079
146,1,X-a0:X-a1,0
146,1,X-a1:X-a0,509
146,1,X-a1:X-a1,0
147,1,X-a0:X-a0,97015
147,1,X-a0:X-a1,0
147,1,X-a1:X-a0,397
147,1,X-a1:X-a1,0
148,1,X-a0:X-a0,97028
148,1,X-a0:X-a1,0
148,1,X-a1:X-a0,342
148,1,X-a1:X-a1,0
149,1,X-a0:X-a0,97186
149,1,X-a0:X-a1,0
149,1,X-a1:X-a0,330
149,1,X-a1:X-a1,0
150,1,X-a0:X-a0,97455
150,1,X-a0:X-a1,0
150,1,X-a1:X-a0,254
150,1,X-a1:X-a1,0
151,1,X-a0:X-a0,96057
151,1,X-a0:X-a1,45
151,1,X-a1:X-a0,1429
151,1,X-a1:X-a1,16
152,1,X-a0:X-a0,96135
152,1,X-a0:X-a1,80
152,1,X-a1:X-a0,1197
152,1,X-a1:X-a1,12
153,1,X-a0:X-a0,96193
153,1,X-a0:X-a1,117
153,1,X-a1:X-a0,1061
153,1,X-a1:X-a1,10
154,1,X-a0:X-a0,94628
154,1,X-a0:X-a1,212
154,1,X-a1:X-a0,2360
154,1,X-a1:X-a1,30
155,1,X-a0:X-a0,95005
155,1,X-a0:X-a1,274
155,1,X-a1:X-a0,1906
155,1,X-a1:X-a1,25
156,1,X-a0:X-a0,95590
156,1,X-a0:X-a1,347
156,1,X-a1:X-a0,1687
156,1,X-a1:X-a1,23
157,1,X-a0:X-a0,94383
157,1,X-a0:X-a1,390
157,1,X-a1:X-a0,2836
157,1,X-a1:X-a1,37
158,1,X-a0:X-a0,94838
158,1,X-a0:X-a1,483
158,1,X-a1:X-a0,2286
158,1,X-a1:X-a1,26
159,1,X-a0:X-a0,95170
159,1,X-a0:X-a1,547
159,1,X-a1:X-a0,2032
159,1,X-a1:X-a1,23
160,1,X-a0:X-a0,94193
160,1,X-a0:X-a1,601
160,1,X-a1:X-a0,2968
160,1,X-a1:X-a1,40
161,1,X-a0:X-a0,94542
161,1,X-a0:X-a1,608
161,1,X-a1:X-a0,2426
161,1,X-a1:X-a1,34
162,1,X-a0:X-a0,94892
162,1,X-a0:X-a1,638
162,1,X-a1:X-a0,2152
162,1,X-a1:X-a1,33
163,1,X-a0:X-a0,94223
163,1,X-a0:X-a1,689
163,1,X-a1:X-a0,2764
163,1,X-a1:X-a1,47
164,1,X-a0:X-a0,94830
164,1,X-a0:X-a1,703
164,1,X-a1:X-a0,2234
164,1,X-a1:X-a1,37
165,1,X-a0:X-a0,95303
165,1,X-a0:X-a1,718
165,1,X-a1:X-a0,1988
165,1,X-a1:X-a1,34
166,1,X-a0:X-a0,94699
166,1,X-a0:X-a1,701
166,1,X-a1:X-a0,2361
166,1,X-a1:X-a1,39
167,1,X-a0:X-a0,95095
167,1,X-a0:X-a1,708
167,1,X-a1:X-a0,1898
167,1,X-a1:X-a1,31
168,1,X-a0:X-a0,95197
168,1,X-a0:X-a1,716
168,1,X-a1:X-a0,1662
168,1,X-a1:X-a1,30
169,1,X-a0:X-a0,94876
169,1,X-a0:X-a1,709
169,1,X-a1:X-a0,1862
169,1,X-a1:X-a1,31
170,1,X-a0:X-a0,95503
170,1,X-a0:X-a1,738
170,1,X-a1:X-a0,1471
170,1,X-a1:X-a1,25
171,1,X-a0:X-a0,95490
171,1,X-a0:X-a1,720
171,1,X-a1:X-a0,1297
171,1,X-a1:X-a1,20
172,1,X-a0:X-a0,94978
172,1,X-a0:X-a1,683
172,1,X-a1:X-a0,1393
172,1,X-a1:X-a1,30
173,1,X-a0:X-a0,95533
173,1,X-a0:X-a1,637
173,1,X-a1:X-a0,1076
173,1,X-a1:X-a1,27
174,1,X-a0:X-a0,95743
174,1,X-a0:X-a1,599
174,1,X-a1:X-a0,939
174,1,X-a1:X-a1,26
175,1,X-a0:X-a0,95772
175,1,X-a0:X-a1,553
175,1,X-a1:X-a0,984
175,1,X-a1:X-a1,23
176,1,X-a0:X-a0,96103
176,1,X-a0:X-a1,528
176,1,X-a1:X-a0,803
176,1,X-a1:X-a1,17
177,1,X-a0:X-a0,95480
177,1,X-a0:X-a1,542
177,1,X-a1:X-a0,1514
177,1,X-a1:X-a1,27
178,1,X-a0:X-a0,95596
178,1,X-a0:X-a1,508
178,1,X-a1:X-a0,1392
178,1,X-a1:X-a1,22
179,1,X-a0:X-a0,95896
179,1,X-a0:X-a1,473
179,1,X-a1:X-a0,1195
179,1,X-a1:X-a1,18
180,1,X-a0:X-a0,94758
180,1,X-a0:X-a1,505
180,1,X-a1:X-a0,2396
180,1,X-a1:X-a1,35
181,1,X-a0:X-a0,95553
181,1,X-a0:X-a1,500
181,1,X-a1:X-a0,2157
181,1,X-a1:X-a1,31
182,1,X-a0:X-a0,95546
182,1,X-a0:X-a1,495
182,1,X-a1:X-a0,1929
182,1,X-a1:X-a1,23
183,1,X-a0:X-a0,93920
183,1,X-a0:X-a1,569
183,1,X-a1:X-a0,3250
183,1,X-a1:X-a1,48
184,1,X-a0:X-a0,94137
184,1,X-a0:X-a1,628
184,1,X-a1:X-a0,2794
184,1,X-a1:X-a1,44
185,1,X-a0:X-a0,94419
185,1,X-a0:X-a1,661
185,1,X-a1:X-a0,2571
185,1,X-a1:X-a1,45
186,1,X-a0:X-a0,92901
186,1,X-a0:X-a1,726
186,1,X-a1:X-a0,3862
186,1,X-a1:X-a1,76
187,1,X-a0:X-a0,93474
187,1,X-a0:X-a1,789
187,1,X-a1:X-a0,3306
187,1,X-a1:X-a1,71
188,1,X-a0:X-a0,93789
188,1,X-a0:X-a1,840
188,1,X-a1:X-a0,3059
188,1,X-a1:X-a1,66
189,1,X-a0:X-a0,92523
189,1,X-a0:X-a1,913
189,1,X-a1:X-a0,4286
189,1,X-a1:X-a1,101
190,1,X-a0:X-a0,92826
190,1,X-a0:X-a1,983
190,1,X-a1:X-a0,3715
190,1,X-a1:X-a1,71
191,1,X-a0:X-a0,93120
191,1,X-a0:X-a1,1031
191,1,X-a1:X-a0,3423
191,1,X-a1:X-a1,58
192,1,X-a0:X-a0,92291
192,1,X-a0:X-a1,1088
192,1,X-a1:X-a0,4413
192,1,X-a1:X-a1,68
193,1,X-a0:X-a0,92681
193,1,X-a0:X-a1,1131
193,1,X-a1:X-a0,3783
193,1,X-a1:X-a1,64
194,1,X-a0:X-a0,93219
194,1,X-a0:X-a1,1158
194,1,X-a1:X-a0,3461
194,1,X-a1:X-a1,61
195,1,X-a0:X-a0,92472
195,1,X-a0:X-a1,1185
195,1,X-a1:X-a0,4168
195,1,X-a1:X-a1,72
196,1,X-a0:X-a0,92982
196,1,X-a0:X-a1,1192
196,1,X-a1:X-a0,3556
196,1,X-a1:X-a1,65
197,1,X-a0:X-a0,93136
197,1,X-a0:X-a1,1198
197,1,X-a1:X-a0,3209
197,1,X-a1:X-a1,62
198,1,X-a0:X-a0,92485
198,1,X-a0:X-a1,1206
198,1,X-a1:X-a0,3729
198,1,X-a1:X-a1,64
199,1,X-a0:X-a0,93181
199,1,X-a0:X-a1,1159
199,1,X-a1:X-a0,3142
199,1,X-a1:X-a1,54
200,1,X-a0:X-a0,93463
200,1,X-a0:X-a1,1138
200,1,X-a1:X-a0,2841
200,1,X-a1:X-a1,45
201,1,X-a0:X-a0,93023
201,1,X-a0:X-a1,1132
201,1,X-a1:X-a0,3122
201,1,X-a1:X-a1,46
202,1,X-a0:X-a0,93721
202,1,X-a0:X-a1,1096
202,1,X-a1:X-a0,2620
202,1,X-a1:X-a1,40
203,1,X-a0:X-a0,93483
203,1,X-a0:X-a1,1057
203,1,X-a1:X-a0,2814
203,1,X-a1:X-a1,48
204,1,X-a0:X-a0,93322
204,1,X-a0:X-a1,1048
204,1,X-a1:X-a0,2927
204,1,X-a1:X-a1,49
205,1,X-a0:X-a0,93539
205,1,X-a0:X-a1,1034
205,1,X-a1:X-a0,2555
205,1,X-a1:X-a1,43
206,1,X-a0:X-a0,92972
206,1,X-a0:X-a1,1041
206,1,X-a1:X-a0,3477
206,1,X-a1:X-a1,58
207,1,X-a0:X-a0,93253
207,1,X-a0:X-a1,1080
207,1,X-a1:X-a0,3328
207,1,X-a1:X-a1,49
208,1,X-a0:X-a0,93697
208,1,X-a0:X-a1,1040
208,1,X-a1:X-a0,2948
208,1,X-a1:X-a1,42
209,1,X-a0:X-a0,92471
209,1,X-a0:X-a1,1089
209,1,X-a1:X-a0,4214
209,1,X-a1:X-a1,56
210,1,X-a0:X-a0,92651
210,1,X-a0:X-a1,1126
210,1,X-a1:X-a0,3920
210,1,X-a1:X-a1,49
211,1,X-a0:X-a0,92913
211,1,X-a0:X-a1,1159
211,1,X-a1:X-a0,3631
211,1,X-a1:X-a1,47
212,1,X-a0:X-a0,91437
212,1,X-a0:X-a1,1234
212,1,X-a1:X-a0,5060
212,1,X-a1:X-a1,77
213,1,X-a0:X-a0,91866
213,1,X-a0:X-a1,1279
213,1,X-a1:X-a0,4658
213,1,X-a1:X-a1,74
214,1,X-a0:X-a0,92196
214,1,X-a0:X-a1,1293
214,1,X-a1:X-a0,4391
214,1,X-a1:X-a1,71
215,1,X-a0:X-a0,90392
215,1,X-a0:X-a1,1381
215,1,X-a1:X-a0,5868
215,1,X-a1:X-a1,127
216,1,X-a0:X-a0,91012
216,1,X-a0:X-a1,1472
216,1,X-a1:X-a0,5347
216,1,X-a1:X-a1,119
217,1,X-a0:X-a0,91121
217,1,X-a0:X-a1,1524
217,1,X-a1:X-a0,5098
217,1,X-a1:X-a1,110
218,1,X-a0:X-a0,89647
218,1,X-a0:X-a1,1571
218,1,X-a1:X-a0,6531
218,1,X-a1:X-a1,158
219,1,X-a0:X-a0,90006
219,1,X-a0:X-a1,1679
219,1,X-a1:X-a0,5962
219,1,X-a1:X-a1,145
220,1,X-a0:X-a0,90188
220,1,X-a0:X-a1,1736
220,1,X-a1:X-a0,5652
220,1,X-a1:X-a1,137
221,1,X-a0:X-a0,88666
221,1,X-a0:X-a1,1790
221,1,X-a1:X-a0,6885
221,1,X-a1:X-a1,172
222,1,X-a0:X-a0,88910
222,1,X-a0:X-a1,1852
222,1,X-a1:X-a0,6246
222,1,X-a1:X-a1,142
223,1,X-a0:X-a0,89186
223,1,X-a0:X-a1,1898
223,1,X-a1:X-a0,5890
223,1,X-a1:X-a1,130
224,1,X-a0:X-a0,88025
224,1,X-a0:X-a1,1969
224,1,X-a1:X-a0,6917
224,1,X-a1:X-a1,182
225,1,X-a0:X-a0,88879
225,1,X-a0:X-a1,2046
225,1,X-a1:X-a0,6235
225,1,X-a1:X-a1,161
226,1,X-a0:X-a0,89226
226,1,X-a0:X-a1,2001
226,1,X-a1:X-a0,5826
226,1,X-a1:X-a1,143
227,1,X-a0:X-a0,88596
227,1,X-a0:X-a1,2046
227,1,X-a1:X-a0,6672
227,1,X-a1:X-a1,172
228,1,X-a0:X-a0,89208
228,1,X-a0:X-a1,2056
228,1,X-a1:X-a0,5951
228,1,X-a1:X-a1,152
229,1,X-a0:X-a0,89189
229,1,X-a0:X-a1,2050
229,1,X-a1:X-a0,5759
229,1,X-a1:X-a1,153
230,1,X-a0:X-a0,88615
230,1,X-a0:X-a1,2090
230,1,X-a1:X-a0,6248
230,1,X-a1:X-a1,164
231,1,X-a0:X-a0,89695
231,1,X-a0:X-a1,2059
231,1,X-a1:X-a0,5633
231,1,X-a1:X-a1,149
232,1,X-a0:X-a0,89182
232,1,X-a0:X-a1,2079
232,1,X-a1:X-a0,6013
232,1,X-a1:X-a1,153
233,1,X-a0:X-a0,89214
233,1,X-a0:X-a1,2073
233,1,X-a1:X-a0,6185
233,1,X-a1:X-a1,167
234,1,X-a0:X-a0,89909
234,1,X-a0:X-a1,2052
234,1,X-a1:X-a0,5540
234,1,X-a1:X-a1,150
235,1,X-a0:X-a0,89288
235,1,X-a0:X-a1,2075
235,1,X-a1:X-a0,6468
235,1,X-a1:X-a1,173
236,1,X-a0:X-a0,89041
236,1,X-a0:X-a1,2082
236,1,X-a1:X-a0,6487
236,1,X-a1:X-a1,171
237,1,X-a0:X-a0,89419
237,1,X-a0:X-a1,2124
237,1,X-a1:X-a0,6011
237,1,X-a1:X-a1,167
238,1,X-a0:X-a0,87622
238,1,X-a0:X-a1,2133
238,1,X-a1:X-a0,7383
238,1,X-a1:X-a1,187
239,1,X-a0:X-a0,87884
239,1,X-a0:X-a1,2172
239,1,X-a1:X-a0,7183
239,1,X-a1:X-a1,181
240,1,X-a0:X-a0,88234
240,1,X-a0:X-a1,2198
240,1,X-a1:X-a0,6814
240,1,X-a1:X-a1,167
241,1,X-a0:X-a0,86509
241,1,X-a0:X-a1,2255
241,1,X-a1:X-a0,8415
241,1,X-a1:X-a1,239
242,1,X-a0:X-a0,86777
242,1,X-a0:X-a1,2294
242,1,X-a1:X-a0,8150
242,1,X-a1:X-a1,225
243,1,X-a0:X-a0,86963
243,1,X-a0:X-a1,2367
243,1,X-a1:X-a0,7765
243,1,X-a1:X-a1,225
244,1,X-a0:X-a0,85199
244,1,X-a0:X-a1,2409
244,1,X-a1:X-a0,9409
244,1,X-a1:X-a1,286
245,1,X-a0:X-a0,85648
245,1,X-a0:X-a1,2485
245,1,X-a1:X-a0,8960
245,1,X-a1:X-a1,266
246,1,X-a0:X-a0,86180
246,1,X-a0:X-a1,2579
246,1,X-a1:X-a0,8624
246,1,X-a1:X-a1,249
247,1,X-a0:X-a0,84426
247,1,X-a0:X-a1,2633
247,1,X-a1:X-a0,10251
247,1,X-a1:X-a1,323
248,1,X-a0:X-a0,84745
248,1,X-a0:X-a1,2779
248,1,X-a1:X-a0,9768
248,1,X-a1:X-a1,326
249,1,X-a0:X-a0,85202
249,1,X-a0:X-a1,2886
249,1,X-a1:X-a0,9458
249,1,X-a1:X-a1,338
250,1,X-a0:X-a0,83706
250,1,X-a0:X-a1,2931
250,1,X-a1:X-a0,10841
250,1,X-a1:X-a1,429
251,1,X-a0:X-a0,83949
251,1,X-a0:X-a1,3073
251,1,X-a1:X-a0,10125
251,1,X-a1:X-a1,431
252,1,X-a0:X-a0,84333
252,1,X-a0:X-a1,3122
252,1,X-a1:X-a0,9727
252,1,X-a1:X-a1,423
253,1,X-a0:X-a0,82825
253,1,X-a0:X-a1,3143
253,1,X-a1:X-a0,11059
253,1,X-a1:X-a1,484
254,1,X-a0:X-a0,83270
254,1,X-a0:X-a1,3249
254,1,X-a1:X-a0,10324
254,1,X-a1:X-a1,464
255,1,X-a0:X-a0,83533
255,1,X-a0:X-a1,3323
255,1,X-a1:X-a0,10004
255,1,X-a1:X-a1,453
256,1,X-a0:X-a0,82624
256,1,X-a0:X-a1,3355
256,1,X-a1:X-a0,10984
256,1,X-a1:X-a1,468
257,1,X-a0:X-a0,83091
257,1,X-a0:X-a1,3414
257,1,X-a1:X-a0,10235
257,1,X-a1:X-a1,444
258,1,X-a0:X-a0,83089
258,1,X-a0:X-a1,3470
258,1,X-a1:X-a0,10300
258,1,X-a1:X-a1,444
259,1,X-a0:X-a0,82242
259,1,X-a0:X-a1,3461
259,1,X-a1:X-a0,10993
259,1,X-a1:X-a1,489
260,1,X-a0:X-a0,83077
260,1,X-a0:X-a1,3563
260,1,X-a1:X-a0,10258
260,1,X-a1:X-a1,467
261,1,X-a0:X-a0,82709
261,1,X-a0:X-a1,3595
261,1,X-a1:X-a0,10798
261,1,X-a1:X-a1,508
262,1,X-a0:X-a0,81946
262,1,X-a0:X-a1,3575
262,1,X-a1:X-a0,11271
262,1,X-a1:X-a1,525
263,1,X-a0:X-a0,82598
263,1,X-a0:X-a1,3621
263,1,X-a1:X-a0,10490
263,1,X-a1:X-a1,514
264,1,X-a0:X-a0,81665
264,1,X-a0:X-a1,3593
264,1,X-a1:X-a0,11503
264,1,X-a1:X-a1,570
265,1,X-a0:X-a0,81343
265,1,X-a0:X-a1,3677
265,1,X-a1:X-a0,11617
265,1,X-a1:X-a1,604
266,1,X-a0:X-a0,81642
266,1,X-a0:X-a1,3724
266,1,X-a1:X-a0,11054
266,1,X-a1:X-a1,560
267,1,X-a0:X-a0,80369
267,1,X-a0:X-a1,3747
267,1,X-a1:X-a0,12343
267,1,X-a1:X-a1,621
268,1,X-a0:X-a0,80372
268,1,X-a0:X-a1,3830
268,1,X-a1:X-a0,12262
268,1,X-a1:X-a1,607
269,1,X-a0:X-a0,80525
269,1,X-a0:X-a1,3850
269,1,X-a1:X-a0,11849
269,1,X-a1:X-a1,580
270,1,X-a0:X-a0,79153
270,1,X-a0:X-a1,3875
270,1,X-a1:X-a0,13246
270,1,X-a1:X-a1,700
271,1,X-a0:X-a0,79094
271,1,X-a0:X-a1,4001
271,1,X-a1:X-a0,13063
271,1,X-a1:X-a1,708
272,1,X-a0:X-a0,79352
272,1,X-a0:X-a1,4085
272,1,X-a1:X-a0,12751
272,1,X-a1:X-a1,698
273,1,X-a0:X-a0,77660
273,1,X-a0:X-a1,4084
273,1,X-a1:X-a0,14282
273,1,X-a1:X-a1,841
274,1,X-a0:X-a0,77694
274,1,X-a0:X-a1,4255
274,1,X-a1:X-a0,13994
274,1,X-a1:X-a1,823
275,1,X-a0:X-a0,77695
275,1,X-a0:X-a1,4369
275,1,X-a1:X-a0,13772
275,1,X-a1:X-a1,810
276,1,X-a0:X-a0,76345
276,1,X-a0:X-a1,4430
276,1,X-a1:X-a0,15192
276,1,X-a1:X-a1,931
277,1,X-a0:X-a0,76628
277,1,X-a0:X-a1,4576
277,1,X-a1:X-a0,14940
277,1,X-a1:X-a1,943
278,1,X-a0:X-a0,76967
278,1,X-a0:X-a1,4652
278,1,X-a1:X-a0,14702
278,1,X-a1:X-a1,930
279,1,X-a0:X-a0,75448
279,1,X-a0:X-a1,4693
279,1,X-a1:X-a0,16081
279,1,X-a1:X-a1,1064
280,1,X-a0:X-a0,75878
280,1,X-a0:X-a1,4803
280,1,X-a1:X-a0,15783
280,1,X-a1:X-a1,1084
281,1,X-a0:X-a0,75974
281,1,X-a0:X-a1,4832
281,1,X-a1:X-a0,15520
281,1,X-a1:X-a1,1051
282,1,X-a0:X-a0,74508
282,1,X-a0:X-a1,4963
282,1,X-a1:X-a0,16764
282,1,X-a1:X-a1,1199
283,1,X-a0:X-a0,74916
283,1,X-a0:X-a1,5138
283,1,X-a1:X-a0,16331
283,1,X-a1:X-a1,1179
284,1,X-a0:X-a0,74963
284,1,X-a0:X-a1,5221
284,1,X-a1:X-a0,16211
284,1,X-a1:X-a1,1161
285,1,X-a0:X-a0,73872
285,1,X-a0:X-a1,5263
285,1,X-a1:X-a0,17184
285,1,X-a1:X-a1,1249
286,1,X-a0:X-a0,74294
286,1,X-a0:X-a1,5404
286,1,X-a1:X-a0,16516
286,1,X-a1:X-a1,1255
287,1,X-a0:X-a0,74228
287,1,X-a0:X-a1,5455
287,1,X-a1:X-a0,16662
287,1,X-a1:X-a1,1255
288,1,X-a0:X-a0,73234
288,1,X-a0:X-a1,5522
288,1,X-a1:X-a0,17534
288,1,X-a1:X-a1,1377
289,1,X-a0:X-a0,73502
289,1,X-a0:X-a1,5677
289,1,X-a1:X-a0,17008
289,1,X-a1:X-a1,1333
290,1,X-a0:X-a0,73162
290,1,X-a0:X-a1,5674
290,1,X-a1:X-a0,17448
290,1,X-a1:X-a1,1370
291,1,X-a0:X-a0,72388
291,1,X-a0:X-a1,5776
291,1,X-a1:X-a0,18049
291,1,X-a1:X-a1,1429
292,1,X-a0:X-a0,72643
292,1,X-a0:X-a1,5942
292,1,X-a1:X-a0,17597
292,1,X-a1:X-a1,1352
293,1,X-a0:X-a0,71684
293,1,X-a0:X-a1,5913
293,1,X-a1:X-a0,18339
293,1,X-a1:X-a1,1411
294,1,X-a0:X-a0,71294
294,1,X-a0:X-a1,5990
294,1,X-a1:X-a0,18589
294,1,X-a1:X-a1,1439
295,1,X-a0:X-a0,71746
295,1,X-a0:X-a1,6084
295,1,X-a1:X-a0,18068
295,1,X-a1:X-a1,1441
296,1,X-a0:X-a0,70440
296,1,X-a0:X-a1,6035
296,1,X-a1:X-a0,18938
296,1,X-a1:X-a1,1498
297,1,X-a0:X-a0,70164
297,1,X-a0:X-a1,6091
297,1,X-a1:X-a0,19114
297,1,X-a1:X-a1,1563
298,1,X-a0:X-a0,70366
298,1,X-a0:X-a1,6250
298,1,X-a1:X-a0,18785
298,1,X-a1:X-a1,1555
299,1,X-a0:X-a0,69031
299,1,X-a0:X-a1,6284
299,1,X-a1:X-a0,19921
299,1,X-a1:X-a1,1715
300,1,X-a0:X-a0,68913
300,1,X-a0:X-a1,6404
300,1,X-a1:X-a0,19939
300,1,X-a1:X-a1,1773
301,1,X-a0:X-a0,69225
301,1,X-a0:X-a1,6552
301,1,X-a1:X-a0,19755
301,1,X-a1:X-a1,1802
302,1,X-a0:X-a0,68096
302,1,X-a0:X-a1,6507
302,1,X-a1:X-a0,20893
302,1,X-a1:X-a1,1959
303,1,X-a0:X-a0,68077
303,1,X-a0:X-a1,6681
303,1,X-a1:X-a0,20960
303,1,X-a1:X-a1,2063
304,1,X-a0:X-a0,67902
304,1,X-a0:X-a1,6854
304,1,X-a1:X-a0,20604
304,1,X-a1:X-a1,2063
305,1,X-a0:X-a0,66567
305,1,X-a0:X-a1,6888
305,1,X-a1:X-a0,21864
305,1,X-a1:X-a1,2187
306,1,X-a0:X-a0,66565
306,1,X-a0:X-a1,7028
306,1,X-a1:X-a0,21900
306,1,X-a1:X-a1,2253
307,1,X-a0:X-a0,66583
307,1,X-a0:X-a1,7162
307,1,X-a1:X-a0,21664
307,1,X-a1:X-a1,2274
308,1,X-a0:X-a0,65275
308,1,X-a0:X-a1,7211
308,1,X-a1:X-a0,22678
308,1,X-a1:X-a1,2489
309,1,X-a0:X-a0,65174
309,1,X-a0:X-a1,7356
309,1,X-a1:X-a0,22428
309,1,X-a1:X-a1,2498
310,1,X-a0:X-a0,65084
310,1,X-a0:X-a1,7449
310,1,X-a1:X-a0,22293
310,1,X-a1:X-a1,2544
311,1,X-a0:X-a0,63713
311,1,X-a0:X-a1,7515
311,1,X-a1:X-a0,23100
311,1,X-a1:X-a1,2792
312,1,X-a0:X-a0,63752
312,1,X-a0:X-a1,7664
312,1,X-a1:X-a0,23036
312,1,X-a1:X-a1,2828
313,1,X-a0:X-a0,63589
313,1,X-a0:X-a1,7681
313,1,X-a1:X-a0,23051
313,1,X-a1:X-a1,2896
314,1,X-a0:X-a0,62387
314,1,X-a0:X-a1,7663
314,1,X-a1:X-a0,23840
314,1,X-a1:X-a1,3090
315,1,X-a0:X-a0,62630
315,1,X-a0:X-a1,7877
315,1,X-a1:X-a0,23519
315,1,X-a1:X-a1,3136
316,1,X-a0:X-a0,62447
316,1,X-a0:X-a1,8113
316,1,X-a1:X-a0,23565
316,1,X-a1:X-a1,3187
317,1,X-a0:X-a0,61706
317,1,X-a0:X-a1,8139
317,1,X-a1:X-a0,24415
317,1,X-a1:X-a1,3330
318,1,X-a0:X-a0,62021
318,1,X-a0:X-a1,8243
318,1,X-a1:X-a0,24012
318,1,X-a1:X-a1,3347
319,1,X-a0:X-a0,61360
319,1,X-a0:X-a1,8293
319,1,X-a1:X-a0,24271
319,1,X-a1:X-a1,3426
320,1,X-a0:X-a0,60528
320,1,X-a0:X-a1,8297
320,1,X-a1:X-a0,24848
320,1,X-a1:X-a1,3571
321,1,X-a0:X-a0,60779
321,1,X-a0:X-a1,8414
321,1,X-a1:X-a0,24753
321,1,X-a1:X-a1,3515
322,1,X-a0:X-a0,60285
322,1,X-a0:X-a1,8501
322,1,X-a1:X-a0,25044
322,1,X-a1:X-a1,3675
323,1,X-a0:X-a0,59326
323,1,X-a0:X-a1,8611
323,1,X-a1:X-a0,25308
323,1,X-a1:X-a1,3846
324,1,X-a0:X-a0,59446
324,1,X-a0:X-a1,8742
324,1,X-a1:X-a0,25072
324,1,X-a1:X-a1,3873
325,1,X-a0:X-a0,58678
325,1,X-a0:X-a1,8762
325,1,X-a1:X-a0,25687
325,1,X-a1:X-a1,4018
326,1,X-a0:X-a0,58345
326,1,X-a0:X-a1,8874
326,1,X-a1:X-a0,25917
326,1,X-a1:X-a1,4082
327,1,X-a0:X-a0,58465
327,1,X-a0:X-a1,8993
327,1,X-a1:X-a0,25886
327,1,X-a1:X-a1,4184
328,1,X-a0:X-a0,57495
328,1,X-a0:X-a1,9020
328,1,X-a1:X-a0,26600
328,1,X-a1:X-a1,4308
329,1,X-a0:X-a0,56950
329,1,X-a0:X-a1,9033
329,1,X-a1:X-a0,26824
329,1,X-a1:X-a1,4392
330,1,X-a0:X-a0,56719
330,1,X-a0:X-a1,9180
330,1,X-a1:X-a0,26583
330,1,X-a1:X-a1,4433
331,1,X-a0:X-a0,55729
331,1,X-a0:X-a1,9313
331,1,X-a1:X-a0,27459
331,1,X-a1:X-a1,4626
332,1,X-a0:X-a0,55434
332,1,X-a0:X-a1,9448
332,1,X-a1:X-a0,27514
332,1,X-a1:X-a1,4788
333,1,X-a0:X-a0,55333
333,1,X-a0:X-a1,9606
333,1,X-a1:X-a0,27477
333,1,X-a1:X-a1,4876
334,1,X-a0:X-a0,54371
334,1,X-a0:X-a1,9611
334,1,X-a1:X-a0,28200
334,1,X-a1:X-a1,5046
335,1,X-a0:X-a0,53960
335,1,X-a0:X-a1,9770
335,1,X-a1:X-a0,28175
335,1,X-a1:X-a1,5143
336,1,X-a0:X-a0,53863
336,1,X-a0:X-a1,9900
336,1,X-a1:X-a0,28205
336,1,X-a1:X-a1,5235
337,1,X-a0:X-a0,52822
337,1,X-a0:X-a1,9917
337,1,X-a1:X-a0,28973
337,1,X-a1:X-a1,5466
338,1,X-a0:X-a0,52679
338,1,X-a0:X-a1,10083
338,1,X-a1:X-a0,28928
338,1,X-a1:X-a1,5540
339,1,X-a0:X-a0,52546
339,1,X-a0:X-a1,10271
339,1,X-a1:X-a0,28827
339,1,X-a1:X-a1,5636
340,1,X-a0:X-a0,51643
340,1,X-a0:X-a1,10321
340,1,X-a1:X-a0,29477
340,1,X-a1:X-a1,5926
341,1,X-a0:X-a0,51254
341,1,X-a0:X-a1,10533
341,1,X-a1:X-a0,29502
341,1,X-a1:X-a1,5984
342,1,X-a0:X-a0,50934
342,1,X-a0:X-a1,10585
342,1,X-a1:X-a0,29581
342,1,X-a1:X-a1,6178
343,1,X-a0:X-a0,50250
343,1,X-a0:X-a1,10672
343,1,X-a1:X-a0,30050
343,1,X-a1:X-a1,6414
344,1,X-a0:X-a0,50020
344,1,X-a0:X-a1,10813
344,1,X-a1:X-a0,30140
344,1,X-a1:X-a1,6520
345,1,X-a0:X-a0,49712
345,1,X-a0:X-a1,10779
345,1,X-a1:X-a0,30153
345,1,X-a1:X-a1,6627
346,1,X-a0:X-a0,48887
346,1,X-a0:X-a1,10822
346,1,X-a1:X-a0,30736
346,1,X-a1:X-a1,6885
347,1,X-a0:X-a0,48495
347,1,X-a0:X-a1,10973
347,1,X-a1:X-a0,30767
347,1,X-a1:X-a1,6901
348,1,X-a0:X-a0,48251
348,1,X-a0:X-a1,11084
348,1,X-a1:X-a0,30984
348,1,X-a1:X-a1,7040
349,1,X-a0:X-a0,47719
349,1,X-a0:X-a1,11078
349,1,X-a1:X-a0,31398
349,1,X-a1:X-a1,7333
350,1,X-a0:X-a0,47844
350,1,X-a0:X-a1,11194
350,1,X-a1:X-a0,31362
350,1,X-a1:X-a1,7504
351,1,X-a0:X-a0,47347
351,1,X-a0:X-a1,11280
351,1,X-a1:X-a0,31626
351,1,X-a1:X-a1,7721
352,1,X-a0:X-a0,46850
352,1,X-a0:X-a1,11255
352,1,X-a1:X-a0,31805
352,1,X-a1:X-a1,7914
353,1,X-a0:X-a0,46560
353,1,X-a0:X-a1,11310
353,1,X-a1:X-a0,31668
353,1,X-a1:X-a1,7940
354,1,X-a0:X-a0,46189
354,1,X-a0:X-a1,11330
354,1,X-a1:X-a0,31825
354,1,X-a1:X-a1,8025
355,1,X-a0:X-a0,45495
355,1,X-a0:X-a1,11426
355,1,X-a1:X-a0,32224
355,1,X-a1:X-a1,8318
356,1,X-a0:X-a0,45369
356,1,X-a0:X-a1,11441
356,1,X-a1:X-a0,32112
356,1,X-a1:X-a1,8361
357,1,X-a0:X-a0,44917
357,1,X-a0:X-a1,11487
357,1,X-a1:X-a0,32491
357,1,X-a1:X-a1,8655
358,1,X-a0:X-a0,44221
358,1,X-a0:X-a1,11744
358,1,X-a1:X-a0,32520
358,1,X-a1:X-a1,8819
359,1,X-a0:X-a0,44118
359,1,X-a0:X-a1,11933
359,1,X-a1:X-a0,32450
359,1,X-a1:X-a1,8936
360,1,X-a0:X-a0,43356
360,1,X-a0:X-a1,11991
360,1,X-a1:X-a0,32749
360,1,X-a1:X-a1,9101
361,1,X-a0:X-a0,42845
361,1,X-a0:X-a1,12067
361,1,X-a1:X-a0,32880
361,1,X-a1:X-a1,9387
362,1,X-a0:X-a0,42692
362,1,X-a0:X-a1,12232
362,1,X-a1:X-a0,33053
362,1,X-a1:X-a1,9489
363,1,X-a0:X-a0,42181
363,1,X-a0:X-a1,12333
363,1,X-a1:X-a0,33313
363,1,X-a1:X-a1,9793
364,1,X-a0:X-a0,41781
364,1,X-a0:X-a1,12338
364,1,X-a1:X-a0,33412
364,1,X-a1:X-a1,10008
365,1,X-a0:X-a0,41471
365,1,X-a0:X-a1,12511
365,1,X-a1:X-a0,33394
365,1,X-a1:X-a1,10242
366,1,X-a0:X-a0,40935
366,1,X-a0:X-a1,12381
366,1,X-a1:X-a0,33783
366,1,X-a1:X-a1,10506
367,1,X-a0:X-a0,40660
367,1,X-a0:X-a1,12609
367,1,X-a1:X-a0,33840
367,1,X-a1:X-a1,10743
368,1,X-a0:X-a0,40147
368,1,X-a0:X-a1,12724
368,1,X-a1:X-a0,33778
368,1,X-a1:X-a1,10842
369,1,X-a0:X-a0,39483
369,1,X-a0:X-a1,12841
369,1,X-a1:X-a0,34244
369,1,X-a1:X-a1,11088
370,1,X-a0:X-a0,39171
370,1,X-a0:X-a1,12938
370,1,X-a1:X-a0,34243
370,1,X-a1:X-a1,11301
371,1,X-a0:X-a0,38848
371,1,X-a0:X-a1,13116
371,1,X-a1:X-a0,34368
371,1,X-a1:X-a1,11553
372,1,X-a0:X-a0,38283
372,1,X-a0:X-a1,13136
372,1,X-a1:X-a0,34683
372,1,X-a1:X-a1,11816
373,1,X-a0:X-a0,37882
373,1,X-a0:X-a1,13233
373,1,X-a1:X-a0,34694
373,1,X-a1:X-a1,12000
374,1,X-a0:X-a0,37562
374,1,X-a0:X-a1,13227
374,1,X-a1:X-a0,34820
374,1,X-a1:X-a1,12267
375,1,X-a0:X-a0,36941
375,1,X-a0:X-a1,13226
375,1,X-a1:X-a0,35205
375,1,X-a1:X-a1,12445
376,1,X-a0:X-a0,36726
376,1,X-a0:X-a1,13341
376,1,X-a1:X-a0,35242
376,1,X-a1:X-a1,12625
377,1,X-a0:X-a0,36503
377,1,X-a0:X-a1,13463
377,1,X-a1:X-a0,35223
377,1,X-a1:X-a1,12800
378,1,X-a0:X-a0,35780
378,1,X-a0:X-a1,13372
378,1,X-a1:X-a0,35695
378,1,X-a1:X-a1,13031
379,1,X-a0:X-a0,35572
379,1,X-a0:X-a1,13482
379,1,X-a1:X-a0,35551
379,1,X-a1:X-a1,13261
380,1,X-a0:X-a0,35201
380,1,X-a0:X-a1,13553
380,1,X-a1:X-a0,35700
380,1,X-a1:X-a1,13485
381,1,X-a0:X-a0,34636
381,1,X-a0:X-a1,13595
381,1,X-a1:X-a0,36057
381,1,X-a1:X-a1,13816
382,1,X-a0:X-a0,34477
382,1,X-a0:X-a1,13724
382,1,X-a1:X-a0,35941
382,1,X-a1:X-a1,14020
383,1,X-a0:X-a0,34115
383,1,X-a0:X-a1,13743
383,1,X-a1:X-a0,35886
383,1,X-a1:X-a1,14235
384,1,X-a0:X-a0,33627
384,1,X-a0:X-a1,13730
384,1,X-a1:X-a0,36025
384,1,X-a1:X-a1,14599
385,1,X-a0:X-a0,33398
385,1,X-a0:X-a1,13842
385,1,X-a1:X-a0,35827
385,1,X-a1:X-a1,14863
386,1,X-a0:X-a0,33140
386,1,X-a0:X-a1,13736
386,1,X-a1:X-a0,36027
386,1,X-a1:X-a1,14928
387,1,X-a0:X-a0,32719
387,1,X-a0:X-a1,13786
387,1,X-a1:X-a0,36121
387,1,X-a1:X-a1,15289
388,1,X-a0:X-a0,32323
388,1,X-a0:X-a1,13771
388,1,X-a1:X-a0,36106
388,1,X-a1:X-a1,15405
389,1,X-a0:X-a0,31989
389,1,X-a0:X-a1,13746
389,1,X-a1:X-a0,36246
389,1,X-a1:X-a1,15629
390,1,X-a0:X-a0,31660
390,1,X-a0:X-a1,13798
390,1,X-a1:X-a0,36257
390,1,X-a1:X-a1,15895
391,1,X-a0:X-a0,31370
391,1,X-a0:X-a1,13920
391,1,X-a1:X-a0,36158
391,1,X-a1:X-a1,16077
392,1,X-a0:X-a0,31055
392,1,X-a0:X-a1,13917
392,1,X-a1:X-a0,36226
392,1,X-a1:X-a1,16348
393,1,X-a0:X-a0,30675
393,1,X-a0:X-a1,13970
393,1,X-a1:X-a0,36169
393,1,X-a1:X-a1,16541
394,1,X-a0:X-a0,30195
394,1,X-a0:X-a1,14029
394,1,X-a1:X-a0,36124
394,1,X-a1:X-a1,16722
395,1,X-a0:X-a0,29740
395,1,X-a0:X-a1,14071
395,1,X-a1:X-a0,36276
395,1,X-a1:X-a1,17014
396,1,X-a0:X-a0,29326
396,1,X-a0:X-a1,14135
396,1,X-a1:X-a0,36486
396,1,X-a1:X-a1,17199
397,1,X-a0:X-a0,29120
397,1,X-a0:X-a1,14050
397,1,X-a1:X-a0,36624
397,1,X-a1:X-a1,17485
398,1,X-a0:X-a0,28728
398,1,X-a0:X-a1,14134
398,1,X-a1:X-a0,36669
398,1,X-a1:X-a1,17699
399,1,X-a0:X-a0,28341
399,1,X-a0:X-a1,14197
399,1,X-a1:X-a0,36529
399,1,X-a1:X-a1,18104
400,1,X-a0:X-a0,28156
400,1,X-a0:X-a1,14159
400,1,X-a1:X-a0,36432
400,1,X-a1:X-a1,18289
401,1,X-a0:X-a0,27800
401,1,X-a0:X-a1,14149
401,1,X-a1:X-a0,36577
401,1,X-a1:X-a1,18568
402,1,X-a0:X-a0,27518
402,1,X-a0:X-a1,14232
402,1,X-a1:X-a0,36745
402,1,X-a1:X-a1,18879
403,1,X-a0:X-a0,27145
403,1,X-a0:X-a1,14234
403,1,X-a1:X-a0,36646
403,1,X-a1:X-a1,19208
404,1,X-a0:X-a0,26644
404,1,X-a0:X-a1,14244
404,1,X-a1:X-a0,36649
404,1,X-a1:X-a1,19553
405,1,X-a0:X-a0,26377
405,1,X-a0:X-a1,14324
405,1,X-a1:X-a0,36486
405,1,X-a1:X-a1,19998
406,1,X-a0:X-a0,26241
406,1,X-a0:X-a1,14436
406,1,X-a1:X-a0,36150
406,1,X-a1:X-a1,20360
407,1,X-a0:X-a0,25751
407,1,X-a0:X-a1,14480
407,1,X-a1:X-a0,36499
407,1,X-a1:X-a1,20621
408,1,X-a0:X-a0,25489
408,1,X-a0:X-a1,14473
408,1,X-a1:X-a0,36674
408,1,X-a1:X-a1,21030
409,1,X-a0:X-a0,25096
409,1,X-a0:X-a1,14499
409,1,X-a1:X-a0,36587
409,1,X-a1:X-a1,21329
410,1,X-a0:X-a0,24778
410,1,X-a0:X-a1,14443
410,1,X-a1:X-a0,36706
410,1,X-a1:X-a1,21689
411,1,X-a0:X-a0,24710
411,1,X-a0:X-a1,14436
411,1,X-a1:X-a0,36708
411,1,X-a1:X-a1,21922
412,1,X-a0:X-a0,24482
412,1,X-a0:X-a1,14523
412,1,X-a1:X-a0,36764
412,1,X-a1:X-a1,22083
413,1,X-a0:X-a0,24064
413,1,X-a0:X-a1,14479
413,1,X-a1:X-a0,36697
413,1,X-a1:X-a1,22525
414,1,X-a0:X-a0,23733
414,1,X-a0:X-a1,14640
414,1,X-a1:X-a0,36622
414,1,X-a1:X-a1,22774
415,1,X-a0:X-a0,23629
415,1,X-a0:X-a1,14602
415,1,X-a1:X-a0,36585
415,1,X-a1:X-a1,23095
416,1,X-a0:X-a0,23302
416,1,X-a0:X-a1,14626
416,1,X-a1:X-a0,36454
416,1,X-a1:X-a1,23463
417,1,X-a0:X-a0,23093
417,1,X-a0:X-a1,14567
417,1,X-a1:X-a0,36314
417,1,X-a1:X-a1,23641
418,1,X-a0:X-a0,22754
418,1,X-a0:X-a1,14568
418,1,X-a1:X-a0,36304
418,1,X-a1:X-a1,23889
419,1,X-a0:X-a0,22539
419,1,X-a0:X-a1,14552
419,1,X-a1:X-a0,36284
419,1,X-a1:X-a1,23963
420,1,X-a0:X-a0,22209
420,1,X-a0:X-a1,14635
420,1,X-a1:X-a0,36267
420,1,X-a1:X-a1,24186
421,1,X-a0:X-a0,21896
421,1,X-a0:X-a1,14712
421,1,X-a1:X-a0,36233
421,1,X-a1:X-a1,24435
422,1,X-a0:X-a0,21635
422,1,X-a0:X-a1,14783
422,1,X-a1:X-a0,36195
422,1,X-a1:X-a1,24854
423,1,X-a0:X-a0,21468
423,1,X-a0:X-a1,14839
423,1,X-a1:X-a0,36122
423,1,X-a1:X-a1,25073
424,1,X-a0:X-a0,21115
424,1,X-a0:X-a1,14927
424,1,X-a1:X-a0,36148
424,1,X-a1:X-a1,25515
425,1,X-a0:X-a0,20871
425,1,X-a0:X-a1,14962
425,1,X-a1:X-a0,36211
425,1,X-a1:X-a1,25908
426,1,X-a0:X-a0,20734
426,1,X-a0:X-a1,14872
426,1,X-a1:X-a0,35921
426,1,X-a1:X-a1,26139
427,1,X-a0:X-a0,20479
427,1,X-a0:X-a1,14897
427,1,X-a1:X-a0,35925
427,1,X-a1:X-a1,26479
428,1,X-a0:X-a0,20066
428,1,X-a0:X-a1,14896
428,1,X-a1:X-a0,35653
428,1,X-a1:X-a1,26844
429,1,X-a0:X-a0,19687
429,1,X-a0:X-a1,14940
429,1,X-a1:X-a0,35561
429,1,X-a1:X-a1,27201
430,1,X-a0:X-a0,19515
430,1,X-a0:X-a1,14966
430,1,X-a1:X-a0,35488
430,1,X-a1:X-a1,27664
431,1,X-a0:X-a0,19285
431,1,X-a0:X-a1,14962
431,1,X-a1:X-a0,35112
431,1,X-a1:X-a1,28149
432,1,X-a0:X-a0,19006
432,1,X-a0:X-a1,14882
432,1,X-a1:X-a0,35244
432,1,X-a1:X-a1,28310
433,1,X-a0:X-a0,18942
433,1,X-a0:X-a1,14853
433,1,X-a1:X-a0,35252
433,1,X-a1:X-a1,28588
434,1,X-a0:X-a0,18639
434,1,X-a0:X-a1,14829
434,1,X-a1:X-a0,35089
434,1,X-a1:X-a1,28964
435,1,X-a0:X-a0,18443
435,1,X-a0:X-a1,14784
435,1,X-a1:X-a0,35238
435,1,X-a1:X-a1,29226
436,1,X-a0:X-a0,18106
436,1,X-a0:X-a1,14709
436,1,X-a1:X-a0,35527
436,1,X-a1:X-a1,29508
437,1,X-a0:X-a0,17723
437,1,X-a0:X-a1,14540
437,1,X-a1:X-a0,35197
437,1,X-a1:X-a1,29652
438,1,X-a0:X-a0,17478
438,1,X-a0:X-a1,14640
438,1,X-a1:X-a0,35313
438,1,X-a1:X-a1,29864
439,1,X-a0:X-a0,17198
439,1,X-a0:X-a1,14537
439,1,X-a1:X-a0,35330
439,1,X-a1:X-a1,30146
440,1,X-a0:X-a0,16878
440,1,X-a0:X-a1,14526
440,1,X-a1:X-a0,35200
440,1,X-a1:X-a1,30619
441,1,X-a0:X-a0,16524
441,1,X-a0:X-a1,14506
441,1,X-a1:X-a0,35428
441,1,X-a1:X-a1,30820
442,1,X-a0:X-a0,16320
442,1,X-a0:X-a1,14610
442,1,X-a1:X-a0,35291
442,1,X-a1:X-a1,31137
443,1,X-a0:X-a0,16011
443,1,X-a0:X-a1,14597
443,1,X-a1:X-a0,35052
443,1,X-a1:X-a1,31422
444,1,X-a0:X-a0,15879
444,1,X-a0:X-a1,14666
444,1,X-a1:X-a0,34979
444,1,X-a1:X-a1,31594
445,1,X-a0:X-a0,15759
445,1,X-a0:X-a1,14639
445,1,X-a1:X-a0,34901
445,1,X-a1:X-a1,32040
446,1,X-a0:X-a0,15610
446,1,X-a0:X-a1,14621
446,1,X-a1:X-a0,34640
446,1,X-a1:X-a1,32093
447,1,X-a0:X-a0,15412
447,1,X-a0:X-a1,14501
447,1,X-a1:X-a0,34542
447,1,X-a1:X-a1,32398
448,1,X-a0:X-a0,15188
448,1,X-a0:X-a1,14391
448,1,X-a1:X-a0,34447
448,1,X-a1:X-a1,32596
449,1,X-a0:X-a0,14868
449,1,X-a0:X-a1,14408
449,1,X-a1:X-a0,34450
449,1,X-a1:X-a1,32971
450,1,X-a0:X-a0,14687
450,1,X-a0:X-a1,14463
450,1,X-a1:X-a0,34578
450,1,X-a1:X-a1,33629
451,1,X-a0:X-a0,14514
451,1,X-a0:X-a1,14467
451,1,X-a1:X-a0,34613
451,1,X-a1:X-a1,33901
452,1,X-a0:X-a0,14292
452,1,X-a0:X-a1,14415
452,1,X-a1:X-a0,34590
452,1,X-a1:X-a1,34036
453,1,X-a0:X-a0,14042
453,1,X-a0:X-a1,14392
453,1,X-a1:X-a0,34602
453,1,X-a1:X-a1,34526
454,1,X-a0:X-a0,13855
454,1,X-a0:X-a1,14233
454,1,X-a1:X-a0,34474
454,1,X-a1:X-a1,34812
455,1,X-a0:X-a0,13706
455,1,X-a0:X-a1,14228
455,1,X-a1:X-a0,34423
455,1,X-a1:X-a1,35216
456,1,X-a0:X-a0,13577
456,1,X-a0:X-a1,14215
456,1,X-a1:X-a0,34253
456,1,X-a1:X-a1,35617
457,1,X-a0:X-a0,13420
457,1,X-a0:X-a1,14180
457,1,X-a1:X-a0,33962
457,1,X-a1:X-a1,35992
458,1,X-a0:X-a0,13213
458,1,X-a0:X-a1,14062
458,1,X-a1:X-a0,33790
458,1,X-a1:X-a1,36329
459,1,X-a0:X-a0,13021
459,1,X-a0:X-a1,14030
459,1,X-a1:X-a0,33595
459,1,X-a1:X-a1,36903
460,1,X-a0:X-a0,12772
460,1,X-a0:X-a1,13995
460,1,X-a1:X-a0,33396
460,1,X-a1:X-a1,37153
461,1,X-a0:X-a0,12643
461,1,X-a0:X-a1,14014
461,1,X-a1:X-a0,33417
461,1,X-a1:X-a1,37506
462,1,X-a0:X-a0,12470
462,1,X-a0:X-a1,13955
462,1,X-a1:X-a0,33188
462,1,X-a1:X-a1,37749
463,1,X-a0:X-a0,12353
463,1,X-a0:X-a1,13925
463,1,X-a1:X-a0,33081
463,1,X-a1:X-a1,37998
464,1,X-a0:X-a0,12274
464,1,X-a0:X-a1,13929
464,1,X-a1:X-a0,32952
464,1,X-a1:X-a1,38310
465,1,X-a0:X-a0,12076
465,1,X-a0:X-a1,13979
465,1,X-a1:X-a0,32766
465,1,X-a1:X-a1,38685
466,1,X-a0:X-a0,11930
466,1,X-a0:X-a1,13942
466,1,X-a1:X-a0,32801
466,1,X-a1:X-a1,39100
467,1,X-a0:X-a0,11750
467,1,X-a0:X-a1,13969
467,1,X-a1:X-a0,32760
467,1,X-a1:X-a1,39404
468,1,X-a0:X-a0,11502
468,1,X-a0:X-a1,13908
468,1,X-a1:X-a0,32594
468,1,X-a1:X-a1,39822
469,1,X-a0:X-a0,11288
469,1,X-a0:X-a1,13907
469,1,X-a1:X-a0,32615
469,1,X-a1:X-a1,40121
470,1,X-a0:X-a0,11147
470,1,X-a0:X-a1,13822
470,1,X-a1:X-a0,32607
470,1,X-a1:X-a1,40519
471,1,X-a0:X-a0,10974
471,1,X-a0:X-a1,13727
471,1,X-a1:X-a0,32393
471,1,X-a1:X-a1,40591
472,1,X-a0:X-a0,10847
472,1,X-a0:X-a1,13620
472,1,X-a1:X-a0,32272
472,1,X-a1:X-a1,40860
473,1,X-a0:X-a0,10753
473,1,X-a0:X-a1,13531
473,1,X-a1:X-a0,32059
473,1,X-a1:X-a1,41053
474,1,X-a0:X-a0,10578
474,1,X-a0:X-a1,13549
474,1,X-a1:X-a0,31983
474,1,X-a1:X-a1,41165
475,1,X-a0:X-a0,10474
475,1,X-a0:X-a1,13544
475,1,X-a1:X-a0,31835
475,1,X-a1:X-a1,41578
476,1,X-a0:X-a0,10322
476,1,X-a0:X-a1,13454
476,1,X-a1:X-a0,31751
476,1,X-a1:X-a1,41721
477,1,X-a0:X-a0,10171
477,1,X-a0:X-a1,13360
477,1,X-a1:X-a0,31719
477,1,X-a1:X-a1,41770
478,1,X-a0:X-a0,9926
478,1,X-a0:X-a1,13327
478,1,X-a1:X-a0,31603
478,1,X-a1:X-a1,42183
479,1,X-a0:X-a0,9907
479,1,X-a0:X-a1,13279
479,1,X-a1:X-a0,31487
479,1,X-a1:X-a1,42443
480,1,X-a0:X-a0,9712
480,1,X-a0:X-a1,13231
480,1,X-a1:X-a0,31456
480,1,X-a1:X-a1,42711
481,1,X-a0:X-a0,9582
481,1,X-a0:X-a1,13164
481,1,X-a1:X-a0,31245
481,1,X-a1:X-a1,42978
482,1,X-a0:X-a0,9425
482,1,X-a0:X-a1,13145
482,1,X-a1:X-a0,31244
482,1,X-a1:X-a1,43367
483,1,X-a0:X-a0,9330
483,1,X-a0:X-a1,12999
483,1,X-a1:X-a0,31093
483,1,X-a1:X-a1,43606
484,1,X-a0:X-a0,9210
484,1,X-a0:X-a1,12908
484,1,X-a1:X-a0,30825
484,1,X-a1:X-a1,44122
485,1,X-a0:X-a0,9078
485,1,X-a0:X-a1,12850
485,1,X-a1:X-a0,30786
485,1,X-a1:X-a1,44392
486,1,X-a0:X-a0,8961
486,1,X-a0:X-a1,12780
486,1,X-a1:X-a0,30662
486,1,X-a1:X-a1,44769
487,1,X-a0:X-a0,8803
487,1,X-a0:X-a1,12723
487,1,X-a1:X-a0,30525
487,1,X-a1:X-a1,45220
488,1,X-a0:X-a0,8682
488,1,X-a0:X-a1,12792
488,1,X-a1:X-a0,30433
488,1,X-a1:X-a1,45549
489,1,X-a0:X-a0,8479
489,1,X-a0:X-a1,12690
489,1,X-a1:X-a0,30482
489,1,X-a1:X-a1,45937
490,1,X-a0:X-a0,8352
490,1,X-a0:X-a1,12641
490,1,X-a1:X-a0,30350
490,1,X-a1:X-a1,46195
491,1,X-a0:X-a0,8243
491,1,X-a0:X-a1,12544
491,1,X-a1:X-a0,30288
491,1,X-a1:X-a1,46747
492,1,X-a0:X-a0,8111
492,1,X-a0:X-a1,12582
492,1,X-a1:X-a0,30137
492,1,X-a1:X-a1,46856
493,1,X-a0:X-a0,7960
493,1,X-a0:X-a1,12595
493,1,X-a1:X-a0,29873
493,1,X-a1:X-a1,47397
494,1,X-a0:X-a0,7817
494,1,X-a0:X-a1,12473
494,1,X-a1:X-a0,29728
494,1,X-a1:X-a1,47913
495,1,X-a0:X-a0,7629
495,1,X-a0:X-a1,12372
495,1,X-a1:X-a0,29590
495,1,X-a1:X-a1,47970
496,1,X-a0:X-a0,7482
496,1,X-a0:X-a1,12305
496,1,X-a1:X-a0,29422
496,1,X-a1:X-a1,48470
497,1,X-a0:X-a0,7453
497,1,X-a0:X-a1,12271
497,1,X-a1:X-a0,29388
497,1,X-a1:X-a1,48630
498,1,X-a0:X-a0,7307
498,1,X-a0:X-a1,12187
498,1,X-a1:X-a0,29210
498,1,X-a1:X-a1,48969
499,1,X-a0:X-a0,7227
499,1,X-a0:X-a1,12142
499,1,X-a1:X-a0,28957
499,1,X-a1:X-a1,49143
500,1,X-a0:X-a0,7102
500,1,X-a0:X-a1,12029
500,1,X-a1:X-a0,28841
500,1,X-a1:X-a1,49486
501,1,X-a0:X-a0,6948
501,1,X-a0:X-a1,12009
501,1,X-a1:X-a0,28680
501,1,X-a1:X-a1,49729
502,1,X-a0:X-a0,6836
502,1,X-a0:X-a1,12035
502,1,X-a1:X-a0,28492
502,1,X-a1:X-a1,49929
503,1,X-a0:X-a0,6670
503,1,X-a0:X-a1,12161
503,1,X-a1:X-a0,28452
503,1,X-a1:X-a1,50324
504,1,X-a0:X-a0,6598
504,1,X-a0:X-a1,12057
504,1,X-a1:X-a0,28324
504,1,X-a1:X-a1,50511
505,1,X-a0:X-a0,6490
505,1,X-a0:X-a1,12036
505,1,X-a1:X-a0,28326
505,1,X-a1:X-a1,50727
506,1,X-a0:X-a0,6399
506,1,X-a0:X-a1,12074
506,1,X-a1:X-a0,28182
506,1,X-a1:X-a1,51113
507,1,X-a0:X-a0,6318
507,1,X-a0:X-a1,11917
507,1,X-a1:X-a0,27830
507,1,X-a1:X-a1,51471
508,1,X-a0:X-a0,6223
508,1,X-a0:X-a1,11892
508,1,X-a1:X-a0,27633
508,1,X-a1:X-a1,51603
509,1,X-a0:X-a0,6265
509,1,X-a0:X-a1,11884
509,1,X-a1:X-a0,27558
509,1,X-a1:X-a1,51798
510,1,X-a0:X-a0,6115
510,1,X-a0:X-a1,11958
510,1,X-a1:X-a0,27437
510,1,X-a1:X-a1,52221
511,1,X-a0:X-a0,5999
511,1,X-a0:X-a1,11880
511,1,X-a1:X-a0,27111
511,1,X-a1:X-a1,52478
512,1,X-a0:X-a0,5971
512,1,X-a0:X-a1,11853
512,1,X-a1:X-a0,26977
512,1,X-a1:X-a1,52538
513,1,X-a0:X-a0,5906
513,1,X-a0:X-a1,11843
513,1,X-a1:X-a0,26814
513,1,X-a1:X-a1,52863
514,1,X-a0:X-a0,5842
514,1,X-a0:X-a1,11759
514,1,X-a1:X-a0,26550
514,1,X-a1:X-a1,53234
515,1,X-a0:X-a0,5776
515,1,X-a0:X-a1,11718
515,1,X-a1:X-a0,26370
515,1,X-a1:X-a1,53595
516,1,X-a0:X-a0,5715
516,1,X-a0:X-a1,11534
516,1,X-a1:X-a0,26514
516,1,X-a1:X-a1,53867
517,1,X-a0:X-a0,5635
517,1,X-a0:X-a1,11457
517,1,X-a1:X-a0,26339
517,1,X-a1:X-a1,54318
518,1,X-a0:X-a0,5531
518,1,X-a0:X-a1,11391
518,1,X-a1:X-a0,26085
518,1,X-a1:X-a1,54631
519,1,X-a0:X-a0,5442
519,1,X-a0:X-a1,11288
519,1,X-a1:X-a0,26011
519,1,X-a1:X-a1,55253
520,1,X-a0:X-a0,5323
520,1,X-a0:X-a1,11354
520,1,X-a1:X-a0,25918
520,1,X-a1:X-a1,55416
521,1,X-a0:X-a0,5248
521,1,X-a0:X-a1,11205
521,1,X-a1:X-a0,25821
521,1,X-a1:X-a1,55515
522,1,X-a0:X-a0,5148
522,1,X-a0:X-a1,11154
522,1,X-a1:X-a0,25718
522,1,X-a1:X-a1,55778
523,1,X-a0:X-a0,5028
523,1,X-a0:X-a1,11099
523,1,X-a1:X-a0,25545
523,1,X-a1:X-a1,56029
524,1,X-a0:X-a0,4946
524,1,X-a0:X-a1,11055
524,1,X-a1:X-a0,25420
524,1,X-a1:X-a1,56502
525,1,X-a0:X-a0,4883
525,1,X-a0:X-a1,10896
525,1,X-a1:X-a0,25153
525,1,X-a1:X-a1,56612
526,1,X-a0:X-a0,4863
526,1,X-a0:X-a1,10804
526,1,X-a1:X-a0,24918
526,1,X-a1:X-a1,56912
527,1,X-a0:X-a0,4800
527,1,X-a0:X-a1,10863
527,1,X-a1:X-a0,24798
527,1,X-a1:X-a1,57255
528,1,X-a0:X-a0,4709
528,1,X-a0:X-a1,10768
528,1,X-a1:X-a0,24684
528,1,X-a1:X-a1,57356
529,1,X-a0:X-a0,4676
529,1,X-a0:X-a1,10695
529,1,X-a1:X-a0,24415
529,1,X-a1:X-a1,57737
530,1,X-a0:X-a0,4596
530,1,X-a0:X-a1,10696
530,1,X-a1:X-a0,24359
530,1,X-a1:X-a1,58156
531,1,X-a0:X-a0,4507
531,1,X-a0:X-a1,10615
531,1,X-a1:X-a0,24334
531,1,X-a1:X-a1,58074
532,1,X-a0:X-a0,4409
532,1,X-a0:X-a1,10526
532,1,X-a1:X-a0,24186
532,1,X-a1:X-a1,58504
533,1,X-a0:X-a0,4255
533,1,X-a0:X-a1,10463
533,1,X-a1:X-a0,23931
533,1,X-a1:X-a1,58807
534,1,X-a0:X-a0,4217
534,1,X-a0:X-a1,10496
534,1,X-a1:X-a0,23873
534,1,X-a1:X-a1,58865
535,1,X-a0:X-a0,4140
535,1,X-a0:X-a1,10493
535,1,X-a1:X-a0,23785
535,1,X-a1:X-a1,59270
536,1,X-a0:X-a0,4109
536,1,X-a0:X-a1,10502
536,1,X-a1:X-a0,23813
536,1,X-a1:X-a1,59357
537,1,X-a0:X-a0,4103
537,1,X-a0:X-a1,10513
537,1,X-a1:X-a0,23512
537,1,X-a1:X-a1,59503
538,1,X-a0:X-a0,4045
538,1,X-a0:X-a1,10402
538,1,X-a1:X-a0,23331
538,1,X-a1:X-a1,59797
539,1,X-a0:X-a0,4025
539,1,X-a0:X-a1,10340
539,1,X-a1:X-a0,23236
539,1,X-a1:X-a1,60104
540,1,X-a0:X-a0,3939
540,1,X-a0:X-a1,10411
540,1,X-a1:X-a0,23061
540,1,X-a1:X-a1,60448
541,1,X-a0:X-a0,3912
541,1,X-a0:X-a1,10348
541,1,X-a1:X-a0,22832
541,1,X-a1:X-a1,60620
542,1,X-a0:X-a0,3906
542,1,X-a0:X-a1,10319
542,1,X-a1:X-a0,22829
542,1,X-a1:X-a1,60857
543,1,X-a0:X-a0,3860
543,1,X-a0:X-a1,10162
543,1,X-a1:X-a0,22730
543,1,X-a1:X-a1,61185
544,1,X-a0:X-a0,3777
544,1,X-a0:X-a1,10134
544,1,X-a1:X-a0,22628
544,1,X-a1:X-a1,61273
545,1,X-a0:X-a0,3685
545,1,X-a0:X-a1,10080
545,1,X-a1:X-a0,22439
545,1,X-a1:X-a1,61342
546,1,X-a0:X-a0,3572
546,1,X-a0:X-a1,10063
546,1,X-a1:X-a0,22342
546,1,X-a1:X-a1,61676
547,1,X-a0:X-a0,3483
547,1,X-a0:X-a1,9923
547,1,X-a1:X-a0,22426
547,1,X-a1:X-a1,62232
548,1,X-a0:X-a0,3442
548,1,X-a0:X-a1,9777
548,1,X-a1:X-a0,22238
548,1,X-a1:X-a1,62498
549,1,X-a0:X-a0,3357
549,1,X-a0:X-a1,9606
549,1,X-a1:X-a0,22176
549,1,X-a1:X-a1,62774
550,1,X-a0:X-a0,3339
550,1,X-a0:X-a1,9565
550,1,X-a1:X-a0,22015
550,1,X-a1:X-a1,62966
551,1,X-a0:X-a0,3261
551,1,X-a0:X-a1,9559
551,1,X-a1:X-a0,21983
551,1,X-a1:X-a1,63198
552,1,X-a0:X-a0,3243
552,1,X-a0:X-a1,9505
552,1,X-a1:X-a0,21746
552,1,X-a1:X-a1,63226
553,1,X-a0:X-a0,3207
553,1,X-a0:X-a1,9380
553,1,X-a1:X-a0,21560
553,1,X-a1:X-a1,63681
554,1,X-a0:X-a0,3167
554,1,X-a0:X-a1,9330
554,1,X-a1:X-a0,21435
554,1,X-a1:X-a1,64061
555,1,X-a0:X-a0,3147
555,1,X-a0:X-a1,9234
555,1,X-a1:X-a0,21372
555,1,X-a1:X-a1,64069
556,1,X-a0:X-a0,3071
556,1,X-a0:X-a1,9140
556,1,X-a1:X-a0,21327
556,1,X-a1:X-a1,64108
557,1,X-a0:X-a0,2998
557,1,X-a0:X-a1,9160
557,1,X-a1:X-a0,20974
557,1,X-a1:X-a1,64307
558,1,X-a0:X-a0,2936
558,1,X-a0:X-a1,9126
558,1,X-a1:X-a0,20736
558,1,X-a1:X-a1,64661
559,1,X-a0:X-a0,2849
559,1,X-a0:X-a1,9038
559,1,X-a1:X-a0,20605
559,1,X-a1:X-a1,64880
560,1,X-a0:X-a0,2822
560,1,X-a0:X-a1,9042
560,1,X-a1:X-a0,20522
560,1,X-a1:X-a1,65323
561,1,X-a0:X-a0,2801
561,1,X-a0:X-a1,8950
561,1,X-a1:X-a0,20381
561,1,X-a1:X-a1,65572
562,1,X-a0:X-a0,2737
562,1,X-a0:X-a1,8963
562,1,X-a1:X-a0,20131
562,1,X-a1:X-a1,65806
563,1,X-a0:X-a0,2649
563,1,X-a0:X-a1,8991
563,1,X-a1:X-a0,20019
563,1,X-a1:X-a1,66018
564,1,X-a0:X-a0,2602
564,1,X-a0:X-a1,9065
564,1,X-a1:X-a0,19947
564,1,X-a1:X-a1,66254
565,1,X-a0:X-a0,2534
565,1,X-a0:X-a1,8967
565,1,X-a1:X-a0,19897
565,1,X-a1:X-a1,66432
566,1,X-a0:X-a0,2510
566,1,X-a0:X-a1,8943
566,1,X-a1:X-a0,19824
566,1,X-a1:X-a1,66754
567,1,X-a0:X-a0,2496
567,1,X-a0:X-a1,8922
567,1,X-a1:X-a0,19691
567,1,X-a1:X-a1,66572
568,1,X-a0:X-a0,2461
568,1,X-a0:X-a1,8760
568,1,X-a1:X-a0,19663
568,1,X-a1:X-a1,66786
569,1,X-a0:X-a0,2358
569,1,X-a0:X-a1,8760
569,1,X-a1:X-a0,19444
569,1,X-a1:X-a1,66956
570,1,X-a0:X-a0,2343
570,1,X-a0:X-a1,8613
570,1,X-a1:X-a0,19268
570,1,X-a1:X-a1,67116
571,1,X-a0:X-a0,2345
571,1,X-a0:X-a1,8544
571,1,X-a1:X-a0,19164
571,1,X-a1:X-a1,67440
572,1,X-a0:X-a0,2322
572,1,X-a0:X-a1,8511
572,1,X-a1:X-a0,18999
572,1,X-a1:X-a1,67779
573,1,X-a0:X-a0,2288
573,1,X-a0:X-a1,8428
573,1,X-a1:X-a0,18853
573,1,X-a1:X-a1,68028
574,1,X-a0:X-a0,2250
574,1,X-a0:X-a1,8328
574,1,X-a1:X-a0,18765
574,1,X-a1:X-a1,68204
575,1,X-a0:X-a0,2258
575,1,X-a0:X-a1,8332
575,1,X-a1:X-a0,18605
575,1,X-a1:X-a1,68440
576,1,X-a0:X-a0,2184
576,1,X-a0:X-a1,8261
576,1,X-a1:X-a0,18473
576,1,X-a1:X-a1,68621
577,1,X-a0:X-a0,2136
577,1,X-a0:X-a1,8108
577,1,X-a1:X-a0,18464
577,1,X-a1:X-a1,68769
578,1,X-a0:X-a0,2129
578,1,X-a0:X-a1,8071
578,1,X-a1:X-a0,18267
578,1,X-a1:X-a1,68851
579,1,X-a0:X-a0,2091
579,1,X-a0:X-a1,8018
579,1,X-a1:X-a0,18170
579,1,X-a1:X-a1,68998
580,1,X-a0:X-a0,2063
580,1,X-a0:X-a1,7949
580,1,X-a1:X-a0,18058
580,1,X-a1:X-a1,69345
581,1,X-a0:X-a0,2048
581,1,X-a0:X-a1,7811
581,1,X-a1:X-a0,17963
581,1,X-a1:X-a1,69457
582,1,X-a0:X-a0,2061
582,1,X-a0:X-a1,7798
582,1,X-a1:X-a0,17802
582,1,X-a1:X-a1,69555
583,1,X-a0:X-a0,2021
583,1,X-a0:X-a1,7753
583,1,X-a1:X-a0,17783
583,1,X-a1:X-a1,70065
584,1,X-a0:X-a0,1959
584,1,X-a0:X-a1,7666
584,1,X-a1:X-a0,17530
584,1,X-a1:X-a1,70364
585,1,X-a0:X-a0,1929
585,1,X-a0:X-a1,7655
585,1,X-a1:X-a0,17605
585,1,X-a1:X-a1,70415
586,1,X-a0:X-a0,1935
586,1,X-a0:X-a1,7646
586,1,X-a1:X-a0,17372
586,1,X-a1:X-a1,70720
587,1,X-a0:X-a0,1870
587,1,X-a0:X-a1,7523
587,1,X-a1:X-a0,17222
587,1,X-a1:X-a1,70957
588,1,X-a0:X-a0,1812
588,1,X-a0:X-a1,7491
588,1,X-a1:X-a0,17034
588,1,X-a1:X-a1,71235
589,1,X-a0:X-a0,1816
589,1,X-a0:X-a1,7437
589,1,X-a1:X-a0,16808
589,1,X-a1:X-a1,71568
590,1,X-a0:X-a0,1746
590,1,X-a0:X-a1,7384
590,1,X-a1:X-a0,16643
590,1,X-a1:X-a1,71536
591,1,X-a0:X-a0,1731
591,1,X-a0:X-a1,7396
591,1,X-a1:X-a0,16521
591,1,X-a1:X-a1,71507
592,1,X-a0:X-a0,1692
592,1,X-a0:X-a1,7380
592,1,X-a1:X-a0,16493
592,1,X-a1:X-a1,71627
593,1,X-a0:X-a0,1659
593,1,X-a0:X-a1,7227
593,1,X-a1:X-a0,16332
593,1,X-a1:X-a1,72069
594,1,X-a0:X-a0,1653
594,1,X-a0:X-a1,7200
594,1,X-a1:X-a0,16199
594,1,X-a1:X-a1,72414
595,1,X-a0:X-a0,1628
595,1,X-a0:X-a1,7173
595,1,X-a1:X-a0,16064
595,1,X-a1:X-a1,72608
596,1,X-a0:X-a0,1623
596,1,X-a0:X-a1,7223
596,1,X-a1:X-a0,15889
596,1,X-a1:X-a1,72719
597,1,X-a0:X-a0,1614
597,1,X-a0:X-a1,7203
597,1,X-a1:X-a0,15812
597,1,X-a1:X-a1,72751
598,1,X-a0:X-a0,1572
598,1,X-a0:X-a1,7176
598,1,X-a1:X-a0,15779
598,1,X-a1:X-a1,72985
599,1,X-a0:X-a0,1537
599,1,X-a0:X-a1,7111
599,1,X-a1:X-a0,15665
599,1,X-a1:X-a1,73485
600,1,X-a0:X-a0,1511
600,1,X-a0:X-a1,7086
600,1,X-a1:X-a0,15627
600,1,X-a1:X-a1,73419
601,1,X-a0:X-a0,1479
601,1,X-a0:X-a1,6979
601,1,X-a1:X-a0,15630
601,1,X-a1:X-a1,73470
602,1,X-a0:X-a0,1443
602,1,X-a0:X-a1,6886
602,1,X-a1:X-a0,15430
602,1,X-a1:X-a1,73413
603,1,X-a0:X-a0,1471
603,1,X-a0:X-a1,6918
603,1,X-a1:X-a0,15425
603,1,X-a1:X-a1,73590
604,1,X-a0:X-a0,1458
604,1,X-a0:X-a1,6938
604,1,X-a1:X-a0,15371
604,1,X-a1:X-a1,73733
605,1,X-a0:X-a0,1422
605,1,X-a0:X-a1,6787
605,1,X-a1:X-a0,15394
605,1,X-a1:X-a1,74081
606,1,X-a0:X-a0,1396
606,1,X-a0:X-a1,6798
606,1,X-a1:X-a0,15190
606,1,X-a1:X-a1,74185
607,1,X-a0:X-a0,1354
607,1,X-a0:X-a1,6757
607,1,X-a1:X-a0,14959
607,1,X-a1:X-a1,74626
608,1,X-a0:X-a0,1357
608,1,X-a0:X-a1,6651
608,1,X-a1:X-a0,14797
608,1,X-a1:X-a1,74866
609,1,X-a0:X-a0,1318
609,1,X-a0:X-a1,6597
609,1,X-a1:X-a0,14712
609,1,X-a1:X-a1,75085
610,1,X-a0:X-a0,1314
610,1,X-a0:X-a1,6553
610,1,X-a1:X-a0,14615
610,1,X-a1:X-a1,75388
611,1,X-a0:X-a0,1270
611,1,X-a0:X-a1,6515
611,1,X-a1:X-a0,14611
611,1,X-a1:X-a1,75423
612,1,X-a0:X-a0,1258
612,1,X-a0:X-a1,6532
612,1,X-a1:X-a0,14407
612,1,X-a1:X-a1,75515
613,1,X-a0:X-a0,1228
613,1,X-a0:X-a1,6411
613,1,X-a1:X-a0,14377
613,1,X-a1:X-a1,75626
614,1,X-a0:X-a0,1213
614,1,X-a0:X-a1,6334
614,1,X-a1:X-a0,14239
614,1,X-a1:X-a1,75896
615,1,X-a0:X-a0,1182
615,1,X-a0:X-a1,6255
615,1,X-a1:X-a0,14167
615,1,X-a1:X-a1,76338
616,1,X-a0:X-a0,1143
616,1,X-a0:X-a1,6179
616,1,X-a1:X-a0,14114
616,1,X-a1:X-a1,76487
617,1,X-a0:X-a0,1125
617,1,X-a0:X-a1,6203
617,1,X-a1:X-a0,13930
617,1,X-a1:X-a1,76549
618,1,X-a0:X-a0,1130
618,1,X-a0:X-a1,6170
618,1,X-a1:X-a0,13855
618,1,X-a1:X-a1,76676
619,1,X-a0:X-a0,1118
619,1,X-a0:X-a1,6165
619,1,X-a1:X-a0,13659
619,1,X-a1:X-a1,76887
620,1,X-a0:X-a0,1104
620,1,X-a0:X-a1,6172
620,1,X-a1:X-a0,13450
620,1,X-a1:X-a1,76788
621,1,X-a0:X-a0,1094
621,1,X-a0:X-a1,6116
621,1,X-a1:X-a0,13383
621,1,X-a1:X-a1,76943
622,1,X-a0:X-a0,1075
622,1,X-a0:X-a1,6074
622,1,X-a1:X-a0,13382
622,1,X-a1:X-a1,77086
623,1,X-a0:X-a0,1077
623,1,X-a0:X-a1,6039
623,1,X-a1:X-a0,13197
623,1,X-a1:X-a1,77440
624,1,X-a0:X-a0,1055
624,1,X-a0:X-a1,5920
624,1,X-a1:X-a0,13060
624,1,X-a1:X-a1,77373
625,1,X-a0:X-a0,1048
625,1,X-a0:X-a1,5895
625,1,X-a1:X-a0,12910
625,1,X-a1:X-a1,77451
626,1,X-a0:X-a0,1033
626,1,X-a0:X-a1,5829
626,1,X-a1:X-a0,12724
626,1,X-a1:X-a1,77463
627,1,X-a0:X-a0,1004
627,1,X-a0:X-a1,5740
627,1,X-a1:X-a0,12748
627,1,X-a1:X-a1,77753
628,1,X-a0:X-a0,968
628,1,X-a0:X-a1,5719
628,1,X-a1:X-a0,12645
628,1,X-a1:X-a1,77895
629,1,X-a0:X-a0,956
629,1,X-a0:X-a1,5717
629,1,X-a1:X-a0,12616
629,1,X-a1:X-a1,77774
630,1,X-a0:X-a0,918
630,1,X-a0:X-a1,5709
630,1,X-a1:X-a0,12489
630,1,X-a1:X-a1,77916
631,1,X-a0:X-a0,923
631,1,X-a0:X-a1,5581
631,1,X-a1:X-a0,12430
631,1,X-a1:X-a1,78041
632,1,X-a0:X-a0,921
632,1,X-a0:X-a1,5515
632,1,X-a1:X-a0,12307
632,1,X-a1:X-a1,78556
633,1,X-a0:X-a0,865
633,1,X-a0:X-a1,5504
633,1,X-a1:X-a0,12196
633,1,X-a1:X-a1,78800
634,1,X-a0:X-a0,866
634,1,X-a0:X-a1,5436
634,1,X-a1:X-a0,12145
634,1,X-a1:X-a1,79032
635,1,X-a0:X-a0,875
635,1,X-a0:X-a1,5472
635,1,X-a1:X-a0,12091
635,1,X-a1:X-a1,79098
636,1,X-a0:X-a0,852
636,1,X-a0:X-a1,5425
636,1,X-a1:X-a0,11984
636,1,X-a1:X-a1,79192
637,1,X-a0:X-a0,834
637,1,X-a0:X-a1,5387
637,1,X-a1:X-a0,11801
637,1,X-a1:X-a1,78964
638,1,X-a0:X-a0,821
638,1,X-a0:X-a1,5316
638,1,X-a1:X-a0,11726
638,1,X-a1:X-a1,79194
639,1,X-a0:X-a0,806
639,1,X-a0:X-a1,5227
639,1,X-a1:X-a0,11667
639,1,X-a1:X-a1,79456
640,1,X-a0:X-a0,795
640,1,X-a0:X-a1,5164
640,1,X-a1:X-a0,11603
640,1,X-a1:X-a1,79461
641,1,X-a0:X-a0,796
641,1,X-a0:X-a1,5099
641,1,X-a1:X-a0,11451
641,1,X-a1:X-a1,79627
642,1,X-a0:X-a0,751
642,1,X-a0:X-a1,5094
642,1,X-a1:X-a0,11370
642,1,X-a1:X-a1,79630
643,1,X-a0:X-a0,754
643,1,X-a0:X-a1,5060
643,1,X-a1:X-a0,11213
643,1,X-a1:X-a1,79910
644,1,X-a0:X-a0,717
644,1,X-a0:X-a1,4973
644,1,X-a1:X-a0,11182
644,1,X-a1:X-a1,79925
645,1,X-a0:X-a0,724
645,1,X-a0:X-a1,4977
645,1,X-a1:X-a0,11072
645,1,X-a1:X-a1,79926
646,1,X-a0:X-a0,729
646,1,X-a0:X-a1,4884
646,1,X-a1:X-a0,11109
646,1,X-a1:X-a1,79984
647,1,X-a0:X-a0,731
647,1,X-a0:X-a1,4898
647,1,X-a1:X-a0,11017
647,1,X-a1:X-a1,80261
648,1,X-a0:X-a0,702
648,1,X-a0:X-a1,4933
648,1,X-a1:X-a0,10892
648,1,X-a1:X-a1,80497
649,1,X-a0:X-a0,681
649,1,X-a0:X-a1,4878
649,1,X-a1:X-a0,10909
649,1,X-a1:X-a1,80676
650,1,X-a0:X-a0,652
650,1,X-a0:X-a1,4779
650,1,X-a1:X-a0,10789
650,1,X-a1:X-a1,81027
651,1,X-a0:X-a0,641
651,1,X-a0:X-a1,4753
651,1,X-a1:X-a0,10659
651,1,X-a1:X-a1,81204
652,1,X-a0:X-a0,617
652,1,X-a0:X-a1,4733
652,1,X-a1:X-a0,10573
652,1,X-a1:X-a1,81611
653,1,X-a0:X-a0,613
653,1,X-a0:X-a1,4707
653,1,X-a1:X-a0,10580
653,1,X-a1:X-a1,81939
654,1,X-a0:X-a0,610
654,1,X-a0:X-a1,4638
654,1,X-a1:X-a0,10516
654,1,X-a1:X-a1,81835
655,1,X-a0:X-a0,614
655,1,X-a0:X-a1,4681
655,1,X-a1:X-a0,10583
655,1,X-a1:X-a1,81915
656,1,X-a0:X-a0,612
656,1,X-a0:X-a1,4683
656,1,X-a1:X-a0,10508
656,1,X-a1:X-a1,82182
657,1,X-a0:X-a0,608
657,1,X-a0:X-a1,4689
657,1,X-a1:X-a0,10447
657,1,X-a1:X-a1,82367
658,1,X-a0:X-a0,590
658,1,X-a0:X-a1,4648
658,1,X-a1:X-a0,10279
658,1,X-a1:X-a1,82307
659,1,X-a0:X-a0,586
659,1,X-a0:X-a1,4594
659,1,X-a1:X-a0,10240
659,1,X-a1:X-a1,82307
660,1,X-a0:X-a0,565
660,1,X-a0:X-a1,4569
660,1,X-a1:X-a0,10063
660,1,X-a1:X-a1,82197
661,1,X-a0:X-a0,555
661,1,X-a0:X-a1,4492
661,1,X-a1:X-a0,9947
661,1,X-a1:X-a1,82144
662,1,X-a0:X-a0,502
662,1,X-a0:X-a1,4461
662,1,X-a1:X-a0,9876
662,1,X-a1:X-a1,82137
663,1,X-a0:X-a0,476
663,1,X-a0:X-a1,4418
663,1,X-a1:X-a0,9812
663,1,X-a1:X-a1,82224
664,1,X-a0:X-a0,463
664,1,X-a0:X-a1,4426
664,1,X-a1:X-a0,9700
664,1,X-a1:X-a1,82396
665,1,X-a0:X-a0,471
665,1,X-a0:X-a1,4332
665,1,X-a1:X-a0,9658
665,1,X-a1:X-a1,82331
666,1,X-a0:X-a0,454
666,1,X-a0:X-a1,4311
666,1,X-a1:X-a0,9561
666,1,X-a1:X-a1,82246
667,1,X-a0:X-a0,416
667,1,X-a0:X-a1,4233
667,1,X-a1:X-a0,9490
667,1,X-a1:X-a1,82410
668,1,X-a0:X-a0,406
668,1,X-a0:X-a1,4194
668,1,X-a1:X-a0,9460
668,1,X-a1:X-a1,82665
669,1,X-a0:X-a0,413
669,1,X-a0:X-a1,4186
669,1,X-a1:X-a0,9245
669,1,X-a1:X-a1,82917
670,1,X-a0:X-a0,405
670,1,X-a0:X-a1,4077
670,1,X-a1:X-a0,9251
670,1,X-a1:X-a1,83084
671,1,X-a0:X-a0,410
671,1,X-a0:X-a1,4107
671,1,X-a1:X-a0,9124
671,1,X-a1:X-a1,83063
672,1,X-a0:X-a0,392
672,1,X-a0:X-a1,4058
672,1,X-a1:X-a0,9049
672,1,X-a1:X-a1,83426
673,1,X-a0:X-a0,380
673,1,X-a0:X-a1,4007
673,1,X-a1:X-a0,9006
673,1,X-a1:X-a1,83583
674,1,X-a0:X-a0,388
674,1,X-a0:X-a1,3952
674,1,X-a1:X-a0,8928
674,1,X-a1:X-a1,83689
675,1,X-a0:X-a0,381
675,1,X-a0:X-a1,3924
675,1,X-a1:X-a0,8899
675,1,X-a1:X-a1,83935
676,1,X-a0:X-a0,374
676,1,X-a0:X-a1,3872
676,1,X-a1:X-a0,8807
676,1,X-a1:X-a1,84034
677,1,X-a0:X-a0,401
677,1,X-a0:X-a1,3859
677,1,X-a1:X-a0,8648
677,1,X-a1:X-a1,84187
678,1,X-a0:X-a0,423
678,1,X-a0:X-a1,3850
678,1,X-a1:X-a0,8642
678,1,X-a1:X-a1,84513
679,1,X-a0:X-a0,403
679,1,X-a0:X-a1,3800
679,1,X-a1:X-a0,8601
679,1,X-a1:X-a1,84551
680,1,X-a0:X-a0,398
680,1,X-a0:X-a1,3756
680,1,X-a1:X-a0,8483
680,1,X-a1:X-a1,84684
681,1,X-a0:X-a0,391
681,1,X-a0:X-a1,3777
681,1,X-a1:X-a0,8441
681,1,X-a1:X-a1,84661
682,1,X-a0:X-a0,375
682,1,X-a0:X-a1,3776
682,1,X-a1:X-a0,8354
682,1,X-a1:X-a1,84740
683,1,X-a0:X-a0,354
683,1,X-a0:X-a1,3784
683,1,X-a1:X-a0,8252
683,1,X-a1:X-a1,85143
684,1,X-a0:X-a0,364
684,1,X-a0:X-a1,3729
684,1,X-a1:X-a0,8190
684,1,X-a1:X-a1,84967
685,1,X-a0:X-a0,356
685,1,X-a0:X-a1,3806
685,1,X-a1:X-a0,8186
685,1,X-a1:X-a1,85026
686,1,X-a0:X-a0,340
686,1,X-a0:X-a1,3723
686,1,X-a1:X-a0,7966
686,1,X-a1:X-a1,85077
687,1,X-a0:X-a0,340
687,1,X-a0:X-a1,3697
687,1,X-a1:X-a0,7864
687,1,X-a1:X-a1,85288
688,1,X-a0:X-a0,344
688,1,X-a0:X-a1,3719
688,1,X-a1:X-a0,7868
688,1,X-a1:X-a1,85124
689,1,X-a0:X-a0,334
689,1,X-a0:X-a1,3620
689,1,X-a1:X-a0,7822
689,1,X-a1:X-a1,85475
690,1,X-a0:X-a0,311
690,1,X-a0:X-a1,3600
690,1,X-a1:X-a0,7727
690,1,X-a1:X-a1,85588
691,1,X-a0:X-a0,317
691,1,X-a0:X-a1,3669
691,1,X-a1:X-a0,7633
691,1,X-a1:X-a1,85638
692,1,X-a0:X-a0,328
692,1,X-a0:X-a1,3622
692,1,X-a1:X-a0,7531
692,1,X-a1:X-a1,86107
693,1,X-a0:X-a0,334
693,1,X-a0:X-a1,3577
693,1,X-a1:X-a0,7453
693,1,X-a1:X-a1,86206
694,1,X-a0:X-a0,318
694,1,X-a0:X-a1,3566
694,1,X-a1:X-a0,7442
694,1,X-a1:X-a1,86210
695,1,X-a0:X-a0,306
695,1,X-a0:X-a1,3538
695,1,X-a1:X-a0,7414
695,1,X-a1:X-a1,86309
696,1,X-a0:X-a0,305
696,1,X-a0:X-a1,3510
696,1,X-a1:X-a0,7344
696,1,X-a1:X-a1,86371
697,1,X-a0:X-a0,304
697,1,X-a0:X-a1,3497
697,1,X-a1:X-a0,7379
697,1,X-a1:X-a1,86361
698,1,X-a0:X-a0,313
698,1,X-a0:X-a1,3410
698,1,X-a1:X-a0,7339
698,1,X-a1:X-a1,86460
699,1,X-a0:X-a0,305
699,1,X-a0:X-a1,3377
699,1,X-a1:X-a0,7288
699,1,X-a1:X-a1,86657
700,1,X-a0:X-a0,286
700,1,X-a0:X-a1,3322
700,1,X-a1:X-a0,7241
700,1,X-a1:X-a1,86845
701,1,X-a0:X-a0,281
701,1,X-a0:X-a1,3330
701,1,X-a1:X-a0,7246
701,1,X-a1:X-a1,87007
702,1,X-a0:X-a0,258
702,1,X-a0:X-a1,3338
702,1,X-a1:X-a0,7147
702,1,X-a1:X-a1,87076
703,1,X-a0:X-a0,249
703,1,X-a0:X-a1,3272
703,1,X-a1:X-a0,7115
703,1,X-a1:X-a1,87090
704,1,X-a0:X-a0,234
704,1,X-a0:X-a1,3293
704,1,X-a1:X-a0,7112
704,1,X-a1:X-a1,87094
705,1,X-a0:X-a0,222
705,1,X-a0:X-a1,3264
705,1,X-a1:X-a0,7101
705,1,X-a1:X-a1,87186
706,1,X-a0:X-a0,228
706,1,X-a0:X-a1,3252
706,1,X-a1:X-a0,6940
706,1,X-a1:X-a1,87461
707,1,X-a0:X-a0,222
707,1,X-a0:X-a1,3224
707,1,X-a1:X-a0,6870
707,1,X-a1:X-a1,87698
708,1,X-a0:X-a0,219
708,1,X-a0:X-a1,3167
708,1,X-a1:X-a0,6762
708,1,X-a1:X-a1,87526
709,1,X-a0:X-a0,219
709,1,X-a0:X-a1,3098
709,1,X-a1:X-a0,6678
709,1,X-a1:X-a1,87567
710,1,X-a0:X-a0,226
710,1,X-a0:X-a1,3112
710,1,X-a1:X-a0,6612
710,1,X-a1:X-a1,87490
711,1,X-a0:X-a0,215
711,1,X-a0:X-a1,3147
711,1,X-a1:X-a0,6589
711,1,X-a1:X-a1,87383
712,1,X-a0:X-a0,204
712,1,X-a0:X-a1,3102
712,1,X-a1:X-a0,6493
712,1,X-a1:X-a1,87563
713,1,X-a0:X-a0,201
713,1,X-a0:X-a1,3088
713,1,X-a1:X-a0,6539
713,1,X-a1:X-a1,87714
714,1,X-a0:X-a0,193
714,1,X-a0:X-a1,3095
714,1,X-a1:X-a0,6548
714,1,X-a1:X-a1,87736
715,1,X-a0:X-a0,195
715,1,X-a0:X-a1,2984
715,1,X-a1:X-a0,6446
715,1,X-a1:X-a1,87772
716,1,X-a0:X-a0,187
716,1,X-a0:X-a1,2958
716,1,X-a1:X-a0,6371
716,1,X-a1:X-a1,87905
717,1,X-a0:X-a0,193
717,1,X-a0:X-a1,2918
717,1,X-a1:X-a0,6290
717,1,X-a1:X-a1,88186
718,1,X-a0:X-a0,180
718,1,X-a0:X-a1,2891
718,1,X-a1:X-a0,6294
718,1,X-a1:X-a1,88605
719,1,X-a0:X-a0,185
719,1,X-a0:X-a1,2881
719,1,X-a1:X-a0,6261
719,1,X-a1:X-a1,88400
720,1,X-a0:X-a0,183
720,1,X-a0:X-a1,2818
720,1,X-a1:X-a0,6189
720,1,X-a1:X-a1,88466
721,1,X-a0:X-a0,178
721,1,X-a0:X-a1,2778
721,1,X-a1:X-a0,6189
721,1,X-a1:X-a1,88547
722,1,X-a0:X-a0,183
722,1,X-a0:X-a1,2739
722,1,X-a1:X-a0,6053
722,1,X-a1:X-a1,88320
723,1,X-a0:X-a0,175
723,1,X-a0:X-a1,2744
723,1,X-a1:X-a0,5922
723,1,X-a1:X-a1,88551
724,1,X-a0:X-a0,161
724,1,X-a0:X-a1,2704
724,1,X-a1:X-a0,5879
724,1,X-a1:X-a1,88359
725,1,X-a0:X-a0,157
725,1,X-a0:X-a1,2688
725,1,X-a1:X-a0,5851
725,1,X-a1:X-a1,88480
726,1,X-a0:X-a0,155
726,1,X-a0:X-a1,2710
726,1,X-a1:X-a0,5798
726,1,X-a1:X-a1,88537
727,1,X-a0:X-a0,154
727,1,X-a0:X-a1,2712
727,1,X-a1:X-a0,5780
727,1,X-a1:X-a1,88826
728,1,X-a0:X-a0,148
728,1,X-a0:X-a1,2679
728,1,X-a1:X-a0,5655
728,1,X-a1:X-a1,88965
729,1,X-a0:X-a0,161
729,1,X-a0:X-a1,2637
729,1,X-a1:X-a0,5725
729,1,X-a1:X-a1,88923
