Time,NodeID,NumIndividuals,NumInfected,AvgInfectiousness,AvgParasiteDensity,AvgGametocyteDensity,AvgVariantFractionPfEMP1Major,AvgNumInfections,AvgInfectionClearedDuration,NumInfectionsCleared,NumHasFever,NumHasClinicalSymptoms,TotalUniqueGenomes,TotalUniqueBarcodes,UniqueGenomesLast_1_Years,UniqueBarcodesLast_1_Years,CurrentUniqueGenomes,CurrentUniqueBarcodes,CurrentNumInfections,NumBitesDeliveredCurrentInfections,NumBitesDeliveredMultipleCurrentInfections,NumNewInfectionsInLastYear,NumTotalRoots,FractionOfRootsPresentInLastYear,AvgIdentityByStateInLastYearOfUniqueGenomes,AvgIdentityByDescentInLastYearOfUniqueGenomes
0,340461476,1000,0,0,0,0,0,0,0,0,0,0,0,0,0,0,0,0,0,0,0,0,0,0,0,0
1,340461476,1000,0,0,0,0,0,0,0,0,0,0,0,0,0,0,0,0,0,0,0,0,0,0,0,0
2,340461476,1000,0,0,0,0,0,0,0,0,0,0,0,0,0,0,0,0,0,0,0,0,0,0,0,0
3,340461476,1000,0,0,0,0,0,0,0,0,0,0,0,0,0,0,0,0,0,0,0,0,0,0,0,0
4,340461476,1000,0,0,0,0,0,0,0,0,0,0,0,0,0,0,0,0,0,0,0,0,0,0,0,0
5,340461476,1000,0,0,0,0,0,0,0,0,0,0,0,0,0,0,0,0,0,0,0,0,0,0,0,0
6,340461476,1000,0,0,0,0,0,0,0,0,0,0,0,0,0,0,0,0,0,0,0,0,0,0,0,0
7,340461476,1000,0,0,0,0,0,0,0,0,0,0,0,0,0,0,0,0,0,0,0,0,0,0,0,0
8,340461476,1000,0,0,0,0,0,0,0,0,0,0,0,0,0,0,0,0,0,0,0,0,0,0,0,0
9,340461476,1000,0,0,0,0,0,0,0,0,0,0,0,0,0,0,0,0,0,0,0,0,0,0,0,0
10,340461476,1000,5,0,0,0,0,1,0,0,0,0,5,1,5,1,5,1,5,0,0,5,5,1,0.12069,0
11,340461476,1000,5,0,0,0,0,1,0,0,0,0,5,1,5,1,5,1,5,0,0,5,5,1,0.12069,0
12,340461476,1000,5,0,0,0,0,1,0,0,0,0,5,1,5,1,5,1,5,0,0,5,5,1,0.12069,0
13,340461476,1000,5,0,0,0,0,1,0,0,0,0,5,1,5,1,5,1,5,0,0,5,5,1,0.12069,0
14,340461476,1000,5,0,0,0,0,1,0,0,0,0,5,1,5,1,5,1,5,0,0,5,5,1,0.12069,0
15,340461476,1000,5,0,0,0,0,1,0,0,0,0,5,1,5,1,5,1,5,0,0,5,5,1,0.12069,0
16,340461476,1000,5,0,6.02592e-05,0,1.66667e-05,1,0,0,0,0,5,1,5,1,5,1,5,0,0,5,5,1,0.12069,0
17,340461476,1000,5,0,6.02397e-05,0,1.66667e-05,1,0,0,0,0,5,1,5,1,5,1,5,0,0,5,5,1,0.12069,0
18,340461476,1000,5,0,0.000956818,0,1.66667e-05,1,0,0,0,0,5,1,5,1,5,1,5,0,0,5,5,1,0.12069,0
19,340461476,1000,5,0,0.000956507,0,1.66667e-05,1,0,0,0,0,5,1,5,1,5,1,5,0,0,5,5,1,0.12069,0
20,340461476,1000,5,0,0.0148886,0,1.66667e-05,1,0,0,0,0,5,1,5,1,5,1,5,0,0,5,5,1,0.12069,0
21,340461476,1000,5,0,0.0148838,0,1.66667e-05,1,0,0,0,0,5,1,5,1,5,1,5,0,0,5,5,1,0.12069,0
22,340461476,1000,5,0,0.23167,0,1.66667e-05,1,0,0,0,0,5,1,5,1,5,1,5,0,0,5,5,1,0.12069,0
23,340461476,1000,5,0,0.231595,0,1.66667e-05,1,0,0,0,0,5,1,5,1,5,1,5,0,0,5,5,1,0.12069,0
24,340461476,1000,5,0,3.60477,0,1.66667e-05,1,0,0,1,1,5,1,5,1,5,1,5,0,0,5,5,1,0.12069,0
25,340461476,1000,5,0,3.51112,0,1.66667e-05,1,0,0,3,3,5,1,5,1,5,1,5,0,0,5,5,1,0.12069,0
26,340461476,1000,5,0,51.449,0,1.66667e-05,1,0,0,5,5,5,1,5,1,5,1,5,0,0,5,5,1,0.12069,0
27,340461476,1000,5,0,34.5715,0,1.66667e-05,1,0,0,5,5,5,1,5,1,5,1,5,0,0,5,5,1,0.12069,0
28,340461476,1000,5,0,279.013,0,1.66667e-05,1,0,0,5,5,5,1,5,1,5,1,5,0,0,5,5,1,0.12069,0
29,340461476,1000,5,0,125.406,0,1.66667e-05,1,0,0,2,5,5,1,5,1,5,1,5,0,0,5,5,1,0.12069,0
30,340461476,1000,5,0,757.44,0,1.66667e-05,1,0,0,5,5,5,1,5,1,5,1,5,0,0,5,5,1,0.12069,0
31,340461476,1000,5,2.44867e-07,220.656,0.000302758,1.66667e-05,1,0,0,0,5,5,1,5,1,5,1,5,0,0,5,5,1,0.12069,0
32,340461476,1000,5,1.27372e-06,889.053,0.00022932,1.66667e-05,1,0,0,5,5,5,1,5,1,5,1,5,0,0,5,5,1,0.12069,0
33,340461476,1000,5,3.94951e-06,198.777,0.00488481,1.66667e-05,1,0,0,0,5,5,1,5,1,5,1,5,0,0,5,5,1,0.12069,0
34,340461476,1000,5,2.05063e-05,651.193,0.00370189,1.66667e-05,1,0,0,5,5,5,1,5,1,5,1,5,0,0,5,5,1,0.12069,0
35,340461476,1000,5,6.27639e-05,118.845,0.0761114,1.66667e-05,1,0,0,0,5,5,1,5,1,5,1,5,0,0,5,5,1,0.12069,0
36,340461476,1000,5,0.000312149,322.25,0.0576818,1.66667e-05,1,0,0,5,5,5,1,5,1,5,1,5,0,0,5,5,1,0.12069,0
37,340461476,1000,5,0.000887476,51.3266,1.10865,1.66667e-05,1,0,0,0,5,5,1,5,1,5,1,5,0,0,5,5,1,0.12069,0
38,340461476,1000,5,0.00289262,125.589,0.84014,1.66667e-05,1,0,0,5,5,5,1,5,1,5,1,5,0,0,5,5,1,0.12069,0
39,340461476,1000,5,0.00376072,18.8246,6.82739,1.66667e-05,1,0,0,0,5,5,1,5,1,5,1,5,0,0,5,5,1,0.12069,0
40,340461476,1000,5,0.00498203,43.7004,5.17422,1.66667e-05,1,0,0,5,5,5,1,5,1,5,1,5,0,0,5,5,1,0.12069,0
41,340461476,1000,5,0.00499137,6.43243,21.5017,1.66667e-05,1,0,0,0,5,5,1,5,1,5,1,5,0,0,5,5,1,0.12069,0
42,340461476,1000,5,0.005,14.5381,16.2958,1.66667e-05,1,0,0,0,5,5,1,5,1,5,1,5,0,0,5,5,1,0.12069,0
43,340461476,1000,5,0.005,2.10968,33.9157,1.66667e-05,1,0,0,0,4,5,1,5,1,5,1,5,0,0,5,5,1,0.12069,0
44,340461476,1000,5,0.005,4.70377,25.7048,1.66667e-05,1,0,0,0,0,5,1,5,1,5,1,5,0,0,5,5,1,0.12069,0
45,340461476,1000,5,0.005,0.675942,35.6871,1.66667e-05,1,0,0,0,0,5,1,5,1,5,1,5,0,0,5,5,1,0.12069,0
46,340461476,1000,5,0.005,1.49691,27.0478,1.66667e-05,1,0,0,0,0,5,1,5,1,5,1,5,0,0,5,5,1,0.12069,0
47,340461476,1000,5,0.005,0.214047,28.6911,1.66667e-05,1,0,0,0,0,5,1,5,1,5,1,5,0,0,5,5,1,0.12069,0
48,340461476,1000,5,0.005,0.472439,21.7455,1.66667e-05,1,0,0,0,0,5,1,5,1,5,1,5,0,0,5,5,1,0.12069,0
49,340461476,1000,5,0.005,0.067388,19.709,1.66667e-05,1,0,0,0,0,5,1,5,1,5,1,5,0,0,5,5,1,0.12069,0
50,340461476,1000,5,0.005,0.148436,14.9379,1.66667e-05,1,0,0,0,0,5,1,5,1,5,1,5,0,0,5,5,1,0.12069,0
51,340461476,1000,5,0.005,0.0211441,12.4512,1.66667e-05,1,0,0,0,0,5,1,5,1,5,1,5,0,0,5,5,1,0.12069,0
52,340461476,1000,5,0.005,0.0465304,9.43716,1.66667e-05,1,0,0,0,0,5,1,5,1,5,1,5,0,0,5,5,1,0.12069,0
53,340461476,1000,5,0.005,0.0066238,7.52948,1.66667e-05,1,0,0,0,0,5,1,5,1,5,1,5,0,0,5,5,1,0.12069,0
54,340461476,1000,5,0.005,0.0145753,5.70677,1.66667e-05,1.2,0,0,0,0,5,1,5,1,5,1,6,1,0,6,5,1,0.12069,0
55,340461476,1000,6,0.00499998,0.00207395,4.44739,1.66667e-05,1.16667,0,0,0,0,5,1,5,1,5,1,7,2,0,7,5,1,0.12069,0
56,340461476,1000,9,0.00499969,0.00456421,3.3708,1.66667e-05,1.11111,0,0,0,0,5,1,5,1,5,1,10,5,0,10,5,1,0.12069,0
57,340461476,1000,12,0.00499752,0.000649941,2.59368,1.66667e-05,1.08333,0,0,0,0,5,1,5,1,5,1,13,8,0,13,5,1,0.12069,0
58,340461476,1000,18,0.00498625,0.0014288,1.96581,1.66667e-05,1.05556,0,0,0,0,5,1,5,1,5,1,19,14,0,19,5,1,0.12069,0
59,340461476,1000,22,0.00494844,0.000203344,1.5022,1.66667e-05,1.04545,0,0,0,0,5,1,5,1,5,1,23,18,0,23,5,1,0.12069,0
60,340461476,1000,27,0.00485094,0.000447315,1.13856,1.66667e-05,1.03704,0,0,0,0,5,1,5,1,5,1,28,23,0,28,5,1,0.12069,0
61,340461476,1000,32,0.00466349,7.27189e-05,0.866792,2e-05,1.03125,0,0,0,0,5,1,5,1,5,1,33,28,0,33,5,1,0.12069,0
62,340461476,1000,39,0.00436271,0.000158909,0.656964,2.33333e-05,1.05128,0,0,0,0,5,1,5,1,5,1,41,36,0,41,5,1,0.12069,0
63,340461476,1000,43,0.00396287,0.000245091,0.499145,3.33333e-05,1.04651,0,0,0,0,5,1,5,1,5,1,45,40,0,45,5,1,0.12069,0
64,340461476,1000,49,0.00348897,0.000501531,0.378311,4.33333e-05,1.06122,0,0,0,0,5,1,5,1,5,1,52,47,0,52,5,1,0.12069,0
65,340461476,1000,55,0.00298831,0.0037779,0.287115,6.33333e-05,1.07273,0,0,0,0,5,1,5,1,5,1,59,54,0,59,5,1,0.12069,0
66,340461476,1000,63,0.00249121,0.00746496,0.217609,7.66667e-05,1.07937,0,0,0,0,5,1,5,1,5,1,68,63,0,68,5,1,0.12069,0
67,340461476,1000,71,0.00203088,0.058916,0.165049,9.33333e-05,1.09859,0,0,0,0,5,1,5,1,5,1,78,73,0,78,5,1,0.12069,0
68,340461476,1000,76,0.00158573,0.116132,0.125094,0.00011,1.09211,0,0,0,0,5,1,5,1,5,1,83,78,0,83,5,1,0.12069,0
69,340461476,1000,84,0.00120587,0.914465,0.0948503,0.000136667,1.09524,0,0,0,0,5,1,5,1,5,1,92,87,0,92,5,1,0.12069,0
70,340461476,1000,93,0.000860126,1.80444,0.0718882,0.00015,1.09677,0,0,1,1,5,1,5,1,5,1,102,97,0,102,5,1,0.12069,0
71,340461476,1000,97,0.000644658,14.1911,0.0544999,0.000173333,1.09278,0,0,5,5,5,1,5,1,5,1,106,101,0,106,5,1,0.12069,0
72,340461476,1000,105,0.000486899,25.9747,0.0413065,0.000196667,1.08571,0,0,6,6,5,1,5,1,5,1,114,109,0,114,5,1,0.12069,0
73,340461476,1000,111,0.000374481,131.704,0.0313114,0.000226667,1.0991,0,0,10,10,5,1,5,1,5,1,122,117,0,122,5,1,0.12069,0
74,340461476,1000,112,0.000284968,188.346,0.023731,0.00026,1.09821,0,0,16,17,5,1,5,1,5,1,123,118,0,123,5,1,0.12069,0
75,340461476,1000,118,0.00022943,573.862,0.0179887,0.000276666,1.09322,0,0,19,20,5,1,5,1,5,1,129,124,0,129,5,1,0.12069,0
76,340461476,1000,124,0.000167328,716.912,0.0136779,0.000306666,1.09677,0,0,20,24,5,1,5,1,5,1,136,131,0,136,5,1,0.12069,0
77,340461476,1000,132,0.000138822,1443.79,0.0104147,0.00034,1.13636,0,0,23,27,5,1,5,1,5,1,150,145,0,150,5,1,0.12069,0
78,340461476,1000,143,7.92202e-05,1538.56,0.00777347,0.000353333,1.13287,69,1,24,34,5,1,5,1,5,1,162,158,0,163,5,1,0.12069,0
79,340461476,1000,153,7.1364e-05,2464.19,0.007092,0.00038,1.12418,0,0,32,39,5,1,5,1,5,1,172,168,0,173,5,1,0.12069,0
80,340461476,1000,168,6.49757e-05,2277.56,0.0227081,0.000403333,1.13095,0,0,33,47,5,1,5,1,5,1,190,186,0,191,5,1,0.12069,0
81,340461476,1000,180,0.000128973,3162.18,0.0365313,0.000406666,1.12222,0,0,45,55,5,1,5,1,5,1,202,198,0,203,5,1,0.12069,0
82,340461476,1000,186,0.00032515,2842.34,0.296502,0.000426666,1.12903,73,2,43,60,5,1,5,1,5,1,210,208,0,213,5,1,0.12069,0
83,340461476,1000,196,0.00120627,3907.97,0.525745,0.00045,1.12755,0,0,50,64,5,1,5,1,5,1,221,219,0,224,5,1,0.12069,0
84,340461476,1000,204,0.00293495,3419.13,2.9659,0.000493333,1.12255,75,2,50,73,5,1,5,1,5,1,229,229,0,234,5,1,0.12069,0
85,340461476,1000,214,0.00578716,4693.67,4.92025,0.000536666,1.1215,0,0,64,84,5,1,5,1,5,1,240,240,0,245,5,1,0.12069,0
86,340461476,1000,223,0.00952788,4130.73,15.0307,0.00057,1.12556,0,0,60,92,5,1,5,1,5,1,251,251,0,256,5,1,0.12069,0
87,340461476,1000,228,0.0141193,5166.63,22.7044,0.000626666,1.14474,0,0,70,97,5,1,5,1,5,1,261,261,0,266,5,1,0.12069,0
88,340461476,1000,232,0.0183462,4922.3,45.9821,0.000666666,1.15948,0,0,66,102,5,1,5,1,5,1,269,269,0,274,5,1,0.12069,0
89,340461476,1000,238,0.0223711,5419.33,60.826,0.000696666,1.17227,0,0,67,104,5,1,5,1,5,1,279,279,0,284,5,1,0.12069,0
90,340461476,1000,245,0.0266866,5632.25,95.7002,0.000733333,1.16735,0,0,59,104,5,1,5,1,5,1,286,286,0,291,5,1,0.12069,0
91,340461476,1000,250,0.0311079,5703.98,112.015,0.000763333,1.172,0,0,62,103,5,1,5,1,5,1,293,293,0,298,5,1,0.12069,0
92,340461476,1000,258,0.0369544,5605.14,149.034,0.000799999,1.16667,0,0,60,107,5,1,5,1,5,1,301,301,0,306,5,1,0.12069,0
93,340461476,1000,262,0.0437945,5357.88,162.823,0.000833333,1.16794,0,0,78,114,5,1,5,1,5,1,306,306,0,311,5,1,0.12069,0
94,340461476,1000,264,0.0499256,5126.57,202.785,0.000859999,1.18182,0,0,76,120,5,1,5,1,5,1,312,312,0,317,5,1,0.12069,0
95,340461476,1000,266,0.0564641,4629.68,213.295,0.000876666,1.18421,0,0,84,128,5,1,5,1,5,1,315,315,0,320,5,1,0.12069,0
96,340461476,1000,268,0.0626445,5021.14,257.075,0.000906666,1.1903,0,0,94,139,5,1,5,1,5,1,319,319,0,324,5,1,0.12069,0
97,340461476,1000,270,0.0687601,4931.26,268.012,0.000929999,1.18889,0,0,94,148,5,1,5,1,5,1,321,321,0,326,5,1,0.12069,0
98,340461476,1000,272,0.0777303,6061.81,306.954,0.000953333,1.1875,0,0,105,156,5,1,5,1,5,1,323,323,0,328,5,1,0.12069,0
99,340461476,1000,277,0.0864321,6530.43,324.149,0.000979999,1.18773,0,0,97,153,5,1,5,1,5,1,329,329,0,334,5,1,0.12069,0
100,340461476,1000,278,0.0932466,7365.91,350.494,0.000993332,1.18705,0,0,103,159,5,1,5,1,5,1,330,330,0,335,5,1,0.12069,0
101,340461476,1000,279,0.0991528,8281.55,373.688,0.00100667,1.19355,0,0,98,163,5,1,5,1,5,1,333,333,0,338,5,1,0.12069,0
102,340461476,1000,287,0.103889,8402.77,393.072,0.00101667,1.20209,0,0,96,167,5,1,5,1,5,1,345,345,0,350,5,1,0.12069,0
103,340461476,1000,296,0.106439,8903.36,406.64,0.00103,1.21959,0,0,92,164,5,1,5,1,5,1,361,361,0,366,5,1,0.12069,0
104,340461476,1000,308,0.111702,8478.99,412.452,0.00103667,1.24026,0,0,92,159,5,1,5,1,5,1,382,382,0,387,5,1,0.12069,0
105,340461476,1000,339,0.116379,8283.56,412.752,0.00104333,1.25369,0,0,88,160,5,1,5,1,5,1,425,425,0,430,5,1,0.12069,0
106,340461476,1000,367,0.124903,8033.43,400.743,0.00106,1.26431,0,0,92,161,5,1,5,1,5,1,464,464,0,469,5,1,0.12069,0
107,340461476,1000,400,0.134695,7429.7,402.9,0.00106333,1.2925,0,0,93,162,5,1,5,1,5,1,517,517,0,522,5,1,0.12069,0
108,340461476,1000,440,0.144798,7312.59,396.06,0.00107333,1.36364,0,0,99,166,10,1,10,1,10,1,600,596,3,605,5,1,0.304981,0.209195
109,340461476,1000,490,0.15641,6418.98,418.222,0.00110667,1.42653,0,0,87,168,11,1,11,1,11,1,699,693,5,704,5,1,0.327273,0.234796
110,340461476,1000,538,0.168738,6714.72,439.391,0.00115333,1.49442,0,0,87,164,13,1,13,1,13,1,804,795,8,809,5,1,0.356322,0.267241
111,340461476,1000,595,0.177934,5729.73,473.467,0.00122,1.58655,0,0,77,153,24,1,24,1,24,1,944,928,13,949,5,1,0.315967,0.220827
112,340461476,1000,654,0.185995,5819.74,518.798,0.00135667,1.6896,0,0,75,145,26,1,26,1,26,1,1105,1085,16,1110,5,1,0.322069,0.227268
113,340461476,1000,709,0.191258,5219.01,552.066,0.00147667,1.84062,0,0,61,139,44,1,44,1,44,1,1305,1269,27,1310,5,1,0.323905,0.230371
114,340461476,1000,758,0.1986,4735.67,592.595,0.00163667,2.00132,25,1,60,133,52,1,52,1,52,1,1517,1469,36,1523,5,1,0.311853,0.216948
115,340461476,1000,808,0.204684,4487.56,611.698,0.00185267,2.17946,0,0,55,119,71,1,71,1,71,1,1761,1694,51,1767,5,1,0.305599,0.210033
116,340461476,1000,857,0.20854,3600.86,624.766,0.00210466,2.34189,0,0,55,108,86,1,86,1,86,1,2007,1923,63,2013,5,1,0.305458,0.209967
117,340461476,1000,890,0.211062,3607.69,630.118,0.002376,2.61685,0,0,51,103,106,1,106,1,106,1,2329,2222,78,2335,5,1,0.306286,0.211101
118,340461476,1000,919,0.213733,2926.72,620.426,0.00272533,2.91839,0,0,50,102,137,1,137,1,137,1,2682,2535,105,2688,5,1,0.303754,0.208087
119,340461476,1000,940,0.215337,2906.03,614.629,0.003114,3.26596,0,0,57,111,158,1,158,1,158,1,3070,2891,131,3076,5,1,0.30323,0.207592
120,340461476,1000,958,0.215391,2828.02,587.125,0.00356666,3.62839,0,0,79,122,190,1,190,1,190,1,3476,3252,163,3482,5,1,0.304903,0.209582
121,340461476,1000,973,0.21467,2895.88,579.572,0.00406333,4.04214,0,0,106,144,231,1,231,1,231,1,3933,3652,202,3939,5,1,0.302303,0.20673
122,340461476,1000,983,0.21246,3766.39,546.834,0.00462401,4.40997,0,0,150,190,245,1,245,1,245,1,4335,4028,225,4341,5,1,0.302224,0.206668
123,340461476,1000,988,0.209124,4945.98,530.232,0.00514269,4.85324,0,0,186,219,273,1,273,1,273,1,4795,4450,255,4801,5,1,0.303132,0.207675
124,340461476,1000,993,0.203877,7664.09,502.388,0.0057827,5.33736,0,0,229,271,316,1,316,1,316,1,5300,4893,303,5306,5,1,0.303697,0.208358
125,340461476,1000,994,0.195872,10320.5,472.784,0.00642204,5.8159,69,1,268,323,345,1,345,1,345,1,5781,5329,339,5788,5,1,0.303081,0.20751
126,340461476,1000,994,0.189253,15782.8,448.287,0.00711005,6.28873,0,0,330,385,375,1,375,1,375,1,6251,5741,381,6258,5,1,0.303563,0.208019
127,340461476,1000,996,0.177538,19453.4,407.604,0.00773805,6.79217,70.5,4,383,457,405,1,405,1,405,1,6765,6201,423,6776,5,1,0.302984,0.20731
128,340461476,1000,997,0.171102,26046.8,382.127,0.00841139,7.26078,70.6,5,445,531,443,1,443,1,443,1,7239,6623,465,7255,5,1,0.303843,0.20832
129,340461476,1000,1000,0.159814,31021.8,344.673,0.00906873,7.713,70,2,494,588,482,1,482,1,482,1,7713,7037,513,7731,5,1,0.304553,0.209115
130,340461476,1000,1000,0.151719,38086.3,318.867,0.0096314,8.136,72,2,559,654,507,1,507,1,507,1,8136,7416,548,8156,5,1,0.304643,0.20921
131,340461476,1000,1000,0.138845,42911.3,296.35,0.0102901,8.515,71.5,4,611,720,527,1,527,1,527,1,8515,7759,583,8539,5,1,0.304795,0.209388
132,340461476,1000,1000,0.137049,50862.1,278.619,0.0108627,8.871,71,3,680,783,551,1,551,1,551,1,8871,8081,613,8898,5,1,0.305138,0.209766
133,340461476,1000,1000,0.135902,55421.7,282.846,0.0113861,9.153,69,6,711,828,567,1,567,1,567,1,9153,8330,640,9186,5,1,0.305363,0.210068
134,340461476,1000,1000,0.144943,63106.4,303.738,0.0118787,9.387,71.6667,3,766,871,576,1,576,1,576,1,9387,8542,661,9423,5,1,0.304633,0.209234
135,340461476,1000,1000,0.160968,67505,374.055,0.012288,9.556,66.8,10,796,901,590,1,590,1,590,1,9556,8698,673,9602,5,1,0.304865,0.209499
136,340461476,1000,1000,0.185204,74095.7,468.559,0.0127014,9.684,73.3333,6,805,920,594,1,594,1,594,1,9684,8819,680,9736,5,1,0.304749,0.209356
137,340461476,1000,1000,0.217735,76888.5,655.847,0.013052,9.778,72.6,10,846,947,599,1,599,1,599,1,9778,8905,688,9840,5,1,0.305094,0.209757
138,340461476,1000,1000,0.258345,83110.2,850.695,0.0133474,9.844,71.1875,8,866,964,602,1,602,1,602,1,9844,8968,691,9914,5,1,0.305016,0.20967
139,340461476,1000,1000,0.302226,82632.8,1140.2,0.0135853,9.884,73,5,883,976,602,1,602,1,602,1,9884,9007,692,9959,5,1,0.305016,0.20967
140,340461476,1000,1000,0.357603,88513.2,1442.19,0.0138253,9.938,73,7,896,982,605,1,605,1,605,1,9938,9059,694,10020,5,1,0.305101,0.209759
141,340461476,1000,1000,0.41869,85234,1818.63,0.0139687,9.964,69,11,899,985,609,1,609,1,609,1,9964,9082,697,10057,5,1,0.304841,0.209457
142,340461476,1000,1000,0.480702,88585.9,2180.93,0.0140967,9.973,69,13,909,989,611,1,611,1,611,1,9973,9090,698,10079,5,1,0.304624,0.209218
143,340461476,1000,1000,0.540984,83913.8,2627.86,0.0141873,9.978,72.6667,6,896,992,611,1,611,1,611,1,9978,9095,698,10090,5,1,0.304624,0.209218
144,340461476,1000,1000,0.606016,84204.7,3031.76,0.0142527,9.984,72.2,5,917,995,611,1,611,1,611,1,9984,9101,698,10101,5,1,0.304624,0.209218
145,340461476,1000,1000,0.667234,80654.4,3506.97,0.014276,9.984,62.3846,13,888,995,611,1,611,1,611,1,9984,9100,699,10114,5,1,0.304624,0.209218
146,340461476,1000,1000,0.723989,78462.7,3934.94,0.0143193,9.983,61.6667,9,880,993,612,1,612,1,612,1,9983,9099,699,10122,5,1,0.304705,0.209317
147,340461476,1000,1000,0.772133,75539.2,4403.41,0.0143447,9.985,66.7639,9,868,990,612,1,612,1,612,1,9985,9101,699,10133,5,1,0.304705,0.209317
148,340461476,1000,1000,0.814546,71483.4,4792.92,0.0143613,9.986,61.3077,13,857,982,613,1,613,1,613,1,9986,9102,699,10147,5,1,0.30466,0.209275
149,340461476,1000,1000,0.851441,67515.1,5238.26,0.0143747,9.986,63.625,16,821,977,613,1,613,1,613,1,9986,9103,698,10163,5,1,0.30466,0.209275
150,340461476,1000,1000,0.878656,62229.6,5527.99,0.0143813,9.981,70.1765,17,791,966,613,1,613,1,613,1,9981,9098,698,10175,5,1,0.30466,0.209275
151,340461476,1000,1000,0.907015,57240.1,5911.99,0.014388,9.974,64.6,25,760,948,613,1,613,1,613,1,9974,9092,698,10193,5,1,0.30466,0.209275
152,340461476,1000,1000,0.924615,52168.4,6089.1,0.0143913,9.976,68.2222,18,705,927,615,1,615,1,615,1,9976,9095,697,10213,5,1,0.30452,0.209118
153,340461476,1000,1000,0.944156,46018.7,6341.63,0.0143973,9.982,57.4583,15,664,904,615,1,615,1,615,1,9982,9102,696,10234,5,1,0.30452,0.209118
154,340461476,1000,1000,0.955956,41821.5,6399.58,0.0144007,9.983,60.1429,14,599,879,615,1,615,1,615,1,9983,9103,696,10249,5,1,0.30452,0.209118
155,340461476,1000,1000,0.966977,34848.3,6483.81,0.0144107,9.99,55.9911,14,556,838,618,1,618,1,617,1,9990,9112,695,10270,5,1,0.30446,0.209064
156,340461476,1000,1000,0.972475,31208.2,6458.02,0.014414,9.987,55.3158,19,493,791,619,1,619,1,618,1,9987,9110,694,10286,5,1,0.304386,0.208973
157,340461476,1000,1000,0.977753,24117.3,6406.27,0.0144247,9.977,51.2772,23,442,730,621,1,621,1,620,1,9977,9103,692,10299,5,1,0.304265,0.208832
158,340461476,1000,1000,0.98177,21220,6311.26,0.014428,9.976,51.4964,35,394,670,627,1,627,1,624,1,9976,9106,689,10333,5,1,0.304169,0.208754
159,340461476,1000,1000,0.984322,15289.7,6159.03,0.0144473,9.979,49.345,25,324,612,628,1,628,1,625,1,9979,9109,689,10361,5,1,0.304123,0.208704
160,340461476,1000,1000,0.988869,13217.5,5975.28,0.0144673,9.98,46.4464,35,289,547,636,1,636,1,633,1,9980,9110,689,10397,5,1,0.304139,0.20872
161,340461476,1000,1000,0.988582,9232.79,5729.67,0.0144707,9.98,47.4444,36,220,478,643,1,643,1,640,1,9980,9113,686,10433,5,1,0.303786,0.20831
162,340461476,1000,1000,0.992217,7797.8,5451.66,0.0144773,9.985,40.7,35,201,421,651,1,651,1,647,1,9985,9124,681,10473,5,1,0.303501,0.207996
163,340461476,1000,1000,0.992869,5431.62,5145.64,0.0144807,9.991,42.6204,27,143,352,658,1,658,1,653,1,9991,9132,680,10506,5,1,0.303402,0.207861
164,340461476,1000,1000,0.993107,4465.07,4788.49,0.0144807,9.986,45.3333,45,119,294,666,1,666,1,660,1,9986,9132,678,10546,5,1,0.30334,0.207798
165,340461476,1000,1000,0.992574,3251.29,4450.99,0.01449,9.99,45.3412,37,78,234,677,1,677,1,670,1,9990,9142,672,10587,5,1,0.303174,0.20761
166,340461476,1000,1000,0.989827,2483.95,4043.86,0.0144933,9.995,42.4375,38,72,181,688,1,688,1,681,1,9995,9148,671,10630,5,1,0.302853,0.207236
167,340461476,1000,1000,0.989221,2056.28,3687.04,0.0145047,9.987,45.5957,47,50,143,702,1,702,1,695,1,9987,9144,668,10669,5,1,0.302657,0.207009
168,340461476,1000,1000,0.984504,1459.49,3254.95,0.0145213,9.988,49.88,50,40,114,728,1,728,1,721,1,9988,9144,670,10720,5,1,0.301987,0.206229
169,340461476,1000,1000,0.981268,1620.82,2896.32,0.014528,9.988,45.1321,53,39,98,749,1,749,1,740,1,9988,9149,665,10773,5,1,0.301821,0.206044
170,340461476,1000,1000,0.972545,1044.21,2486.46,0.014538,9.987,48.6174,66,33,75,775,1,775,1,766,1,9987,9143,669,10838,5,1,0.301428,0.205568
171,340461476,1000,1000,0.965271,1618.37,2154.17,0.014546,9.983,50.407,82,34,66,817,1,817,1,807,1,9983,9142,666,10916,5,1,0.301464,0.205605
172,340461476,1000,1000,0.952555,1081.3,1808.49,0.0145567,9.989,52.7586,102,21,58,868,1,868,1,856,1,9989,9153,664,11024,5,1,0.301058,0.20516
173,340461476,1000,1000,0.940834,1780.58,1530.09,0.014572,9.984,52.8929,91,27,47,914,1,914,1,900,1,9984,9154,660,11110,5,1,0.301062,0.205173
174,340461476,1000,1000,0.923463,1493.08,1263.8,0.0145813,9.981,54.7028,127,17,43,993,1,993,1,975,1,9981,9158,654,11234,5,1,0.301228,0.20537
175,340461476,1000,1000,0.903027,1654.77,1048.4,0.0145953,9.975,56.4549,122,23,40,1055,1,1055,1,1035,1,9975,9162,646,11350,5,1,0.30133,0.205475
176,340461476,1000,1000,0.876379,1641.88,858.138,0.0146073,9.968,58.9874,139,22,41,1139,1,1139,1,1116,1,9968,9156,647,11482,5,1,0.30149,0.205631
177,340461476,1000,1000,0.845326,1349.72,699.4,0.014626,9.97,59.4393,173,26,39,1239,1,1239,1,1214,1,9970,9157,648,11657,5,1,0.301389,0.205509
178,340461476,1000,1000,0.807287,1385.32,571.395,0.0146493,9.973,58.8974,184,26,45,1349,1,1349,1,1319,1,9973,9160,648,11844,5,1,0.302166,0.206362
179,340461476,1000,1000,0.766575,1228.38,459.87,0.0146833,9.963,60.9021,180,32,43,1455,1,1455,1,1420,1,9963,9156,646,12014,5,1,0.302047,0.206227
180,340461476,1000,1000,0.719898,1209.29,382.434,0.0147073,9.971,61.8058,213,28,47,1593,1,1593,1,1549,1,9971,9155,651,12235,5,1,0.302138,0.206329
181,340461476,1000,1000,0.674018,1442.71,306.526,0.0147546,9.955,61.687,230,29,46,1744,1,1744,1,1698,1,9955,9133,659,12449,5,1,0.301538,0.205621
182,340461476,1000,1000,0.62274,1420.59,267.068,0.014776,9.942,62.95,265,29,45,1890,1,1890,1,1832,1,9942,9112,670,12701,5,1,0.301008,0.205023
183,340461476,1000,1000,0.569626,1613.68,218.684,0.014814,9.938,63.1383,291,35,51,2064,1,2064,1,1993,1,9938,9093,686,12988,5,1,0.300846,0.204845
184,340461476,1000,1000,0.515096,1680.85,203.097,0.01485,9.933,63.5249,306,39,56,2257,1,2257,1,2172,1,9933,9072,704,13289,5,1,0.300669,0.204626
185,340461476,1000,1000,0.460367,1693.07,180.032,0.0148846,9.947,64.7169,276,36,59,2438,1,2438,1,2341,1,9947,9078,721,13579,5,1,0.300651,0.204621
186,340461476,1000,1000,0.406999,1741.92,168.89,0.014928,9.939,65.0615,323,44,60,2641,1,2641,1,2524,1,9939,9050,747,13894,5,1,0.300379,0.204312
187,340461476,1000,1000,0.355772,1901.61,160.299,0.01499,9.926,65.4843,287,47,64,2813,1,2813,1,2676,1,9926,9032,759,14168,5,1,0.300039,0.203918
188,340461476,1000,1000,0.308812,1810.99,146.341,0.0150506,9.924,65.8014,355,55,76,3018,1,3018,1,2859,1,9924,9009,785,14521,5,1,0.29974,0.203587
189,340461476,1000,1000,0.266802,2415.75,138.806,0.015134,9.925,65.9485,335,64,86,3213,1,3213,1,3031,1,9925,9001,799,14857,5,1,0.299828,0.20369
190,340461476,1000,1000,0.230416,2152.69,128.292,0.0152213,9.916,66.5388,319,68,95,3378,1,3378,1,3181,1,9916,8987,813,15167,5,1,0.29961,0.203442
191,340461476,1000,1000,0.198201,3210,119.704,0.0152993,9.939,66.7957,317,81,108,3568,1,3568,1,3355,1,9939,8990,829,15507,5,1,0.299512,0.203336
192,340461476,1000,1000,0.17262,2861.69,119.09,0.0153979,9.949,66.6613,303,82,122,3747,1,3747,1,3516,1,9949,8981,848,15820,5,1,0.299603,0.203439
193,340461476,1000,1000,0.149995,4212.61,116.202,0.0154573,9.931,67.6266,312,94,128,3909,1,3909,1,3660,1,9931,8961,857,16114,5,1,0.299293,0.203083
194,340461476,1000,1000,0.131124,3725.33,119.203,0.0155233,9.916,67.3784,329,93,138,4108,1,4108,1,3839,1,9916,8950,860,16428,5,1,0.299302,0.203105
195,340461476,1000,1000,0.117455,5133.93,122.395,0.0155799,9.916,67.1914,292,109,147,4266,1,4266,1,3972,1,9916,8944,869,16720,5,1,0.299167,0.202953
196,340461476,1000,1000,0.105642,4489.69,124.771,0.0156579,9.938,67.8475,264,112,155,4421,1,4421,1,4117,1,9938,8943,889,17006,5,1,0.299105,0.202888
197,340461476,1000,1000,0.0996978,5729.97,127.925,0.0157046,9.944,68.1839,246,133,172,4549,1,4549,1,4219,1,9944,8951,891,17258,5,1,0.299088,0.202865
198,340461476,1000,1000,0.0934997,5258.33,133.824,0.0157653,9.949,67.1981,200,150,194,4650,1,4650,1,4305,1,9949,8943,903,17463,5,1,0.298993,0.202758
199,340461476,1000,1000,0.0934207,6312.23,134.03,0.0158286,9.943,68.4865,231,172,226,4768,1,4768,1,4410,1,9943,8932,909,17688,5,1,0.299,0.202766
200,340461476,1000,1000,0.0910499,6336.87,149.994,0.0158939,9.953,67.4568,220,199,257,4880,1,4880,1,4502,1,9953,8944,909,17918,5,1,0.298959,0.202718
201,340461476,1000,1000,0.0958286,7516.84,150.398,0.0159453,9.943,67.2628,186,203,266,4964,1,4964,1,4570,1,9943,8935,911,18094,5,1,0.299006,0.20277
202,340461476,1000,1000,0.100448,8214.71,179.194,0.0160053,9.936,67.2266,171,220,289,5029,1,5029,1,4615,1,9936,8932,908,18258,5,1,0.298992,0.202752
203,340461476,1000,1000,0.108402,9622.36,184.217,0.0160546,9.952,66.8658,150,223,306,5097,1,5097,1,4669,1,9952,8947,908,18424,5,1,0.298993,0.202755
204,340461476,1000,1000,0.117618,10665.4,224.959,0.0160979,9.947,66.3416,142,228,320,5159,1,5159,1,4719,1,9947,8944,906,18561,5,1,0.29898,0.202738
205,340461476,1000,1000,0.12536,11344.7,234.653,0.0161159,9.939,65.7772,124,242,334,5209,1,5209,1,4754,1,9939,8936,906,18677,5,1,0.298964,0.20272
206,340461476,1000,1000,0.136403,12135.8,281.734,0.0161479,9.942,68.1698,134,237,343,5277,1,5277,1,4808,1,9942,8934,911,18814,5,1,0.298929,0.202681
207,340461476,1000,1000,0.144068,11891.4,292.246,0.0161733,9.959,62.3917,90,235,345,5326,1,5326,1,4843,1,9959,8951,911,18921,5,1,0.298942,0.202696
208,340461476,1000,1000,0.156214,12507.8,336.286,0.0161779,9.947,62.7178,97,250,356,5376,1,5376,1,4875,1,9947,8939,911,19006,5,1,0.298928,0.202678
209,340461476,1000,1000,0.165438,11373.5,349.652,0.0161933,9.944,60.2989,87,244,366,5406,1,5406,1,4887,1,9944,8937,912,19090,5,1,0.29896,0.202714
210,340461476,1000,1000,0.181403,12310.9,389.079,0.0162113,9.931,66.64,100,262,370,5439,1,5439,1,4901,1,9931,8927,908,19177,5,1,0.298976,0.202731
211,340461476,1000,1000,0.200251,10489.1,411.821,0.0162246,9.916,60.1886,114,248,369,5469,1,5469,1,4907,1,9916,8913,909,19276,5,1,0.298968,0.202724
212,340461476,1000,1000,0.224632,11789.7,456.288,0.0162333,9.902,61.1995,94,270,376,5495,1,5495,1,4908,1,9902,8903,905,19356,5,1,0.298983,0.202743
213,340461476,1000,1000,0.244925,9991.23,498.278,0.0162453,9.899,58.2833,105,244,369,5535,1,5535,1,4919,1,9899,8905,902,19458,5,1,0.299016,0.202779
214,340461476,1000,1000,0.263427,11217.8,560.726,0.0162566,9.9,59.6745,101,258,372,5576,1,5576,1,4928,1,9900,8900,908,19560,5,1,0.298998,0.202758
215,340461476,1000,1000,0.28486,9812.36,626.65,0.0162599,9.872,56.323,125,225,367,5610,1,5610,1,4923,1,9872,8880,900,19657,5,1,0.299001,0.202761
216,340461476,1000,1000,0.300285,10583.4,690.009,0.0162673,9.847,55.4927,120,223,356,5637,1,5637,1,4906,1,9847,8859,896,19752,5,1,0.299039,0.202803
217,340461476,1000,1000,0.323073,9366.73,756.502,0.0162753,9.814,55.3704,135,203,349,5660,1,5660,1,4883,1,9814,8843,881,19854,5,1,0.299059,0.202826
218,340461476,1000,1000,0.335758,9571.18,797.929,0.0162839,9.81,53.1644,111,193,329,5683,1,5683,1,4870,1,9810,8841,880,19961,5,1,0.299072,0.20284
219,340461476,1000,1000,0.353369,7928.58,849.413,0.0162866,9.781,58.3245,151,171,312,5708,1,5708,1,4835,1,9781,8821,872,20083,5,1,0.299067,0.202833
220,340461476,1000,1000,0.365298,7935.31,856.174,0.0162946,9.746,51.4133,150,161,289,5732,1,5732,1,4795,1,9746,8797,863,20198,5,1,0.299075,0.202842
221,340461476,1000,1000,0.380464,6178.32,894.047,0.0162986,9.739,54.2454,136,142,276,5745,1,5745,1,4760,1,9739,8800,857,20327,5,1,0.299041,0.202801
222,340461476,1000,1000,0.390223,5907.2,869.076,0.0163053,9.734,50.8206,131,135,259,5767,1,5767,1,4725,1,9734,8799,854,20453,5,1,0.299051,0.202814
223,340461476,1000,1000,0.404396,4482.73,896.128,0.0163173,9.731,53.6292,148,116,249,5788,1,5788,1,4680,1,9731,8808,843,20598,5,1,0.299046,0.202807
224,340461476,1000,1000,0.414158,4238.25,861.294,0.0163239,9.711,54.7153,155,113,218,5807,1,5807,1,4624,1,9711,8796,834,20733,5,1,0.299022,0.202784
225,340461476,1000,1000,0.424593,3255.06,877.063,0.0163319,9.701,55.3209,187,94,202,5831,1,5831,1,4569,1,9701,8791,830,20910,5,1,0.298978,0.202734
226,340461476,1000,1000,0.431802,3008.46,846.04,0.0163406,9.735,54.6963,163,92,189,5855,1,5855,1,4520,1,9735,8831,826,21107,5,1,0.298968,0.202721
227,340461476,1000,1000,0.43591,2438.96,851.135,0.0163519,9.715,53.8009,167,76,170,5873,1,5873,1,4457,1,9715,8826,813,21254,5,1,0.298939,0.202687
228,340461476,1000,1000,0.439994,2256.22,820.643,0.0163713,9.687,52.7551,195,67,145,5897,1,5897,1,4391,1,9687,8813,798,21421,5,1,0.2989,0.202645
229,340461476,1000,1000,0.441633,1902.06,812.686,0.0163786,9.708,55.4764,185,62,130,5926,1,5926,1,4333,1,9708,8846,787,21627,5,1,0.298835,0.20257
230,340461476,1000,1000,0.442779,1779.23,764.567,0.0163919,9.733,55.5419,179,55,117,5955,1,5955,1,4269,1,9733,8882,780,21831,5,1,0.298825,0.202557
231,340461476,1000,1000,0.438672,1540.73,739.863,0.0163973,9.731,55.1749,223,47,108,5995,1,5995,1,4218,1,9731,8896,765,22052,5,1,0.298778,0.202505
232,340461476,1000,1000,0.434182,1514.87,676.432,0.0164039,9.754,54.2227,197,43,93,6038,1,6038,1,4170,1,9754,8928,759,22272,5,1,0.298741,0.202463
233,340461476,1000,1000,0.425467,1310.84,632.747,0.0164206,9.775,55.5674,217,46,89,6074,1,6074,1,4093,1,9775,8964,747,22510,5,1,0.298714,0.20243
234,340461476,1000,1000,0.41755,1400.99,563.791,0.0164266,9.794,56.2783,221,51,86,6130,1,6130,1,4044,1,9794,8981,751,22750,5,1,0.298685,0.202399
235,340461476,1000,1000,0.405907,1238.16,513.248,0.0164399,9.81,55.9356,227,49,85,6178,1,6178,1,3963,1,9810,9006,741,22993,5,1,0.298681,0.202394
236,340461476,1000,1000,0.394022,1390.28,450.638,0.0164466,9.831,55.9916,223,49,78,6227,1,6227,1,3905,1,9831,9037,731,23237,5,1,0.298623,0.202329
237,340461476,1000,1000,0.380159,1426.49,401.911,0.0164659,9.868,54.2475,202,45,80,6278,1,6278,1,3842,1,9868,9088,718,23476,5,1,0.298602,0.202304
238,340461476,1000,1000,0.366262,1502.43,351.222,0.0164706,9.884,57.2146,180,51,86,6310,1,6310,1,3785,1,9884,9116,708,23672,5,1,0.298592,0.202293
239,340461476,1000,1000,0.350219,1671.46,310.824,0.0164826,9.871,57.9713,244,50,85,6361,1,6361,1,3710,1,9871,9124,689,23903,5,1,0.298594,0.202297
240,340461476,1000,1000,0.333619,1732.48,271.906,0.0164913,9.872,54.517,213,53,83,6413,1,6413,1,3648,1,9872,9144,676,24117,5,1,0.298605,0.20231
241,340461476,1000,1000,0.318277,1852.81,241.155,0.0164986,9.883,56.2645,242,51,82,6460,1,6460,1,3574,1,9883,9168,665,24370,5,1,0.298569,0.202269
242,340461476,1000,1000,0.303161,2114.34,212.043,0.0165066,9.9,58.5444,214,49,79,6516,1,6516,1,3535,1,9900,9197,656,24601,5,1,0.298554,0.202252
243,340461476,1000,1000,0.287593,1831.46,190.596,0.0165166,9.889,56.5703,231,47,85,6571,1,6571,1,3480,1,9889,9193,649,24821,5,1,0.298575,0.202275
244,340461476,1000,1000,0.271468,2275.68,168.987,0.0165273,9.879,58.5975,209,58,84,6622,1,6622,1,3425,1,9879,9204,629,25020,5,1,0.298571,0.202271
245,340461476,1000,1000,0.254072,1807.12,156.02,0.0165419,9.879,56.8142,218,48,84,6676,1,6676,1,3372,1,9879,9220,615,25238,5,1,0.298598,0.202303
246,340461476,1000,1000,0.239722,2053.59,140.993,0.0165526,9.881,58.0131,229,58,94,6733,1,6733,1,3318,1,9881,9226,610,25469,5,1,0.29859,0.202293
247,340461476,1000,1000,0.226172,1949.84,134.033,0.0165553,9.903,58.1316,209,58,96,6795,1,6795,1,3293,1,9903,9262,599,25700,5,1,0.298639,0.202349
248,340461476,1000,1000,0.213066,1751.82,128.522,0.0165613,9.91,60.6823,192,57,93,6839,1,6839,1,3258,1,9910,9268,601,25899,5,1,0.298639,0.20235
249,340461476,1000,1000,0.202175,2249.87,125.713,0.0165699,9.899,60.4157,227,53,95,6902,1,6902,1,3226,1,9899,9264,592,26115,5,1,0.298629,0.202344
250,340461476,1000,1000,0.191091,1627.33,127.494,0.0165753,9.888,59.2347,220,49,93,6965,1,6965,1,3193,1,9888,9247,598,26324,5,1,0.298599,0.202307
251,340461476,1000,1000,0.182159,2432.8,129.104,0.0165786,9.909,57.7335,227,52,93,7022,1,7022,1,3162,1,9909,9274,596,26572,5,1,0.298617,0.202332
252,340461476,1000,1000,0.173016,1552.13,133.066,0.0165793,9.92,60.8905,218,50,90,7078,1,7078,1,3135,1,9920,9297,584,26801,5,1,0.298617,0.202335
253,340461476,1000,1000,0.164092,2316.84,142.364,0.0165853,9.921,61.727,196,57,91,7124,1,7124,1,3107,1,9921,9299,582,26998,5,1,0.298641,0.202362
254,340461476,1000,1000,0.15531,1503.65,140.476,0.0165926,9.911,60.5927,182,44,87,7162,1,7162,1,3074,1,9911,9290,580,27170,5,1,0.298661,0.202385
255,340461476,1000,1000,0.147636,2042.47,153.292,0.0165946,9.9,60.6998,214,62,85,7216,1,7216,1,3046,1,9900,9280,582,27373,5,1,0.298659,0.202386
256,340461476,1000,1000,0.140638,1515.74,148.257,0.0165973,9.899,60.2292,198,47,85,7263,1,7263,1,3022,1,9899,9276,585,27570,5,1,0.298688,0.202419
257,340461476,1000,1000,0.135138,1932.94,153.687,0.0165979,9.893,58.7071,195,59,85,7305,1,7305,1,2985,1,9893,9271,585,27759,5,1,0.29869,0.202421
258,340461476,1000,1000,0.132728,1583.25,153.695,0.0165999,9.896,59.2654,179,44,87,7343,1,7343,1,2959,1,9896,9278,581,27941,5,1,0.298705,0.202436
259,340461476,1000,1000,0.130347,1867.75,148.381,0.0166019,9.907,55.395,181,55,89,7378,1,7378,1,2926,1,9907,9293,578,28133,5,1,0.298714,0.202447
260,340461476,1000,1000,0.131634,1629.28,158.852,0.0166026,9.922,59.2688,173,48,88,7419,1,7419,1,2914,1,9922,9305,582,28321,5,1,0.298732,0.20247
261,340461476,1000,1000,0.130646,1667.45,146.913,0.0166059,9.913,56.8229,156,48,84,7449,1,7449,1,2893,1,9913,9303,575,28468,5,1,0.298751,0.202491
262,340461476,1000,1000,0.129471,1597.07,163.376,0.0166079,9.899,59.8651,151,40,81,7483,1,7483,1,2874,1,9899,9290,575,28605,5,1,0.298771,0.202516
263,340461476,1000,1000,0.128084,1462.57,148.203,0.0166126,9.908,56.3227,160,40,78,7511,1,7511,1,2854,1,9908,9297,579,28774,5,1,0.29879,0.202538
264,340461476,1000,1000,0.129208,1407.06,162.184,0.0166173,9.907,56.9096,141,38,73,7546,1,7546,1,2836,1,9907,9295,580,28914,5,1,0.298823,0.202575
265,340461476,1000,1000,0.127808,1223.13,147.275,0.0166226,9.903,57.133,156,40,68,7581,1,7581,1,2815,1,9903,9295,577,29066,5,1,0.298839,0.202593
266,340461476,1000,1000,0.129763,1126.1,154.809,0.0166233,9.904,56.7654,154,38,65,7608,1,7608,1,2798,1,9904,9302,572,29221,5,1,0.298832,0.202585
267,340461476,1000,1000,0.127848,1039.02,143.326,0.0166233,9.885,56.381,146,33,61,7627,1,7627,1,2766,1,9885,9296,559,29348,5,1,0.29885,0.202606
268,340461476,1000,1000,0.128241,941.023,148.222,0.0166233,9.879,56.1661,161,28,53,7650,1,7650,1,2747,1,9879,9294,555,29503,5,1,0.298858,0.202614
269,340461476,1000,1000,0.12856,856.245,140.495,0.0166239,9.882,55.4438,138,24,50,7673,1,7673,1,2735,1,9882,9296,556,29644,5,1,0.298881,0.202639
270,340461476,1000,1000,0.127615,765.861,144.23,0.0166253,9.871,54.6356,141,30,50,7691,1,7691,1,2713,1,9871,9292,551,29774,5,1,0.298892,0.202653
271,340461476,1000,1000,0.127581,619.386,139.45,0.0166253,9.881,51.457,125,22,45,7710,1,7710,1,2700,1,9881,9306,547,29909,5,1,0.298907,0.20267
272,340461476,1000,1000,0.12676,545.089,138.324,0.0166266,9.878,50.8696,140,25,43,7734,1,7734,1,2692,1,9878,9306,543,30046,5,1,0.298914,0.202677
273,340461476,1000,1000,0.126822,443.593,135.794,0.0166279,9.858,50.8179,127,21,43,7743,1,7743,1,2669,1,9858,9299,534,30153,5,1,0.298923,0.202686
274,340461476,1000,1000,0.12392,383.428,130.813,0.0166293,9.852,50.2327,137,24,42,7753,1,7753,1,2648,1,9852,9294,533,30284,5,1,0.298922,0.202685
275,340461476,1000,1000,0.122207,453.163,126.85,0.0166326,9.862,50.0032,118,25,40,7776,1,7776,1,2649,1,9862,9311,526,30412,5,1,0.298935,0.202701
276,340461476,1000,1000,0.118769,384.205,119.618,0.0166339,9.833,52.6778,142,20,36,7790,1,7790,1,2633,1,9833,9285,523,30525,5,1,0.298938,0.202705
277,340461476,1000,1000,0.117007,562.982,112.614,0.0166353,9.833,48.869,126,17,36,7813,1,7813,1,2627,1,9833,9292,516,30651,5,1,0.298955,0.202724
278,340461476,1000,1000,0.114633,515.357,105.598,0.0166379,9.814,52.5665,139,10,29,7827,1,7827,1,2606,1,9814,9276,514,30771,5,1,0.298956,0.202725
279,340461476,1000,1000,0.112326,659.483,98.1481,0.0166393,9.804,52.6077,152,14,25,7837,1,7837,1,2580,1,9804,9272,508,30913,5,1,0.298969,0.202741
280,340461476,1000,1000,0.105728,511.508,91.0418,0.0166393,9.789,50.4736,161,9,24,7862,1,7862,1,2582,1,9789,9257,508,31059,5,1,0.299,0.202776
281,340461476,1000,1000,0.103033,556.271,84.0696,0.0166393,9.779,50.9912,156,17,24,7882,1,7882,1,2575,1,9779,9249,507,31205,5,1,0.299022,0.202802
282,340461476,1000,1000,0.0952154,403.653,75.6117,0.0166399,9.769,50.4601,163,10,22,7901,1,7901,1,2554,1,9769,9240,506,31358,5,1,0.299023,0.202806
283,340461476,1000,1000,0.094507,364.363,68.213,0.0166399,9.77,50.7192,142,13,22,7913,1,7913,1,2537,1,9770,9245,503,31501,5,1,0.29903,0.202813
284,340461476,1000,1000,0.0879081,300.456,60.2433,0.0166399,9.724,53.1841,186,11,24,7934,1,7934,1,2513,1,9724,9206,497,31641,5,1,0.299052,0.202839
285,340461476,1000,1000,0.0876734,224.751,52.8602,0.0166399,9.739,53.3253,146,9,18,7953,1,7953,1,2495,1,9739,9227,492,31802,5,1,0.299067,0.202856
286,340461476,1000,1000,0.0838216,241.402,49.2156,0.0166399,9.725,53.8223,159,12,19,7965,1,7965,1,2470,1,9725,9215,490,31947,5,1,0.299077,0.202868
287,340461476,1000,1000,0.0812151,180.937,43.8144,0.0166446,9.68,53.6631,177,10,17,7985,1,7985,1,2438,1,9680,9185,475,32079,5,1,0.299099,0.202894
288,340461476,1000,1000,0.0781061,232.684,44.5843,0.0166446,9.705,53.0491,173,12,19,8013,1,8013,1,2426,1,9705,9211,474,32277,5,1,0.299123,0.202919
289,340461476,1000,1000,0.0739797,216.624,42.7934,0.0166446,9.706,53.259,153,8,17,8033,1,8033,1,2406,1,9706,9214,472,32431,5,1,0.299153,0.202955
290,340461476,1000,1000,0.0706848,259.681,45.948,0.0166453,9.673,55.1687,203,9,16,8052,1,8052,1,2376,1,9673,9192,461,32601,5,1,0.299167,0.202971
291,340461476,1000,1000,0.0662123,250.229,43.8985,0.0166453,9.684,54.4223,177,7,14,8077,1,8077,1,2363,1,9684,9205,459,32789,5,1,0.299216,0.203026
292,340461476,1000,1000,0.063068,270.278,44.7769,0.0166459,9.665,53.6797,208,8,13,8097,1,8097,1,2341,1,9665,9192,454,32978,5,1,0.299221,0.203034
293,340461476,1000,1000,0.0593533,234.048,41.3783,0.0166473,9.674,54.7373,167,6,12,8124,1,8124,1,2330,1,9674,9198,458,33154,5,1,0.29924,0.203056
294,340461476,1000,1000,0.0560871,243.284,38.7087,0.0166473,9.648,54.9499,192,6,11,8142,1,8142,1,2303,1,9648,9177,452,33320,5,1,0.299246,0.203062
295,340461476,1000,1000,0.0520589,185.31,35.2304,0.0166486,9.645,55.8279,207,6,11,8177,1,8177,1,2292,1,9645,9178,448,33524,5,1,0.299251,0.203071
296,340461476,1000,1000,0.0484821,183.72,30.8509,0.0166499,9.624,56.324,191,6,11,8199,1,8199,1,2263,1,9624,9163,442,33694,5,1,0.299267,0.203088
297,340461476,1000,1000,0.045224,146.41,28.3904,0.0166499,9.618,56.4585,193,6,12,8229,1,8229,1,2248,1,9618,9154,441,33881,5,1,0.299302,0.203127
298,340461476,1000,1000,0.0430434,135.346,24.6416,0.0166499,9.591,55.9722,207,6,11,8247,1,8247,1,2214,1,9591,9127,442,34061,5,1,0.299292,0.203116
299,340461476,1000,1000,0.0405297,164.767,23.3415,0.0166499,9.579,56.3172,214,5,11,8280,1,8280,1,2196,1,9579,9120,438,34263,5,1,0.299333,0.203163
300,340461476,1000,1000,0.0388902,111.048,21.5639,0.0166499,9.58,56.3654,196,5,9,8303,1,8303,1,2172,1,9580,9124,436,34460,5,1,0.299357,0.203193
301,340461476,1000,1000,0.0365692,233.247,21.4715,0.0166499,9.561,56.1281,199,5,9,8333,1,8333,1,2149,1,9561,9105,435,34640,5,1,0.299367,0.203205
302,340461476,1000,1000,0.0347071,104.788,20.9847,0.0166513,9.544,57.6159,207,4,10,8368,1,8368,1,2125,1,9544,9087,436,34830,5,1,0.29939,0.20323
303,340461476,1000,1000,0.032862,235.187,21.2479,0.0166526,9.535,57.4935,191,4,8,8389,1,8389,1,2101,1,9535,9073,439,35012,5,1,0.299392,0.203232
304,340461476,1000,1000,0.0308812,99.7591,20.4552,0.0166539,9.515,56.9921,189,3,7,8418,1,8418,1,2091,1,9515,9053,438,35181,5,1,0.299412,0.203255
305,340461476,1000,1000,0.0285569,180.822,20.4496,0.0166546,9.476,57.717,212,5,8,8446,1,8446,1,2062,1,9476,9015,435,35354,5,1,0.299434,0.203281
306,340461476,1000,1000,0.0267674,91.342,18.9525,0.0166546,9.435,57.3953,234,3,7,8476,1,8476,1,2023,1,9435,8969,438,35547,5,1,0.299478,0.203332
307,340461476,1000,1000,0.025036,140.637,18.1218,0.0166553,9.387,57.7998,231,6,7,8501,1,8501,1,1979,1,9387,8928,431,35730,5,1,0.2995,0.203357
308,340461476,1000,1000,0.0237142,101.934,16.4789,0.0166553,9.392,57.4228,209,3,6,8538,1,8538,1,1955,1,9392,8926,437,35944,5,1,0.299547,0.203412
309,340461476,1000,1000,0.0227534,134.687,15.103,0.0166559,9.375,57.2134,191,4,6,8566,1,8566,1,1938,1,9375,8907,438,36118,5,1,0.299555,0.203422
310,340461476,1000,1000,0.0218024,117.401,14.8114,0.0166559,9.37,58.6384,186,2,6,8601,1,8601,1,1928,1,9370,8893,446,36299,5,1,0.299581,0.203452
311,340461476,1000,1000,0.0203473,124.323,12.8363,0.0166559,9.334,57.6042,192,2,6,8628,1,8628,1,1909,1,9334,8854,449,36455,5,1,0.299638,0.203517
312,340461476,1000,1000,0.0191567,95.4798,14.9431,0.0166559,9.306,57.9487,195,2,7,8658,1,8658,1,1885,1,9306,8821,454,36622,5,1,0.299657,0.20354
313,340461476,1000,1000,0.0179233,87.643,12.4518,0.0166559,9.292,56.823,197,4,6,8692,1,8692,1,1866,1,9292,8802,453,36805,5,1,0.29967,0.203554
314,340461476,1000,1000,0.0173122,75.0661,14.8709,0.0166559,9.267,59.7869,176,5,7,8719,1,8719,1,1853,1,9267,8777,449,36956,5,1,0.299691,0.203581
315,340461476,1000,1000,0.0165924,55.851,12.4727,0.0166559,9.233,57.8075,176,4,6,8741,1,8741,1,1829,1,9233,8737,454,37098,5,1,0.299703,0.203597
316,340461476,1000,1000,0.0158457,107.828,13.5758,0.0166559,9.213,57.1511,182,6,7,8767,1,8767,1,1804,1,9213,8709,457,37260,5,1,0.299737,0.203634
317,340461476,1000,1000,0.015224,52.7252,11.5771,0.0166559,9.196,58.824,157,3,8,8788,1,8788,1,1793,1,9196,8690,458,37400,5,1,0.299765,0.203666
318,340461476,1000,1000,0.0150517,161.567,11.8474,0.0166559,9.154,58.9986,180,7,8,8818,1,8818,1,1778,1,9154,8632,472,37538,5,1,0.299775,0.20368
319,340461476,1000,1000,0.0147547,61.7499,10.6619,0.0166559,9.126,57.4628,168,2,9,8840,1,8840,1,1763,1,9126,8600,473,37678,5,1,0.299804,0.203714
320,340461476,1000,1000,0.0140401,150.538,10.7915,0.0166559,9.088,59.432,182,6,9,8864,1,8864,1,1752,1,9088,8552,482,37822,5,1,0.299815,0.203725
321,340461476,1000,1000,0.0131877,83.4902,10.2999,0.0166559,9.049,58.4154,164,2,7,8886,1,8886,1,1731,1,9049,8509,483,37947,5,1,0.299812,0.203724
322,340461476,1000,1000,0.012314,107.071,10.3355,0.0166559,9.038,56.0466,134,4,7,8901,1,8901,1,1714,1,9038,8491,489,38070,5,1,0.299843,0.20376
323,340461476,1000,1000,0.0115338,103.428,9.62152,0.0166573,8.99,58.6506,166,2,6,8914,1,8914,1,1690,1,8990,8440,489,38188,5,1,0.29987,0.203791
324,340461476,1000,1000,0.0109021,62.0072,9.07135,0.0166573,8.957,57.4136,165,3,6,8934,1,8934,1,1674,1,8957,8402,493,38320,5,1,0.299902,0.203826
325,340461476,1000,1000,0.0108381,85.9346,8.33767,0.0166573,8.926,58.3073,155,2,5,8953,1,8953,1,1650,1,8926,8363,500,38444,5,1,0.299928,0.203857
326,340461476,1000,1000,0.0114318,30.8477,7.25999,0.0166573,8.877,59.1902,161,2,5,8974,1,8974,1,1629,1,8877,8309,504,38556,5,1,0.299962,0.203898
327,340461476,1000,1000,0.011818,51.8407,7.83641,0.0166573,8.836,58.6879,151,2,5,8982,1,8982,1,1603,1,8836,8268,505,38666,5,1,0.299985,0.203924
328,340461476,1000,1000,0.0124315,13.4616,6.39426,0.0166573,8.78,56.5741,145,0,2,8993,1,8993,1,1581,1,8780,8212,506,38755,5,1,0.299999,0.203942
329,340461476,1000,1000,0.0121465,23.5343,8.58715,0.0166573,8.73,54.7919,152,2,2,9004,1,9004,1,1556,1,8730,8158,508,38857,5,1,0.300021,0.203969
330,340461476,1000,1000,0.0122387,5.58405,7.00497,0.0166573,8.653,57.1234,157,0,2,9014,1,9014,1,1533,1,8653,8084,505,38937,5,1,0.300052,0.204004
331,340461476,1000,1000,0.0123064,8.72883,8.78848,0.0166573,8.622,56.7361,126,0,2,9028,1,9028,1,1523,1,8622,8048,510,39032,5,1,0.300081,0.204037
332,340461476,1000,1000,0.0123785,2.88885,7.88784,0.0166573,8.58,56.0149,143,1,2,9040,1,9040,1,1508,1,8580,8001,514,39133,5,1,0.300118,0.20408
333,340461476,1000,1000,0.0120915,9.75075,8.19359,0.0166573,8.532,57.375,141,1,1,9049,1,9049,1,1488,1,8532,7953,514,39226,5,1,0.300152,0.20412
334,340461476,1000,1000,0.0116522,4.92323,8.30717,0.0166573,8.447,57.227,163,1,1,9059,1,9059,1,1469,1,8447,7874,509,39304,5,1,0.300182,0.204154
335,340461476,1000,1000,0.0110869,23.9607,7.31496,0.0166573,8.403,55.3675,134,1,1,9063,1,9063,1,1451,1,8403,7833,507,39394,5,1,0.300184,0.204158
336,340461476,1000,1000,0.0106273,10.3097,7.49443,0.0166573,8.341,55.6039,148,0,1,9070,1,9070,1,1428,1,8341,7771,506,39480,5,1,0.300191,0.204167
337,340461476,1000,1000,0.0101479,36.8638,6.04846,0.0166573,8.3,55.4437,120,1,1,9077,1,9077,1,1415,1,8300,7728,506,39559,5,1,0.300218,0.204199
338,340461476,1000,1000,0.00967766,10.4361,5.82763,0.0166573,8.227,54.7123,156,0,1,9079,1,9079,1,1392,1,8227,7660,502,39642,5,1,0.300227,0.204208
339,340461476,1000,1000,0.00925821,23.5349,4.5383,0.0166573,8.177,54.3278,135,1,1,9087,1,9087,1,1372,1,8177,7602,507,39727,5,1,0.300255,0.204241
340,340461476,1000,1000,0.00879101,6.07115,4.01878,0.0166573,8.092,57.3668,152,0,1,9096,1,9096,1,1346,1,8092,7521,502,39794,5,1,0.300287,0.204279
341,340461476,1000,1000,0.00841229,9.65199,3.09211,0.0166573,7.992,57.8836,159,0,1,9101,1,9101,1,1317,1,7992,7424,500,39853,5,1,0.300302,0.204295
342,340461476,1000,1000,0.00796933,2.74745,2.55397,0.0166573,7.933,55.167,140,0,0,9104,1,9104,1,1285,1,7933,7371,493,39934,5,1,0.30031,0.204304
343,340461476,1000,1000,0.00764532,3.59923,1.96149,0.0166573,7.865,55.5643,140,0,0,9109,1,9109,1,1266,1,7865,7303,492,40006,5,1,0.300323,0.20432
344,340461476,1000,1000,0.00775252,1.50099,1.69574,0.0166573,7.78,57.1205,139,0,0,9110,1,9110,1,1244,1,7780,7225,485,40060,5,1,0.300327,0.204325
345,340461476,1000,1000,0.00735823,2.04086,1.30524,0.0166573,7.701,55.4009,140,0,0,9112,1,9112,1,1234,1,7701,7151,480,40121,5,1,0.300334,0.204332
346,340461476,1000,1000,0.00704579,1.08513,1.52195,0.0166573,7.625,55.9957,145,0,0,9117,1,9117,1,1209,1,7625,7082,472,40190,5,1,0.300361,0.204362
347,340461476,1000,1000,0.00660643,1.58214,1.17448,0.0166573,7.521,56.8377,164,0,0,9123,1,9123,1,1199,1,7521,6982,468,40250,5,1,0.300359,0.204361
348,340461476,1000,1000,0.00614924,0.962108,1.7596,0.0166573,7.43,56.1847,159,0,0,9123,1,9123,1,1176,1,7430,6894,466,40318,5,1,0.300359,0.204361
349,340461476,1000,1000,0.00571312,1.33906,1.35701,0.0166573,7.353,54.6705,143,0,0,9128,1,9128,1,1158,1,7353,6823,461,40384,5,1,0.300382,0.204387
350,340461476,1000,1000,0.005277,1.02283,1.59583,0.0166573,7.279,55.614,136,0,0,9132,1,9132,1,1133,1,7279,6753,458,40446,5,1,0.300375,0.20438
351,340461476,1000,1000,0.00486396,1.20117,1.23412,0.0166573,7.187,57.402,162,0,0,9136,1,9136,1,1113,1,7187,6659,460,40516,5,1,0.300384,0.20439
352,340461476,1000,1000,0.00450723,1.26986,1.16905,0.0166579,7.105,55.4292,143,0,0,9142,1,9142,1,1097,1,7105,6586,455,40577,5,1,0.300384,0.204391
353,340461476,1000,1000,0.00414073,1.11424,0.909688,0.0166579,6.986,57.6614,175,0,0,9148,1,9148,1,1073,1,6986,6471,450,40633,5,1,0.300365,0.204368
354,340461476,1000,1000,0.00393078,1.44853,0.773111,0.0166579,6.897,57.1306,157,0,0,9151,1,9151,1,1053,1,6897,6387,443,40701,5,1,0.300379,0.204385
355,340461476,1000,1000,0.00358366,1.02998,0.60583,0.0166579,6.803,59.3046,158,0,0,9155,1,9155,1,1024,1,6803,6306,431,40765,5,1,0.300393,0.204401
356,340461476,1000,1000,0.00351544,1.50145,0.504483,0.0166579,6.696,57.4813,154,0,0,9155,1,9155,1,1002,1,6696,6209,422,40812,5,1,0.300393,0.204401
357,340461476,1000,1000,0.00315163,0.976224,0.397167,0.0166579,6.588,56.5854,164,0,0,9155,1,9155,1,974,1,6588,6124,401,40868,5,1,0.300393,0.204401
358,340461476,1000,999,0.00310378,1.42734,0.335139,0.0166579,6.5015,58.7387,144,0,0,9157,1,9157,1,953,1,6495,6043,391,40919,5,1,0.300403,0.204413
359,340461476,1000,999,0.00277133,0.968794,0.268777,0.0166579,6.3954,58.1449,151,0,0,9159,1,9159,1,926,1,6389,5956,376,40964,5,1,0.300403,0.204414
360,340461476,1000,999,0.002686,1.66287,0.232122,0.0166579,6.29229,57.903,152,0,0,9160,1,9160,1,906,1,6286,5862,367,41013,5,1,0.300409,0.20442
361,340461476,1000,999,0.00240085,1.40989,0.193613,0.0166579,6.17718,60.0166,166,0,0,9162,1,9162,1,881,1,6171,5756,360,41064,5,1,0.300399,0.204409
362,340461476,1000,999,0.00227969,6.49483,0.170517,0.0166579,6.06106,61.6137,155,1,1,9164,1,9164,1,857,1,6055,5652,349,41103,5,1,0.300395,0.204405
363,340461476,1000,998,0.00210713,3.98649,0.153994,0.0166579,5.95391,59.568,158,1,1,9164,1,9164,1,828,1,5942,5557,332,41148,5,1,0.300395,0.204405
364,340461476,1000,998,0.00197465,23.2131,0.136608,0.0166579,5.85571,59.394,145,1,1,9170,1,9170,1,807,1,5844,5463,328,41195,5,1,0.300387,0.204396
365,340461476,1000,999,0.00188868,10.174,0.133257,0.0166579,5.73273,58.8624,159,0,1,9177,1,9177,1,788,1,5727,5357,316,41237,5,1,0.300374,0.204381
366,340461476,1000,1000,0.00174435,39.5284,0.117994,0.0166579,5.632,59.556,145,1,1,9180,1,9180,1,771,1,5632,5272,308,41287,5,1,0.300365,0.204372
367,340461476,1000,999,0.00171728,11.2772,0.121335,0.0166579,5.5045,60.0114,175,0,1,9187,1,9187,1,745,1,5499,5144,305,41329,5,1,0.300357,0.204362
368,340461476,1000,998,0.00155835,32.2426,0.106083,0.0166579,5.39479,60.84,150,1,1,9190,1,9190,1,720,1,5384,5037,296,41364,5,1,0.300349,0.204354
369,340461476,1000,997,0.00156994,8.33292,0.111047,0.0166579,5.27182,61.5122,164,0,1,9193,1,9193,1,691,1,5256,4921,284,41400,5,1,0.300345,0.20435
370,340461476,1000,997,0.00145953,18.7957,0.0996463,0.0166579,5.16048,61.4118,146,1,1,9197,1,9197,1,673,1,5145,4817,277,41435,5,1,0.300335,0.204339
371,340461476,1000,995,0.00149284,5.13221,0.110116,0.0166579,5.05628,61.4846,146,0,1,9200,1,9200,1,652,1,5031,4711,270,41467,5,1,0.300333,0.204335
372,340461476,1000,995,0.00140436,9.1722,0.0977651,0.0166586,4.94472,61.6157,148,1,1,9203,1,9203,1,638,1,4920,4603,266,41504,5,1,0.300329,0.204333
373,340461476,1000,995,0.00165244,3.54908,0.210569,0.0166586,4.84824,61.7636,129,0,1,9207,1,9207,1,623,1,4824,4513,260,41537,5,1,0.300323,0.204326
374,340461476,1000,994,0.00199662,5.27366,0.180837,0.0166586,4.75151,62.6638,129,0,0,9210,1,9210,1,601,1,4723,4415,259,41565,5,1,0.300318,0.204322
375,340461476,1000,993,0.00243177,3.01561,0.651102,0.0166586,4.65861,62.1004,127,0,0,9216,1,9213,1,587,1,4626,4319,256,41590,5,1,0.300306,0.204309
376,340461476,1000,991,0.00249651,4.09008,0.516415,0.0166586,4.57316,62.4773,121,0,0,9224,1,9224,1,570,1,4532,4233,247,41617,5,1,0.300296,0.204298
377,340461476,1000,989,0.00265253,2.78497,1.32423,0.0166586,4.48736,61.5646,118,0,0,9232,1,9232,1,559,1,4438,4144,241,41641,5,1,0.300289,0.20429
378,340461476,1000,988,0.00266757,3.77955,1.02961,0.0166586,4.3998,60.1674,118,0,0,9237,1,9237,1,547,1,4347,4057,239,41668,5,1,0.300283,0.204284
379,340461476,1000,987,0.00293411,2.8536,1.55883,0.0166586,4.29686,63.3947,127,0,0,9241,1,9241,1,532,1,4241,3962,230,41689,5,1,0.30028,0.204279
380,340461476,1000,982,0.00298208,4.01268,1.21414,0.0166586,4.23931,62.1583,105,0,0,9248,1,9248,1,530,1,4163,3884,230,41716,5,1,0.300278,0.204278
381,340461476,1000,980,0.00334207,3.33041,1.37861,0.0166586,4.15102,63.7614,121,0,0,9251,1,9251,1,514,1,4068,3794,223,41742,5,1,0.300274,0.204274
382,340461476,1000,978,0.00339549,5.77325,1.08425,0.0166586,4.05521,65.125,115,1,1,9253,1,9253,1,492,1,3966,3702,215,41755,5,1,0.300272,0.204273
383,340461476,1000,973,0.00376107,4.83722,1.03981,0.0166599,3.98356,64.5201,112,1,1,9259,1,9259,1,478,1,3876,3616,209,41777,5,1,0.300272,0.204273
384,340461476,1000,969,0.00379496,16.0275,0.833074,0.0166599,3.90918,62.555,116,1,1,9269,1,9269,1,469,1,3788,3526,207,41805,5,1,0.300254,0.204254
385,340461476,1000,967,0.00413203,9.03387,0.749407,0.0166599,3.8242,61.9816,102,0,1,9271,1,9271,1,456,1,3698,3446,199,41817,5,1,0.300252,0.204252
386,340461476,1000,965,0.00411208,40.3352,0.615362,0.0166599,3.74093,64.7985,103,1,1,9278,1,9278,1,448,1,3610,3363,193,41832,5,1,0.300252,0.204256
387,340461476,1000,965,0.00442365,14.4323,0.553803,0.0166599,3.63834,64.9978,112,0,1,9281,1,9281,1,433,1,3511,3266,190,41845,5,1,0.300234,0.204234
388,340461476,1000,961,0.00430567,49.2383,0.466084,0.0166599,3.55255,64.0852,113,1,1,9285,1,9285,1,416,1,3414,3172,184,41861,5,1,0.300232,0.204233
389,340461476,1000,956,0.00455506,13.4834,0.432523,0.0166599,3.48849,63.794,91,0,1,9289,1,9289,1,409,1,3335,3092,180,41873,5,1,0.300233,0.204233
390,340461476,1000,953,0.00438545,37.9695,0.375771,0.0166599,3.41763,64.6365,87,1,1,9289,1,9289,1,398,1,3257,3022,174,41882,5,1,0.300233,0.204233
391,340461476,1000,950,0.004599,9.8467,0.367726,0.0166599,3.34,64.926,98,0,1,9289,1,9289,1,389,1,3173,2942,169,41896,5,1,0.300233,0.204233
392,340461476,1000,949,0.00447216,20.8068,0.334666,0.0166599,3.26238,66.898,87,1,1,9290,1,9290,1,377,1,3096,2864,170,41906,5,1,0.300232,0.204233
393,340461476,1000,943,0.00468823,13.2077,0.371301,0.0166599,3.20785,65.2988,82,1,1,9290,1,9290,1,367,1,3025,2799,166,41917,5,1,0.300232,0.204233
394,340461476,1000,938,0.00458603,11.9721,0.343132,0.0166599,3.15245,67.0766,80,1,1,9293,1,9293,1,360,1,2957,2734,163,41929,5,1,0.300246,0.204249
395,340461476,1000,928,0.00492472,36.4833,0.604847,0.0166599,3.09806,63.3172,93,1,1,9296,1,9296,1,357,1,2875,2658,156,41940,5,1,0.300228,0.204229
396,340461476,1000,923,0.00474088,16.4762,0.518403,0.0166599,3.04117,64.9861,81,0,1,9298,1,9298,1,353,1,2807,2593,152,41953,5,1,0.300218,0.204218
397,340461476,1000,917,0.00557892,65.531,1.30879,0.0166599,2.99455,68.1364,77,1,1,9298,1,9298,1,344,1,2746,2532,152,41969,5,1,0.300218,0.204218
398,340461476,1000,914,0.00492741,18.2297,1.04918,0.0166613,2.93326,66.7025,79,0,1,9298,1,9298,1,335,1,2681,2469,148,41983,5,1,0.300218,0.204218
399,340461476,1000,907,0.0052835,61.4455,1.97203,0.0166613,2.88313,67.7805,82,1,1,9299,1,9299,1,328,1,2615,2406,146,41999,5,1,0.300211,0.204209
400,340461476,1000,906,0.00482239,13.8897,1.55123,0.0166613,2.83996,67.4526,58,0,1,9300,1,9300,1,323,1,2573,2366,143,42015,5,1,0.300216,0.204215
401,340461476,1000,899,0.00482569,37.4464,2.09991,0.0166613,2.80089,65.8024,74,1,1,9300,1,9300,1,316,1,2518,2309,144,42034,5,1,0.300216,0.204215
402,340461476,1000,891,0.00447427,7.88288,1.65619,0.0166613,2.75645,67.7384,86,0,1,9301,1,9301,1,309,1,2456,2249,142,42058,5,1,0.300211,0.20421
403,340461476,1000,888,0.0043554,15.6744,1.75264,0.0166613,2.71284,67.5373,67,1,1,9303,1,9303,1,306,1,2409,2203,141,42078,5,1,0.300198,0.204195
404,340461476,1000,884,0.00414535,4.075,1.54736,0.0166613,2.66516,67.7958,71,0,1,9303,1,9303,1,298,1,2356,2153,140,42096,5,1,0.300198,0.204195
405,340461476,1000,878,0.00391125,7.53314,1.35475,0.0166613,2.6344,70.2102,66,0,1,9305,1,9305,1,293,1,2313,2112,138,42119,5,1,0.300185,0.204181
406,340461476,1000,875,0.00385334,2.83296,1.81675,0.0166613,2.59657,67.058,56,0,1,9305,1,9305,1,282,1,2272,2077,133,42134,5,1,0.300185,0.204181
407,340461476,1000,868,0.00354184,4.90311,1.44701,0.0166613,2.56452,68.4226,63,0,0,9305,1,9305,1,272,1,2226,2036,129,42151,5,1,0.300185,0.204181
408,340461476,1000,860,0.00360462,4.23468,2.64254,0.0166613,2.53372,65.7799,67,1,1,9306,1,9306,1,264,1,2179,1994,124,42171,5,1,0.300177,0.204172
409,340461476,1000,855,0.0033504,5.25518,2.04024,0.0166619,2.50643,64.2933,52,1,1,9306,1,9306,1,258,1,2143,1961,121,42187,5,1,0.300177,0.204172
410,340461476,1000,848,0.0035594,18.569,3.04104,0.0166619,2.47406,68.7121,66,1,1,9307,1,9307,1,257,1,2098,1918,120,42208,5,1,0.300171,0.204165
411,340461476,1000,838,0.0033933,10.9605,2.33683,0.0166619,2.44869,66.3581,74,1,1,9307,1,9307,1,254,1,2052,1875,117,42236,5,1,0.300171,0.204165
412,340461476,1000,833,0.00366366,55.8576,2.70178,0.0166619,2.40096,72.4044,68,1,1,9307,1,9307,1,243,1,2000,1827,114,42252,5,1,0.300171,0.204165
413,340461476,1000,829,0.00352962,21.5268,2.08048,0.0166619,2.39083,66.7865,48,0,1,9307,1,9307,1,237,1,1982,1811,113,42282,5,1,0.300171,0.204165
414,340461476,1000,821,0.00388726,82.4424,1.9634,0.0166619,2.37881,67.2778,54,1,1,9309,1,9309,1,235,1,1953,1787,109,42307,5,1,0.300173,0.204167
415,340461476,1000,813,0.00369716,21.9448,1.52015,0.0166619,2.37269,67.074,49,0,1,9310,1,9310,1,232,1,1929,1765,107,42332,5,1,0.300167,0.20416
416,340461476,1000,815,0.00418286,69.2378,1.33142,0.0166619,2.35706,68.025,35,1,1,9316,1,9316,1,235,1,1921,1753,108,42359,5,1,0.300149,0.20414
417,340461476,1000,815,0.00388734,16.1521,1.04175,0.0166619,2.35337,69.6081,37,0,1,9319,1,9319,1,236,1,1918,1751,108,42393,5,1,0.300153,0.204143
418,340461476,1000,812,0.00427447,35.7946,0.899152,0.0166619,2.31897,67.25,59,2,2,9320,1,9320,1,232,1,1883,1719,106,42417,5,1,0.300145,0.204136
419,340461476,1000,805,0.00377554,13.6131,0.753298,0.0166619,2.3118,65.8153,44,1,2,9324,1,9324,1,231,1,1861,1695,106,42438,5,1,0.300148,0.204138
420,340461476,1000,797,0.00382706,18.9673,0.648724,0.0166619,2.30489,70.9023,55,2,2,9325,1,9325,1,222,1,1837,1672,104,42468,5,1,0.300148,0.204138
421,340461476,1000,792,0.00387368,27.4824,0.886205,0.0166619,2.28535,67.0602,54,1,2,9325,1,9325,1,218,1,1810,1648,102,42492,5,1,0.300148,0.204138
422,340461476,1000,784,0.0043949,17.0815,0.738216,0.0166619,2.27168,65.7428,52,0,2,9326,1,9326,1,216,1,1781,1624,99,42512,5,1,0.300148,0.204139
423,340461476,1000,789,0.00486746,41.1265,1.81841,0.0166619,2.25095,71.1875,40,1,2,9329,1,9329,1,215,1,1776,1618,100,42541,5,1,0.300147,0.204138
424,340461476,1000,786,0.00440834,16.431,1.44177,0.0166619,2.2341,68.4521,47,0,1,9330,1,9330,1,211,1,1756,1596,101,42564,5,1,0.300141,0.204131
425,340461476,1000,781,0.00473987,36.9147,3.06243,0.0166619,2.21255,66.3922,51,1,1,9340,1,9340,1,216,1,1728,1565,102,42582,5,1,0.300137,0.204129
426,340461476,1000,772,0.00431961,13.1057,2.37942,0.0166619,2.20984,65.9402,46,0,1,9343,1,9343,1,213,1,1706,1545,100,42601,5,1,0.300135,0.204129
427,340461476,1000,770,0.00465873,22.707,3.49435,0.0166619,2.18571,69.8601,42,1,1,9344,1,9344,1,209,1,1683,1526,97,42612,5,1,0.300136,0.204129
428,340461476,1000,764,0.00429562,9.5867,2.70422,0.0166619,2.18325,68.4046,38,0,1,9351,1,9351,1,211,1,1668,1508,97,42631,5,1,0.300138,0.204134
429,340461476,1000,759,0.00476504,13.8221,2.92728,0.0166619,2.18709,70.3487,38,1,1,9359,1,9359,1,214,1,1660,1501,97,42654,5,1,0.300138,0.204135
430,340461476,1000,760,0.00469461,8.97442,2.37955,0.0166619,2.15526,70.1417,45,0,1,9363,1,9363,1,215,1,1638,1481,97,42670,5,1,0.300139,0.204137
431,340461476,1000,752,0.00551909,11.5751,2.19371,0.0166619,2.14229,67.7167,45,0,1,9365,1,9365,1,212,1,1611,1456,95,42679,5,1,0.300141,0.204138
432,340461476,1000,747,0.00588465,10.3098,2.21818,0.0166619,2.14056,73.5221,34,0,1,9367,1,9367,1,211,1,1599,1446,94,42691,5,1,0.300141,0.20414
433,340461476,1000,744,0.00645787,12.4952,1.89083,0.0166619,2.12231,66.5031,41,0,0,9372,1,9372,1,212,1,1579,1425,96,42707,5,1,0.300145,0.204146
434,340461476,1000,736,0.00674029,11.881,2.36954,0.0166619,2.1087,71.4359,39,0,0,9372,1,9372,1,207,1,1552,1400,95,42710,5,1,0.300145,0.204146
435,340461476,1000,732,0.00714163,15.0612,1.9534,0.0166619,2.10383,68.0172,29,0,0,9372,1,9372,1,205,1,1540,1391,96,42717,5,1,0.300145,0.204146
436,340461476,1000,733,0.00733204,13.1301,2.34965,0.0166619,2.09141,69.5223,28,0,0,9373,1,9373,1,205,1,1533,1384,96,42734,5,1,0.300144,0.204145
437,340461476,1000,732,0.00765374,17.1943,1.92474,0.0166619,2.07924,71.3462,26,0,0,9373,1,9373,1,203,1,1522,1375,94,42741,5,1,0.300144,0.204145
438,340461476,1000,730,0.00779745,14.6936,1.98976,0.0166619,2.07808,78.3036,28,0,0,9379,1,9379,1,207,1,1517,1365,98,42756,5,1,0.300139,0.204141
439,340461476,1000,728,0.00799642,17.768,1.64243,0.0166619,2.06044,72.9141,32,0,0,9379,1,9379,1,201,1,1500,1352,95,42770,5,1,0.300139,0.204141
440,340461476,1000,724,0.00831853,16.6946,1.55124,0.0166619,2.04696,70.9797,37,0,0,9380,1,9380,1,201,1,1482,1335,95,42783,5,1,0.30014,0.204142
441,340461476,1000,725,0.00856936,16.2297,1.32507,0.0166619,2.04552,71.5761,23,0,0,9386,1,9386,1,203,1,1483,1333,97,42800,5,1,0.30014,0.204142
442,340461476,1000,725,0.00921702,18.3028,1.24105,0.0166619,2.04828,74.1944,18,0,0,9394,1,9394,1,209,1,1485,1330,99,42806,5,1,0.300124,0.204126
443,340461476,1000,726,0.00962096,14.7178,1.12634,0.0166619,2.04683,69.2554,23,0,0,9402,1,9402,1,213,1,1486,1330,100,42817,5,1,0.300123,0.204127
444,340461476,1000,723,0.0104002,18.6108,1.10059,0.0166619,2.06639,78,26,0,0,9414,1,9414,1,223,1,1494,1327,107,42841,5,1,0.300129,0.204132
445,340461476,1000,717,0.0108087,14.1285,1.04844,0.0166619,2.0795,74.7269,27,0,0,9422,1,9422,1,229,1,1491,1321,110,42847,5,1,0.300131,0.204135
446,340461476,1000,715,0.0118538,17.166,1.09785,0.0166619,2.08811,69.3125,28,0,0,9431,1,9431,1,231,1,1493,1322,111,42865,5,1,0.300116,0.204118
447,340461476,1000,708,0.0121812,14.4848,1.06158,0.0166619,2.11299,79.3935,27,0,0,9438,1,9438,1,234,1,1496,1318,115,42885,5,1,0.300128,0.204132
448,340461476,1000,706,0.0133811,15.0535,1.15648,0.0166619,2.13456,73.2011,23,0,0,9448,1,9448,1,242,1,1507,1317,121,42908,5,1,0.300124,0.204127
449,340461476,1000,703,0.013693,14.381,1.13595,0.0166619,2.15505,80.6613,31,0,0,9464,1,9464,1,255,1,1515,1315,126,42937,5,1,0.300113,0.204117
450,340461476,1000,710,0.0145946,13.5772,1.21907,0.0166619,2.16901,63.5987,19,0,0,9481,1,9481,1,271,1,1540,1328,134,42970,5,1,0.300066,0.204065
451,340461476,1000,710,0.0150697,13.0636,1.23863,0.0166619,2.19718,77.5817,26,0,0,9495,1,9495,1,280,1,1560,1340,140,43005,5,1,0.300062,0.204062
452,340461476,1000,718,0.0153946,13.8462,1.24649,0.0166619,2.18941,70.0357,21,0,0,9502,1,9502,1,284,1,1572,1349,141,43028,5,1,0.300068,0.20407
453,340461476,1000,725,0.0160052,11.3895,1.31382,0.0166619,2.21517,77.1146,24,0,0,9521,1,9521,1,302,1,1606,1366,149,43078,5,1,0.300056,0.204054
454,340461476,1000,737,0.0158866,15.1902,1.25589,0.0166619,2.23609,76.1667,15,0,0,9540,1,9540,1,319,1,1648,1395,156,43125,5,1,0.300041,0.204038
455,340461476,1000,735,0.0163981,10.2466,1.33904,0.0166619,2.25714,71.2865,24,0,0,9546,1,9546,1,323,1,1659,1402,158,43153,5,1,0.300036,0.204034
456,340461476,1000,741,0.0160443,15.6821,1.26034,0.0166619,2.2834,67.4605,19,0,0,9560,1,9560,1,335,1,1692,1427,162,43198,5,1,0.300048,0.204049
457,340461476,1000,750,0.016302,10.0573,1.30841,0.0166619,2.308,68.0156,16,0,0,9572,1,9572,1,346,1,1731,1455,169,43245,5,1,0.30007,0.204075
458,340461476,1000,752,0.0159822,15.1683,1.25851,0.0166619,2.31782,72.2446,23,0,0,9579,1,9579,1,351,1,1743,1468,168,43275,5,1,0.300082,0.204088
459,340461476,1000,756,0.0159131,10.8017,1.24889,0.0166619,2.35582,75.5263,19,0,0,9590,1,9590,1,357,1,1781,1494,174,43326,5,1,0.300079,0.204087
460,340461476,1000,761,0.0156639,14.7485,1.22586,0.0166619,2.39159,72.875,20,0,0,9598,1,9598,1,362,1,1820,1530,176,43382,5,1,0.300094,0.204103
461,340461476,1000,766,0.0153146,11.9245,1.18858,0.0166619,2.39034,68.0893,21,0,0,9599,1,9599,1,359,1,1831,1541,176,43410,5,1,0.300098,0.204107
462,340461476,1000,769,0.0149649,14.5556,1.15247,0.0166626,2.43433,73.9671,19,0,0,9606,1,9606,1,361,1,1872,1575,181,43468,5,1,0.300107,0.204119
463,340461476,1000,777,0.0147884,11.8877,1.14746,0.0166626,2.47876,75.1146,12,0,0,9614,1,9614,1,368,1,1926,1620,187,43532,5,1,0.300102,0.204114
464,340461476,1000,780,0.0141864,13.3479,1.07164,0.0166626,2.51282,74.8235,17,0,0,9618,1,9618,1,370,1,1960,1652,187,43577,5,1,0.300108,0.204119
465,340461476,1000,786,0.0144226,11.8724,1.13131,0.0166626,2.55471,65.0096,13,0,0,9623,1,9623,1,375,1,2008,1694,191,43637,5,1,0.300117,0.204131
466,340461476,1000,788,0.0135289,12.7738,1.0212,0.0166626,2.59137,66.0987,19,0,0,9631,1,9631,1,379,1,2042,1725,194,43687,5,1,0.300122,0.204137
467,340461476,1000,796,0.0139968,13.4207,1.1131,0.0166626,2.61683,70.4028,18,0,0,9632,1,9632,1,377,1,2083,1764,196,43734,5,1,0.300118,0.204132
468,340461476,1000,804,0.0129551,13.6325,1.00078,0.0166626,2.66169,78.8036,14,0,0,9645,1,9645,1,389,1,2140,1807,206,43789,5,1,0.300093,0.204106
469,340461476,1000,807,0.0134759,16.9145,1.08455,0.0166626,2.71252,66.05,15,0,0,9648,1,9648,1,390,1,2189,1852,206,43832,5,1,0.300093,0.204106
470,340461476,1000,819,0.0127376,15.606,1.00146,0.0166626,2.73748,73.2153,18,0,0,9651,1,9651,1,392,1,2242,1904,209,43860,5,1,0.300092,0.204104
471,340461476,1000,831,0.0134105,22.8076,1.06525,0.0166626,2.77738,69,13,0,0,9656,1,9656,1,393,1,2308,1965,214,43900,5,1,0.300074,0.204083
472,340461476,1000,833,0.0128953,21.619,1.0168,0.0166626,2.80912,70.3973,28,1,1,9658,1,9658,1,393,1,2340,1999,213,43907,5,1,0.300067,0.204076
473,340461476,1000,846,0.0136115,30.311,1.06818,0.0166626,2.85461,72.0804,14,1,1,9661,1,9656,1,395,1,2415,2070,216,43913,5,1,0.300049,0.204056
474,340461476,1000,858,0.0130146,39.1692,1.02403,0.0166626,2.90093,72.7868,17,1,1,9667,1,9661,1,400,1,2489,2134,222,43905,5,1,0.300051,0.204058
475,340461476,1000,867,0.0134382,39.4328,1.04526,0.0166626,2.93541,67.3533,23,0,1,9668,1,9660,1,400,1,2545,2189,224,43879,5,1,0.300049,0.204054
476,340461476,1000,876,0.0130077,60.384,1.01289,0.0166626,2.98174,60.9583,9,1,1,9671,1,9652,1,402,1,2612,2255,225,43815,5,1,0.300047,0.204054
477,340461476,1000,886,0.013181,42.1898,1.01729,0.0166626,3.01354,63.925,15,0,1,9673,1,9652,1,401,1,2670,2314,225,43727,5,1,0.300038,0.204044
478,340461476,1000,891,0.0131666,62.0338,1.02768,0.0166626,3.05724,71.3971,17,1,1,9678,1,9639,1,404,1,2724,2365,226,43598,5,1,0.300046,0.204055
479,340461476,1000,901,0.0133222,37.9209,1.03237,0.0166626,3.09434,68.825,20,0,1,9681,1,9634,1,407,1,2788,2425,229,43469,5,1,0.300058,0.20407
480,340461476,1000,911,0.0140167,48.8258,1.11785,0.0166626,3.13611,69.3636,22,1,1,9684,1,9618,1,408,1,2857,2489,235,43316,5,1,0.30007,0.204084
481,340461476,1000,918,0.0139358,32.0877,1.11965,0.0166626,3.17647,63.5066,19,0,1,9685,1,9604,1,406,1,2916,2555,232,43148,5,1,0.300069,0.204082
482,340461476,1000,918,0.0154892,39.8465,1.31265,0.0166626,3.24074,69.6354,24,1,1,9687,1,9586,1,405,1,2975,2613,233,42909,5,1,0.300087,0.204103
483,340461476,1000,925,0.0155488,30.0696,1.3653,0.0166626,3.27568,65.4375,22,0,1,9690,1,9558,1,405,1,3030,2668,234,42633,5,1,0.30015,0.204178
484,340461476,1000,932,0.0182696,38.5829,1.62233,0.0166626,3.30043,73.1902,23,0,1,9692,1,9539,1,404,1,3076,2714,232,42314,5,1,0.30017,0.204202
485,340461476,1000,939,0.0191749,33.9446,1.9702,0.0166626,3.32694,70.65,25,0,0,9697,1,9512,1,406,1,3124,2762,231,41981,5,1,0.300215,0.204256
486,340461476,1000,943,0.0219113,44.9912,2.17189,0.0166626,3.36267,72.4732,14,0,1,9699,1,9473,1,408,1,3171,2807,232,41585,5,1,0.300276,0.204327
487,340461476,1000,948,0.0227713,43.6145,2.90963,0.0166626,3.38713,65.3864,22,0,1,9702,1,9462,1,410,1,3211,2844,233,41245,5,1,0.300298,0.204354
488,340461476,1000,950,0.0245141,56.9059,2.88277,0.0166626,3.42947,72.0885,24,0,1,9708,1,9440,1,411,1,3258,2886,237,40856,5,1,0.300335,0.204396
489,340461476,1000,950,0.0253841,55.0244,3.53073,0.0166626,3.48737,72.619,21,1,1,9717,1,9406,1,419,1,3313,2931,243,40427,5,1,0.300391,0.204466
490,340461476,1000,954,0.0260125,69.076,3.2956,0.0166626,3.51992,72.1295,28,0,1,9719,1,9379,1,421,1,3358,2977,242,40018,5,1,0.30042,0.204501
491,340461476,1000,956,0.026719,65.0811,3.54896,0.0166626,3.55544,66.3125,30,1,1,9729,1,9359,1,429,1,3399,3011,244,39619,5,1,0.300457,0.204546
492,340461476,1000,956,0.0267957,79.4844,3.23877,0.0166626,3.60774,69.125,26,1,2,9739,1,9339,1,437,1,3449,3051,249,39177,5,1,0.300517,0.204617
493,340461476,1000,957,0.0277478,70.9068,3.28968,0.0166626,3.65308,71.0433,26,0,2,9743,1,9305,1,437,1,3496,3099,248,38771,5,1,0.300575,0.204686
494,340461476,1000,958,0.0274981,85.2664,3.01577,0.0166626,3.72025,67.95,20,1,2,9755,1,9278,1,447,1,3564,3153,257,38383,5,1,0.300656,0.204781
495,340461476,1000,959,0.0291642,75.1642,3.07293,0.0166626,3.76747,69.2798,21,0,2,9760,1,9258,1,449,1,3613,3198,259,38028,5,1,0.300702,0.204837
496,340461476,1000,961,0.0293519,92.8742,2.92496,0.0166626,3.80229,63.1023,22,0,1,9761,1,9239,1,449,1,3654,3237,261,37708,5,1,0.300724,0.204863
497,340461476,1000,964,0.0321928,82.6567,3.11715,0.0166626,3.85892,72.3631,21,0,1,9771,1,9225,1,458,1,3720,3287,272,37436,5,1,0.300758,0.204905
498,340461476,1000,966,0.0333916,102.451,3.14489,0.0166626,3.88716,65.1823,24,1,2,9775,1,9213,1,459,1,3755,3320,274,37207,5,1,0.300781,0.204935
499,340461476,1000,966,0.0373752,92.5837,3.51336,0.0166626,3.93685,70.6552,29,1,2,9782,1,9211,1,465,1,3803,3363,278,37047,5,1,0.300815,0.204976
