Time,NodeID,Species,MicrosporidiaStrain,VectorPopulation,STATE_INFECTIOUS,STATE_INFECTED,STATE_ADULT,STATE_MALE,STATE_IMMATURE,STATE_LARVA,STATE_EGG,MicrosporidiaModifier
0,340461476,arabiensis,NoMicrosporidia,8775,0,0,8775,9036,0,0,597600,1.65625
0,340461476,arabiensis,Strain_A,0,0,0,0,0,0,0,0,1.65625
0,340461476,funestus,NoMicrosporidia,8832,0,0,8832,9001,0,0,0,1.65625
0,340461476,gambiae,NoMicrosporidia,8767,0,0,8767,9041,0,0,0,1.65625
1,340461476,arabiensis,NoMicrosporidia,7687,0,0,7687,8229,0,53008,547600,1.52292
1,340461476,arabiensis,Strain_A,0,0,0,0,0,0,0,0,1.52292
1,340461476,funestus,NoMicrosporidia,7690,0,0,7690,8121,0,0,0,1.52292
1,340461476,gambiae,NoMicrosporidia,7651,0,0,7651,8189,0,0,0,1.52292
2,340461476,arabiensis,NoMicrosporidia,6711,0,0,6711,7424,0,71321,496800,1.56042
2,340461476,arabiensis,Strain_A,0,0,0,0,0,0,0,0,1.56042
2,340461476,funestus,NoMicrosporidia,6679,0,0,6679,7387,0,0,0,1.56042
2,340461476,gambiae,NoMicrosporidia,6641,0,0,6641,7431,0,0,0,1.56042
3,340461476,arabiensis,NoMicrosporidia,5872,0,0,5872,6695,0,91325,404400,1.40625
3,340461476,arabiensis,Strain_A,0,0,0,0,0,0,0,0,1.40625
3,340461476,funestus,NoMicrosporidia,5897,0,0,5897,6682,0,0,0,1.40625
3,340461476,gambiae,NoMicrosporidia,5787,0,0,5787,6680,0,0,0,1.40625
4,340461476,arabiensis,NoMicrosporidia,5180,0,0,5180,6035,0,109796,363600,1.44583
4,340461476,arabiensis,Strain_A,0,0,0,0,0,0,0,0,1.44583
4,340461476,funestus,NoMicrosporidia,5169,0,0,5169,6054,0,0,0,1.44583
4,340461476,gambiae,NoMicrosporidia,5051,0,0,5051,6006,0,0,0,1.44583
5,340461476,arabiensis,NoMicrosporidia,4513,0,0,4513,5485,0,126480,332600,1.50417
5,340461476,arabiensis,Strain_A,0,0,0,0,0,0,0,0,1.50417
5,340461476,funestus,NoMicrosporidia,4530,0,0,4530,5511,0,0,0,1.50417
5,340461476,gambiae,NoMicrosporidia,4377,0,0,4377,5449,0,0,0,1.50417
6,340461476,arabiensis,NoMicrosporidia,3929,0,0,3929,4982,0,142038,268800,1.3625
6,340461476,arabiensis,Strain_A,0,0,0,0,0,0,0,0,1.3625
6,340461476,funestus,NoMicrosporidia,3951,0,0,3951,4976,0,0,0,1.3625
6,340461476,gambiae,NoMicrosporidia,3880,0,0,3880,4948,0,0,0,1.3625
7,340461476,arabiensis,NoMicrosporidia,3446,0,0,3446,4500,0,156809,240200,1.425
7,340461476,arabiensis,Strain_A,0,0,0,0,0,0,0,0,1.425
7,340461476,funestus,NoMicrosporidia,3437,0,0,3437,4481,0,0,0,1.425
7,340461476,gambiae,NoMicrosporidia,3389,0,0,3389,4462,0,0,0,1.425
8,340461476,arabiensis,NoMicrosporidia,3004,0,0,3004,4033,0,169787,221200,1.33125
8,340461476,arabiensis,Strain_A,0,0,0,0,0,0,0,0,1.33125
8,340461476,funestus,NoMicrosporidia,3009,0,0,3009,4104,0,0,0,1.33125
8,340461476,gambiae,NoMicrosporidia,2938,0,0,2938,4034,0,0,0,1.33125
9,340461476,arabiensis,NoMicrosporidia,2631,0,0,2631,3630,0,182622,181000,1.5625
9,340461476,arabiensis,Strain_A,0,0,0,0,0,0,0,0,1.5625
9,340461476,funestus,NoMicrosporidia,2641,0,0,2641,3735,0,0,0,1.5625
9,340461476,gambiae,NoMicrosporidia,2569,0,0,2569,3634,0,0,0,1.5625
10,340461476,arabiensis,NoMicrosporidia,2290,0,0,2290,3278,0,192778,167200,1.51042
10,340461476,arabiensis,Strain_A,0,0,0,0,0,0,0,0,1.51042
10,340461476,funestus,NoMicrosporidia,2295,0,0,2295,3421,0,0,0,1.51042
10,340461476,gambiae,NoMicrosporidia,2271,0,0,2271,3286,0,0,0,1.51042
11,340461476,arabiensis,NoMicrosporidia,2004,0,0,2004,2945,0,203377,147000,1.47917
11,340461476,arabiensis,Strain_A,0,0,0,0,0,0,0,0,1.47917
11,340461476,funestus,NoMicrosporidia,2012,0,0,2012,3097,0,0,0,1.47917
11,340461476,gambiae,NoMicrosporidia,1979,0,0,1979,2986,0,0,0,1.47917
12,340461476,arabiensis,NoMicrosporidia,1746,0,0,1746,2689,0,212699,121400,1.45625
12,340461476,arabiensis,Strain_A,0,0,0,0,0,0,0,0,1.45625
12,340461476,funestus,NoMicrosporidia,1765,0,0,1765,2775,0,0,0,1.45625
12,340461476,gambiae,NoMicrosporidia,1730,0,0,1730,2699,0,0,0,1.45625
13,340461476,arabiensis,NoMicrosporidia,1520,0,0,1520,2451,0,221594,107000,1.46667
13,340461476,arabiensis,Strain_A,0,0,0,0,0,0,0,0,1.46667
13,340461476,funestus,NoMicrosporidia,1530,0,0,1530,2503,0,0,0,1.46667
13,340461476,gambiae,NoMicrosporidia,1488,0,0,1488,2463,0,0,0,1.46667
14,340461476,arabiensis,NoMicrosporidia,1319,0,0,1319,2213,0,229779,99000,1.51042
14,340461476,arabiensis,Strain_A,0,0,0,0,0,0,0,0,1.51042
14,340461476,funestus,NoMicrosporidia,1349,0,0,1349,2253,0,0,0,1.51042
14,340461476,gambiae,NoMicrosporidia,1295,0,0,1295,2235,0,0,0,1.51042
15,340461476,arabiensis,NoMicrosporidia,1163,0,0,1163,2002,13166,223604,80800,1.44792
15,340461476,arabiensis,Strain_A,0,0,0,0,0,0,0,0,1.44792
15,340461476,funestus,NoMicrosporidia,1200,0,0,1200,2037,0,0,0,1.44792
15,340461476,gambiae,NoMicrosporidia,1129,0,0,1129,2014,0,0,0,1.44792
16,340461476,arabiensis,NoMicrosporidia,1002,0,0,1002,1828,17765,239174,69400,1.375
16,340461476,arabiensis,Strain_A,0,0,0,0,0,0,0,0,1.375
16,340461476,funestus,NoMicrosporidia,1050,0,0,1050,1838,0,0,0,1.375
16,340461476,gambiae,NoMicrosporidia,985,0,0,985,1824,0,0,0,1.375
17,340461476,arabiensis,NoMicrosporidia,890,0,0,890,1672,22721,244747,66200,1.525
17,340461476,arabiensis,Strain_A,0,0,0,0,0,0,0,0,1.525
17,340461476,funestus,NoMicrosporidia,909,0,0,909,1690,0,0,0,1.525
17,340461476,gambiae,NoMicrosporidia,853,0,0,853,1658,0,0,0,1.525
18,340461476,arabiensis,NoMicrosporidia,778,0,0,778,1505,27162,250046,55000,1.48889
18,340461476,arabiensis,Strain_A,0,0,0,0,0,0,0,0,1.48889
18,340461476,funestus,NoMicrosporidia,787,0,0,787,1532,0,0,0,1.48889
18,340461476,gambiae,NoMicrosporidia,736,0,0,736,1516,0,0,0,1.48889
19,340461476,arabiensis,NoMicrosporidia,5114,0,0,5114,5751,22299,255482,47200,1.46458
19,340461476,arabiensis,Strain_A,0,0,0,0,0,0,0,0,1.46458
19,340461476,funestus,NoMicrosporidia,698,0,0,698,1370,0,0,0,1.46458
19,340461476,gambiae,NoMicrosporidia,640,0,0,640,1362,0,0,0,1.46458
20,340461476,arabiensis,NoMicrosporidia,6133,0,0,6133,7179,21604,212385,43600,1.41667
20,340461476,arabiensis,Strain_A,0,0,0,0,0,2861,89379,0,1.41667
20,340461476,funestus,NoMicrosporidia,616,0,0,616,1251,0,0,0,1.41667
20,340461476,gambiae,NoMicrosporidia,562,0,0,562,1235,0,0,0,1.41667
21,340461476,arabiensis,NoMicrosporidia,7609,0,0,7609,8666,19439,146528,36800,1.44583
21,340461476,arabiensis,Strain_A,0,0,0,0,0,6300,111969,0,1.44583
21,340461476,funestus,NoMicrosporidia,547,0,0,547,1142,0,0,0,1.44583
21,340461476,gambiae,NoMicrosporidia,493,0,0,493,1107,0,0,0,1.44583
22,340461476,arabiensis,NoMicrosporidia,8919,0,0,8919,10028,16465,136143,29200,1.48958
22,340461476,arabiensis,Strain_A,0,0,0,0,0,10389,116297,0,1.48958
22,340461476,funestus,NoMicrosporidia,486,0,0,486,1051,0,0,0,1.48958
22,340461476,gambiae,NoMicrosporidia,425,0,0,425,993,0,0,0,1.48958
23,340461476,arabiensis,NoMicrosporidia,9830,0,0,9830,11273,13239,122875,564400,1.45625
23,340461476,arabiensis,Strain_A,0,0,0,0,0,14460,124664,0,1.45625
23,340461476,funestus,NoMicrosporidia,426,0,0,426,962,0,0,0,1.45625
23,340461476,gambiae,NoMicrosporidia,377,0,0,377,901,0,0,0,1.45625
24,340461476,arabiensis,NoMicrosporidia,10238,0,2,10236,12025,10347,147202,258400,1.45417
24,340461476,arabiensis,Strain_A,1046,0,0,1046,923,16720,129403,0,1.45417
24,340461476,funestus,NoMicrosporidia,373,0,0,373,862,0,0,0,1.45417
24,340461476,gambiae,NoMicrosporidia,325,0,0,325,810,0,0,0,1.45417
25,340461476,arabiensis,NoMicrosporidia,10278,0,6,10272,11888,8090,138545,290600,1.50833
25,340461476,arabiensis,Strain_A,2275,0,2,2273,2554,18561,145779,0,1.50833
25,340461476,funestus,NoMicrosporidia,335,0,0,335,783,0,0,0,1.50833
25,340461476,gambiae,NoMicrosporidia,281,0,0,281,735,0,0,0,1.50833
26,340461476,arabiensis,NoMicrosporidia,9830,0,45,9785,11275,6293,128639,644600,1.47917
26,340461476,arabiensis,Strain_A,3668,0,8,3660,4515,19927,151795,0,1.47917
26,340461476,funestus,NoMicrosporidia,300,0,1,299,716,0,0,0,1.47917
26,340461476,gambiae,NoMicrosporidia,255,0,1,254,677,0,0,0,1.47917
27,340461476,arabiensis,NoMicrosporidia,9264,0,115,9149,10559,4899,130971,444760,1.35833
27,340461476,arabiensis,Strain_A,5058,0,43,5015,6356,21001,150899,0,1.35833
27,340461476,funestus,NoMicrosporidia,272,0,5,267,640,0,0,0,1.35833
27,340461476,gambiae,NoMicrosporidia,227,0,3,224,610,0,0,0,1.35833
28,340461476,arabiensis,NoMicrosporidia,8649,0,299,8350,9616,3947,133064,449347,1.47708
28,340461476,arabiensis,Strain_A,6400,0,156,6244,8146,21929,158555,80253,1.47708
28,340461476,funestus,NoMicrosporidia,244,0,8,236,583,0,0,0,1.47708
28,340461476,gambiae,NoMicrosporidia,202,0,9,193,558,0,0,0,1.47708
29,340461476,arabiensis,NoMicrosporidia,7852,0,654,7198,8710,3132,122813,640481,1.44167
29,340461476,arabiensis,Strain_A,7633,0,300,7333,9946,25840,164789,111759,1.44167
29,340461476,funestus,NoMicrosporidia,220,0,16,204,535,0,0,0,1.44167
29,340461476,gambiae,NoMicrosporidia,179,0,15,164,500,0,0,0,1.44167
30,340461476,arabiensis,NoMicrosporidia,7115,0,924,6191,7813,2709,121229,485227,1.45833
30,340461476,arabiensis,Strain_A,8936,0,527,8409,11523,27486,169840,137813,1.45833
30,340461476,funestus,NoMicrosporidia,191,0,23,168,485,0,0,0,1.45833
30,340461476,gambiae,NoMicrosporidia,153,0,22,131,447,0,0,0,1.45833
31,340461476,arabiensis,NoMicrosporidia,6516,0,1093,5423,6979,2185,114716,446698,1.5375
31,340461476,arabiensis,Strain_A,10004,0,720,9284,13062,28963,180365,208662,1.5375
31,340461476,funestus,NoMicrosporidia,174,0,28,146,435,0,0,0,1.5375
31,340461476,gambiae,NoMicrosporidia,132,0,27,105,399,0,0,0,1.5375
32,340461476,arabiensis,NoMicrosporidia,5826,0,1250,4576,6179,1775,121327,556720,1.52708
32,340461476,arabiensis,Strain_A,10993,0,892,10101,14450,30360,196226,241320,1.52708
32,340461476,funestus,NoMicrosporidia,151,0,31,120,395,0,0,0,1.52708
32,340461476,gambiae,NoMicrosporidia,111,0,31,80,363,0,0,0,1.52708
33,340461476,arabiensis,NoMicrosporidia,5163,0,1293,3870,5436,1487,126612,438883,1.53542
33,340461476,arabiensis,Strain_A,13127,0,1094,12033,16853,29320,214324,274317,1.53542
33,340461476,funestus,NoMicrosporidia,135,0,31,104,357,0,0,0,1.53542
33,340461476,gambiae,NoMicrosporidia,100,0,34,66,333,0,0,0,1.53542
34,340461476,arabiensis,NoMicrosporidia,4656,1,1276,3379,4698,1160,124992,422220,1.46458
34,340461476,arabiensis,Strain_A,14295,0,1407,12888,18377,21174,240930,312180,1.46458
34,340461476,funestus,NoMicrosporidia,123,0,32,91,320,0,0,0,1.46458
34,340461476,gambiae,NoMicrosporidia,88,0,30,58,296,0,0,0,1.46458
35,340461476,arabiensis,NoMicrosporidia,4120,1,1330,2789,4136,754,118556,477727,1.4875
35,340461476,arabiensis,Strain_A,15367,0,1618,13749,19742,22103,257614,345793,1.4875
35,340461476,funestus,NoMicrosporidia,106,0,28,78,284,0,0,0,1.4875
35,340461476,gambiae,NoMicrosporidia,80,0,29,51,274,0,0,0,1.4875
36,340461476,arabiensis,NoMicrosporidia,3669,8,1291,2370,3586,709,119876,404248,1.44792
36,340461476,arabiensis,Strain_A,16309,0,1818,14491,20884,21365,272756,356752,1.44792
36,340461476,funestus,NoMicrosporidia,91,1,24,66,263,0,0,0,1.44792
36,340461476,gambiae,NoMicrosporidia,67,1,25,41,245,0,0,0,1.44792
37,340461476,arabiensis,NoMicrosporidia,3282,31,1200,2051,3122,662,115999,401410,1.57083
37,340461476,arabiensis,Strain_A,17130,6,2004,15120,22003,28436,289050,516230,1.57083
37,340461476,funestus,NoMicrosporidia,80,2,23,55,241,0,0,0,1.57083
37,340461476,gambiae,NoMicrosporidia,61,1,28,32,226,0,0,0,1.57083
38,340461476,arabiensis,NoMicrosporidia,2891,79,1110,1702,2711,866,107290,412339,1.59583
38,340461476,arabiensis,Strain_A,14962,33,2149,12780,20143,34362,314004,490661,1.59583
38,340461476,funestus,NoMicrosporidia,75,4,21,50,211,0,0,0,1.59583
38,340461476,gambiae,NoMicrosporidia,50,4,23,23,200,0,0,0,1.59583
39,340461476,arabiensis,NoMicrosporidia,2544,173,963,1408,2442,1066,101245,360346,1.57083
39,340461476,arabiensis,Strain_A,16027,66,1893,14068,21077,33075,330392,497014,1.57083
39,340461476,funestus,NoMicrosporidia,65,4,17,44,192,0,0,0,1.57083
39,340461476,gambiae,NoMicrosporidia,46,3,23,20,182,0,0,0,1.57083
40,340461476,arabiensis,NoMicrosporidia,2285,234,834,1217,2144,991,97281,394639,1.49375
40,340461476,arabiensis,Strain_A,16239,128,1698,14413,21624,34568,344599,566761,1.49375
40,340461476,funestus,NoMicrosporidia,53,3,13,37,175,0,0,0,1.49375
40,340461476,gambiae,NoMicrosporidia,39,5,19,15,170,0,0,0,1.49375
41,340461476,arabiensis,NoMicrosporidia,2003,276,710,1017,1942,997,92370,360859,1.65625
41,340461476,arabiensis,Strain_A,19066,177,1761,17128,24709,31152,362793,586701,1.65625
41,340461476,funestus,NoMicrosporidia,43,4,13,26,158,0,0,0,1.65625
41,340461476,gambiae,NoMicrosporidia,31,4,17,10,150,0,0,0,1.65625
42,340461476,arabiensis,NoMicrosporidia,1803,317,618,868,1720,897,86822,254329,1.52222
42,340461476,arabiensis,Strain_A,19621,216,2164,17241,25468,29448,375623,335271,1.52222
42,340461476,funestus,NoMicrosporidia,39,4,13,22,141,0,0,0,1.52222
42,340461476,gambiae,NoMicrosporidia,31,8,13,10,133,0,0,0,1.52222
43,340461476,arabiensis,NoMicrosporidia,1625,332,523,770,1545,842,87429,361637,1.54792
43,340461476,arabiensis,Strain_A,19723,272,2233,17218,25708,31542,383127,638123,1.54792
43,340461476,funestus,NoMicrosporidia,32,3,13,16,134,0,0,0,1.54792
43,340461476,gambiae,NoMicrosporidia,27,7,11,9,118,0,0,0,1.54792
44,340461476,arabiensis,NoMicrosporidia,1428,327,460,641,1377,830,83579,343852,1.55
44,340461476,arabiensis,Strain_A,20308,368,2231,17709,26517,31477,397109,573988,1.55
44,340461476,funestus,NoMicrosporidia,30,3,15,12,125,0,0,0,1.55
44,340461476,gambiae,NoMicrosporidia,23,5,12,6,106,0,0,0,1.55
45,340461476,arabiensis,NoMicrosporidia,1272,351,375,546,1231,774,81373,353701,1.53333
45,340461476,arabiensis,Strain_A,21077,411,2341,18325,27552,33937,402035,648259,1.53333
45,340461476,funestus,NoMicrosporidia,28,5,13,10,115,0,0,0,1.53333
45,340461476,gambiae,NoMicrosporidia,15,4,7,4,96,0,0,0,1.53333
46,340461476,arabiensis,NoMicrosporidia,1185,343,333,509,1144,784,80970,383700,1.44583
46,340461476,arabiensis,Strain_A,20822,460,2446,17916,27320,40854,407675,646020,1.44583
46,340461476,funestus,NoMicrosporidia,26,5,12,9,103,0,0,0,1.44583
46,340461476,gambiae,NoMicrosporidia,12,5,5,2,84,0,0,0,1.44583
47,340461476,arabiensis,NoMicrosporidia,1048,326,304,418,1051,859,83058,340365,1.49375
47,340461476,arabiensis,Strain_A,21533,496,2445,18592,28090,43436,416587,597075,1.49375
47,340461476,funestus,NoMicrosporidia,23,4,11,8,92,0,0,0,1.49375
47,340461476,gambiae,NoMicrosporidia,10,6,3,1,72,0,0,0,1.49375
48,340461476,arabiensis,NoMicrosporidia,947,310,266,371,971,859,82239,364690,1.48333
48,340461476,arabiensis,Strain_A,21736,550,2568,18618,28518,46582,423180,674390,1.48333
48,340461476,funestus,NoMicrosporidia,18,4,7,7,78,0,0,0,1.48333
48,340461476,gambiae,NoMicrosporidia,10,7,2,1,65,0,0,0,1.48333
49,340461476,arabiensis,NoMicrosporidia,858,302,210,346,865,840,81644,374641,1.47917
49,340461476,arabiensis,Strain_A,23014,489,2705,19820,29930,47591,429692,707799,1.47917
49,340461476,funestus,NoMicrosporidia,15,3,7,5,71,0,0,0,1.47917
49,340461476,gambiae,NoMicrosporidia,9,7,1,1,59,0,0,0,1.47917
50,340461476,arabiensis,NoMicrosporidia,787,285,173,329,816,803,81676,345732,1.4125
50,340461476,arabiensis,Strain_A,25252,450,2922,21880,32164,47415,434042,582308,1.4125
50,340461476,funestus,NoMicrosporidia,13,2,6,5,67,0,0,0,1.4125
50,340461476,gambiae,NoMicrosporidia,8,6,1,1,51,0,0,0,1.4125
51,340461476,arabiensis,NoMicrosporidia,740,270,145,325,771,776,84793,399758,1.4
51,340461476,arabiensis,Strain_A,26514,494,3148,22872,33753,47971,438021,697442,1.4
51,340461476,funestus,NoMicrosporidia,11,2,4,5,59,0,0,0,1.4
51,340461476,gambiae,NoMicrosporidia,5,4,1,0,41,0,0,0,1.4
52,340461476,arabiensis,NoMicrosporidia,696,235,158,303,726,725,86942,427061,1.32917
52,340461476,arabiensis,Strain_A,27569,423,3334,23812,35153,49928,440098,672739,1.32917
52,340461476,funestus,NoMicrosporidia,11,2,5,4,50,0,0,0,1.32917
52,340461476,gambiae,NoMicrosporidia,4,3,1,0,36,0,0,0,1.32917
53,340461476,arabiensis,NoMicrosporidia,625,215,141,269,666,739,90022,386893,1.45
53,340461476,arabiensis,Strain_A,28586,538,3290,24758,36443,50608,447261,738547,1.45
53,340461476,funestus,NoMicrosporidia,11,3,4,4,44,0,0,0,1.45
53,340461476,gambiae,NoMicrosporidia,3,2,1,0,32,0,0,0,1.45
54,340461476,arabiensis,NoMicrosporidia,577,191,120,266,627,722,87552,476247,1.4
54,340461476,arabiensis,Strain_A,29623,558,3250,25815,37729,51535,451126,866913,1.4
54,340461476,funestus,NoMicrosporidia,9,3,3,3,39,0,0,0,1.4
54,340461476,gambiae,NoMicrosporidia,2,1,1,0,31,0,0,0,1.4
55,340461476,arabiensis,NoMicrosporidia,537,165,100,272,612,690,88883,494139,1.30833
55,340461476,arabiensis,Strain_A,30507,579,3183,26745,38855,51795,454164,783461,1.30833
55,340461476,funestus,NoMicrosporidia,7,3,3,1,36,0,0,0,1.30833
55,340461476,gambiae,NoMicrosporidia,2,1,1,0,28,0,0,0,1.30833
56,340461476,arabiensis,NoMicrosporidia,488,139,87,262,569,697,90667,417755,1.49375
56,340461476,arabiensis,Strain_A,31897,596,3087,28214,40425,52126,461210,886325,1.49375
56,340461476,funestus,NoMicrosporidia,5,2,3,0,34,0,0,0,1.49375
56,340461476,gambiae,NoMicrosporidia,1,0,1,0,25,0,0,0,1.49375
57,340461476,arabiensis,NoMicrosporidia,458,124,81,253,535,741,87206,551922,1.30625
57,340461476,arabiensis,Strain_A,32549,605,2910,29034,41432,51809,462591,897638,1.30625
57,340461476,funestus,NoMicrosporidia,5,2,3,0,33,0,0,0,1.30625
57,340461476,gambiae,NoMicrosporidia,1,0,1,0,20,0,0,0,1.30625
58,340461476,arabiensis,NoMicrosporidia,438,116,71,251,540,747,92370,559658,1.28333
58,340461476,arabiensis,Strain_A,33396,621,2671,30104,42802,49087,467318,875302,1.28333
58,340461476,funestus,NoMicrosporidia,3,2,1,0,31,0,0,0,1.28333
58,340461476,gambiae,NoMicrosporidia,1,1,0,0,19,0,0,0,1.28333
59,340461476,arabiensis,NoMicrosporidia,408,106,59,243,534,720,92491,458460,1.48958
59,340461476,arabiensis,Strain_A,33988,671,2373,30944,43618,51115,471039,987020,1.48958
59,340461476,funestus,NoMicrosporidia,0,0,0,0,24,0,0,0,1.48958
59,340461476,gambiae,NoMicrosporidia,1,1,0,0,17,0,0,0,1.48958
60,340461476,arabiensis,NoMicrosporidia,385,90,52,243,519,702,86634,542314,1.40833
60,340461476,arabiensis,Strain_A,34837,679,2118,32040,44561,48208,475638,1044646,1.40833
60,340461476,funestus,NoMicrosporidia,0,0,0,0,20,0,0,0,1.40833
60,340461476,gambiae,NoMicrosporidia,1,1,0,0,14,0,0,0,1.40833
61,340461476,arabiensis,NoMicrosporidia,379,88,40,251,514,473,84255,528039,1.41875
61,340461476,arabiensis,Strain_A,35172,731,1834,32607,45096,39607,485123,1027841,1.41875
61,340461476,funestus,NoMicrosporidia,0,0,0,0,19,0,0,0,1.41875
61,340461476,gambiae,NoMicrosporidia,1,1,0,0,14,0,0,0,1.41875
62,340461476,arabiensis,NoMicrosporidia,356,84,34,238,507,469,79211,503592,1.4875
62,340461476,arabiensis,Strain_A,34975,794,1509,32672,45130,42241,480215,1095088,1.4875
62,340461476,funestus,NoMicrosporidia,0,0,0,0,16,0,0,0,1.4875
62,340461476,gambiae,NoMicrosporidia,0,0,0,0,13,0,0,0,1.4875
63,340461476,arabiensis,NoMicrosporidia,343,90,17,236,504,462,77967,575172,1.4
63,340461476,arabiensis,Strain_A,35932,824,1223,33885,46344,41773,479735,1106388,1.4
63,340461476,funestus,NoMicrosporidia,0,0,0,0,13,0,0,0,1.4
63,340461476,gambiae,NoMicrosporidia,0,0,0,0,13,0,0,0,1.4
64,340461476,arabiensis,NoMicrosporidia,343,86,11,246,466,448,78082,518101,1.50625
64,340461476,arabiensis,Strain_A,35420,828,969,33623,46131,45588,480637,1166699,1.50625
64,340461476,funestus,NoMicrosporidia,0,0,0,0,13,0,0,0,1.50625
64,340461476,gambiae,NoMicrosporidia,0,0,0,0,12,0,0,0,1.50625
65,340461476,arabiensis,NoMicrosporidia,295,76,8,211,406,553,76782,596473,1.35
65,340461476,arabiensis,Strain_A,32784,831,751,31202,43665,54975,477011,1059727,1.35
65,340461476,funestus,NoMicrosporidia,0,0,0,0,13,0,0,0,1.35
65,340461476,gambiae,NoMicrosporidia,0,0,0,0,12,0,0,0,1.35
66,340461476,arabiensis,NoMicrosporidia,284,71,9,204,423,572,81710,575048,1.38333
66,340461476,arabiensis,Strain_A,33678,805,570,32303,44435,52893,479475,1079832,1.38333
66,340461476,funestus,NoMicrosporidia,0,0,0,0,12,0,0,0,1.38333
66,340461476,gambiae,NoMicrosporidia,0,0,0,0,10,0,0,0,1.38333
67,340461476,arabiensis,NoMicrosporidia,261,56,8,197,409,585,81379,645431,1.35833
67,340461476,arabiensis,Strain_A,34078,784,449,32845,45228,53974,476702,1167969,1.35833
67,340461476,funestus,NoMicrosporidia,0,0,0,0,11,0,0,0,1.35833
67,340461476,gambiae,NoMicrosporidia,0,0,0,0,9,0,0,0,1.35833
68,340461476,arabiensis,NoMicrosporidia,255,49,8,198,391,600,82208,524706,1.4375
68,340461476,arabiensis,Strain_A,35071,745,380,33946,46398,56135,475446,1073014,1.4375
68,340461476,funestus,NoMicrosporidia,0,0,0,0,10,0,0,0,1.4375
68,340461476,gambiae,NoMicrosporidia,0,0,0,0,9,0,0,0,1.4375
69,340461476,arabiensis,NoMicrosporidia,242,46,4,192,386,602,82233,492123,1.325
69,340461476,arabiensis,Strain_A,36659,673,450,35536,47893,51705,478844,846877,1.325
69,340461476,funestus,NoMicrosporidia,0,0,0,0,10,0,0,0,1.325
69,340461476,gambiae,NoMicrosporidia,0,0,0,0,8,0,0,0,1.325
70,340461476,arabiensis,NoMicrosporidia,239,42,4,193,379,602,85139,706072,1.2875
70,340461476,arabiensis,Strain_A,36226,611,638,34977,47677,54299,473248,1143728,1.2875
70,340461476,funestus,NoMicrosporidia,0,0,0,0,9,0,0,0,1.2875
70,340461476,gambiae,NoMicrosporidia,0,0,0,0,8,0,0,0,1.2875
71,340461476,arabiensis,NoMicrosporidia,228,34,11,183,358,646,88096,569381,1.4
71,340461476,arabiensis,Strain_A,36986,551,923,35512,48662,55344,474323,1101899,1.4
71,340461476,funestus,NoMicrosporidia,0,0,0,0,8,0,0,0,1.4
71,340461476,gambiae,NoMicrosporidia,0,0,0,0,6,0,0,0,1.4
72,340461476,arabiensis,NoMicrosporidia,237,28,16,193,357,607,86600,536552,1.37708
72,340461476,arabiensis,Strain_A,38407,497,1382,36528,50145,52672,476226,1005128,1.37708
72,340461476,funestus,NoMicrosporidia,0,0,0,0,8,0,0,0,1.37708
72,340461476,gambiae,NoMicrosporidia,0,0,0,0,5,0,0,0,1.37708
73,340461476,arabiensis,NoMicrosporidia,229,22,26,181,348,627,85786,668855,1.38958
73,340461476,arabiensis,Strain_A,37472,447,2168,34857,49542,55823,475590,1279225,1.38958
73,340461476,funestus,NoMicrosporidia,0,0,0,0,7,0,0,0,1.38958
73,340461476,gambiae,NoMicrosporidia,0,0,0,0,5,0,0,0,1.38958
74,340461476,arabiensis,NoMicrosporidia,220,17,37,166,367,588,84165,516606,1.49583
74,340461476,arabiensis,Strain_A,38421,402,2827,35192,50310,53657,479668,1162914,1.49583
74,340461476,funestus,NoMicrosporidia,0,0,0,0,7,0,0,0,1.49583
74,340461476,gambiae,NoMicrosporidia,0,0,0,0,4,0,0,0,1.49583
75,340461476,arabiensis,NoMicrosporidia,245,15,47,183,358,535,81883,628291,1.29167
75,340461476,arabiensis,Strain_A,39057,353,3779,34925,51136,52092,477036,1037429,1.29167
75,340461476,funestus,NoMicrosporidia,0,0,0,0,6,0,0,0,1.29167
75,340461476,gambiae,NoMicrosporidia,0,0,0,0,4,0,0,0,1.29167
76,340461476,arabiensis,NoMicrosporidia,238,12,62,164,366,530,87408,807599,1.23125
76,340461476,arabiensis,Strain_A,39007,314,4860,33833,51086,51273,475469,1207881,1.23125
76,340461476,funestus,NoMicrosporidia,0,0,0,0,6,0,0,0,1.23125
76,340461476,gambiae,NoMicrosporidia,0,0,0,0,3,0,0,0,1.23125
77,340461476,arabiensis,NoMicrosporidia,234,9,72,153,372,486,91880,583945,1.34167
77,340461476,arabiensis,Strain_A,39433,273,5737,33423,51885,48953,477682,1041735,1.34167
77,340461476,funestus,NoMicrosporidia,0,0,0,0,5,0,0,0,1.34167
77,340461476,gambiae,NoMicrosporidia,0,0,0,0,3,0,0,0,1.34167
78,340461476,arabiensis,NoMicrosporidia,225,6,87,132,378,471,87782,536711,1.49583
78,340461476,arabiensis,Strain_A,39090,242,6905,31943,51660,50201,479854,1212889,1.49583
78,340461476,funestus,NoMicrosporidia,0,0,0,0,5,0,0,0,1.49583
78,340461476,gambiae,NoMicrosporidia,0,0,0,0,3,0,0,0,1.49583
79,340461476,arabiensis,NoMicrosporidia,206,4,96,106,384,468,80740,583863,1.53125
79,340461476,arabiensis,Strain_A,38932,234,7808,30890,51678,50356,483164,1392457,1.53125
79,340461476,funestus,NoMicrosporidia,0,0,0,0,5,0,0,0,1.53125
79,340461476,gambiae,NoMicrosporidia,0,0,0,0,3,0,0,0,1.53125
80,340461476,arabiensis,NoMicrosporidia,189,4,98,87,377,512,92441,505010,1.49583
80,340461476,arabiensis,Strain_A,38845,247,8889,29709,51457,52062,451990,1140670,1.49583
80,340461476,funestus,NoMicrosporidia,0,0,0,0,2,0,0,0,1.49583
80,340461476,gambiae,NoMicrosporidia,0,0,0,0,3,0,0,0,1.49583
81,340461476,arabiensis,NoMicrosporidia,178,3,101,74,379,676,108965,558120,1.47292
81,340461476,arabiensis,Strain_A,38364,293,9816,28255,51257,53473,452012,1219200,1.47292
81,340461476,funestus,NoMicrosporidia,0,0,0,0,0,0,0,0,1.47292
81,340461476,gambiae,NoMicrosporidia,0,0,0,0,3,0,0,0,1.47292
82,340461476,arabiensis,NoMicrosporidia,165,3,104,58,369,819,119148,518218,1.58125
82,340461476,arabiensis,Strain_A,38738,361,10584,27793,51512,56224,436150,1337982,1.58125
82,340461476,funestus,NoMicrosporidia,0,0,0,0,0,0,0,0,1.58125
82,340461476,gambiae,NoMicrosporidia,0,0,0,0,3,0,0,0,1.58125
83,340461476,arabiensis,NoMicrosporidia,162,1,102,59,369,1575,126206,419559,1.67083
83,340461476,arabiensis,Strain_A,38734,467,11595,26672,51464,69689,415167,1246761,1.67083
83,340461476,funestus,NoMicrosporidia,0,0,0,0,0,0,0,0,1.67083
83,340461476,gambiae,NoMicrosporidia,0,0,0,0,2,0,0,0,1.67083
84,340461476,arabiensis,NoMicrosporidia,163,3,98,62,375,2043,133341,506089,1.53542
84,340461476,arabiensis,Strain_A,39172,618,12348,26206,51880,68402,418337,1225591,1.53542
84,340461476,funestus,NoMicrosporidia,0,0,0,0,0,0,0,0,1.53542
84,340461476,gambiae,NoMicrosporidia,0,0,0,0,2,0,0,0,1.53542
85,340461476,arabiensis,NoMicrosporidia,181,14,88,79,406,2695,139446,608332,1.38333
85,340461476,arabiensis,Strain_A,39265,1115,12909,25241,52075,67203,410474,1152948,1.38333
85,340461476,funestus,NoMicrosporidia,0,0,0,0,0,0,0,0,1.38333
85,340461476,gambiae,NoMicrosporidia,0,0,0,0,2,0,0,0,1.38333
86,340461476,arabiensis,NoMicrosporidia,198,19,97,82,430,3312,148762,472611,1.57222
86,340461476,arabiensis,Strain_A,40372,1397,13561,25414,53270,64057,401074,1208149,1.57222
86,340461476,funestus,NoMicrosporidia,0,0,0,0,0,0,0,0,1.57222
86,340461476,gambiae,NoMicrosporidia,0,0,0,0,2,0,0,0,1.57222
87,340461476,arabiensis,NoMicrosporidia,320,20,98,202,662,3876,152079,651216,1.26389
87,340461476,arabiensis,Strain_A,44665,1571,14537,28557,58129,54002,395338,1032224,1.26389
87,340461476,funestus,NoMicrosporidia,0,0,0,0,0,0,0,0,1.26389
87,340461476,gambiae,NoMicrosporidia,0,0,0,0,0,0,0,0,1.26389
88,340461476,arabiensis,NoMicrosporidia,408,19,162,227,788,4860,163913,689398,1.25833
88,340461476,arabiensis,Strain_A,44236,1865,17075,25296,58064,52254,388334,1079442,1.25833
88,340461476,funestus,NoMicrosporidia,0,0,0,0,0,0,0,0,1.25833
88,340461476,gambiae,NoMicrosporidia,0,0,0,0,0,0,0,0,1.25833
89,340461476,arabiensis,NoMicrosporidia,524,17,220,287,1019,5676,174219,567394,1.42222
89,340461476,arabiensis,Strain_A,44204,1602,17892,24710,57680,51472,380311,1148246,1.42222
89,340461476,funestus,NoMicrosporidia,0,0,0,0,0,0,0,0,1.42222
89,340461476,gambiae,NoMicrosporidia,0,0,0,0,0,0,0,0,1.42222
90,340461476,arabiensis,NoMicrosporidia,606,23,275,308,1260,7642,177323,517868,1.5625
90,340461476,arabiensis,Strain_A,43876,2349,17657,23870,57297,50458,376158,1295172,1.5625
90,340461476,funestus,NoMicrosporidia,0,0,0,0,0,0,0,0,1.5625
90,340461476,gambiae,NoMicrosporidia,0,0,0,0,0,0,0,0,1.5625
91,340461476,arabiensis,NoMicrosporidia,727,27,338,362,1624,10182,178966,661216,1.5375
91,340461476,arabiensis,Strain_A,43430,2570,17589,23271,56980,47182,385063,1585664,1.5375
91,340461476,funestus,NoMicrosporidia,0,0,0,0,0,0,0,0,1.5375
91,340461476,gambiae,NoMicrosporidia,0,0,0,0,0,0,0,0,1.5375
92,340461476,arabiensis,NoMicrosporidia,912,20,423,469,2034,12388,180894,581372,1.41875
92,340461476,arabiensis,Strain_A,42943,2214,18398,22331,56446,43609,393740,1157108,1.41875
92,340461476,funestus,NoMicrosporidia,0,0,0,0,0,0,0,0,1.41875
92,340461476,gambiae,NoMicrosporidia,0,0,0,0,0,0,0,0,1.41875
93,340461476,arabiensis,NoMicrosporidia,1127,24,539,564,2446,14795,185488,662028,1.34583
93,340461476,arabiensis,Strain_A,42742,2398,18372,21972,56019,41058,397509,1176132,1.34583
93,340461476,funestus,NoMicrosporidia,0,0,0,0,0,0,0,0,1.34583
93,340461476,gambiae,NoMicrosporidia,0,0,0,0,0,0,0,0,1.34583
94,340461476,arabiensis,NoMicrosporidia,1529,20,667,842,3215,16022,192795,832439,1.25208
94,340461476,arabiensis,Strain_A,42396,2646,18414,21336,55629,39416,400017,1277401,1.25208
94,340461476,funestus,NoMicrosporidia,0,0,0,0,0,0,0,0,1.25208
94,340461476,gambiae,NoMicrosporidia,0,0,0,0,0,0,0,0,1.25208
95,340461476,arabiensis,NoMicrosporidia,2030,19,908,1103,4238,17915,201228,658767,1.33542
95,340461476,arabiensis,Strain_A,41543,2819,18493,20231,54574,41964,398628,1140433,1.33542
95,340461476,funestus,NoMicrosporidia,0,0,0,0,0,0,0,0,1.33542
95,340461476,gambiae,NoMicrosporidia,0,0,0,0,0,0,0,0,1.33542
96,340461476,arabiensis,NoMicrosporidia,2499,17,1200,1282,5181,18484,208699,618321,1.40417
96,340461476,arabiensis,Strain_A,40502,3047,18210,19245,53036,42310,404341,1182959,1.40417
96,340461476,funestus,NoMicrosporidia,0,0,0,0,0,0,0,0,1.40417
96,340461476,gambiae,NoMicrosporidia,0,0,0,0,0,0,0,0,1.40417
97,340461476,arabiensis,NoMicrosporidia,2982,23,1427,1532,6149,18180,212180,683955,1.425
97,340461476,arabiensis,Strain_A,39897,3272,17577,19048,51909,42764,407407,1339405,1.425
97,340461476,funestus,NoMicrosporidia,0,0,0,0,0,0,0,0,1.425
97,340461476,gambiae,NoMicrosporidia,0,0,0,0,0,0,0,0,1.425
98,340461476,arabiensis,NoMicrosporidia,3456,20,1726,1710,6977,13224,219709,714029,1.29167
98,340461476,arabiensis,Strain_A,39272,3471,17223,18578,51081,30832,423115,1119051,1.29167
98,340461476,funestus,NoMicrosporidia,0,0,0,0,0,0,0,0,1.29167
98,340461476,gambiae,NoMicrosporidia,0,0,0,0,0,0,0,0,1.29167
99,340461476,arabiensis,NoMicrosporidia,4215,38,2063,2114,8167,12155,220544,704664,1.29792
99,340461476,arabiensis,Strain_A,39912,4138,16335,19439,51333,31449,410654,1086576,1.29792
99,340461476,funestus,NoMicrosporidia,0,0,0,0,0,0,0,0,1.29792
99,340461476,gambiae,NoMicrosporidia,0,0,0,0,0,0,0,0,1.29792
100,340461476,arabiensis,NoMicrosporidia,4580,50,2523,2007,8878,11907,229598,665079,1.44583
100,340461476,arabiensis,Strain_A,39269,4167,16557,18545,50673,31441,414227,1265761,1.44583
100,340461476,funestus,NoMicrosporidia,0,0,0,0,0,0,0,0,1.44583
100,340461476,gambiae,NoMicrosporidia,0,0,0,0,0,0,0,0,1.44583
101,340461476,arabiensis,NoMicrosporidia,4841,67,2734,2040,9305,12944,229297,609914,1.49583
101,340461476,arabiensis,Strain_A,38956,4266,16112,18578,50242,30298,416496,1220086,1.49583
101,340461476,funestus,NoMicrosporidia,0,0,0,0,0,0,0,0,1.49583
101,340461476,gambiae,NoMicrosporidia,0,0,0,0,0,0,0,0,1.49583
102,340461476,arabiensis,NoMicrosporidia,4190,87,2870,1233,8067,15921,229929,663927,1.40417
102,340461476,arabiensis,Strain_A,33972,4304,15795,13873,45817,38252,419237,1127153,1.40417
102,340461476,funestus,NoMicrosporidia,0,0,0,0,0,0,0,0,1.40417
102,340461476,gambiae,NoMicrosporidia,0,0,0,0,0,0,0,0,1.40417
103,340461476,arabiensis,NoMicrosporidia,4495,98,2729,1668,8799,17719,231830,822266,1.33125
103,340461476,arabiensis,Strain_A,34862,4378,13442,17042,45964,35633,420916,1230094,1.33125
103,340461476,funestus,NoMicrosporidia,0,0,0,0,0,0,0,0,1.33125
103,340461476,gambiae,NoMicrosporidia,0,0,0,0,0,0,0,0,1.33125
104,340461476,arabiensis,NoMicrosporidia,4669,133,2849,1687,9108,19131,237873,681106,1.41667
104,340461476,arabiensis,Strain_A,34349,4394,13293,16662,45430,34884,421501,1145934,1.41667
104,340461476,funestus,NoMicrosporidia,0,0,0,0,0,0,0,0,1.41667
104,340461476,gambiae,NoMicrosporidia,0,0,0,0,0,0,0,0,1.41667
105,340461476,arabiensis,NoMicrosporidia,5015,174,2910,1931,9719,18843,240184,711944,1.37917
105,340461476,arabiensis,Strain_A,34066,4430,12756,16880,44782,35184,421847,1117616,1.37917
105,340461476,funestus,NoMicrosporidia,0,0,0,0,0,0,0,0,1.37917
105,340461476,gambiae,NoMicrosporidia,0,0,0,0,0,0,0,0,1.37917
106,340461476,arabiensis,NoMicrosporidia,5181,237,2903,2041,9922,19437,244048,567926,1.30417
106,340461476,arabiensis,Strain_A,33943,4447,12208,17288,44406,37120,419472,813674,1.30417
106,340461476,funestus,NoMicrosporidia,0,0,0,0,0,0,0,0,1.30417
106,340461476,gambiae,NoMicrosporidia,0,0,0,0,0,0,0,0,1.30417
107,340461476,arabiensis,NoMicrosporidia,5782,287,2866,2629,10750,18657,250976,804781,1.27292
107,340461476,arabiensis,Strain_A,33587,4380,11634,17573,43797,39290,418385,1075059,1.27292
107,340461476,funestus,NoMicrosporidia,0,0,0,0,0,0,0,0,1.27292
107,340461476,gambiae,NoMicrosporidia,0,0,0,0,0,0,0,0,1.27292
108,340461476,arabiensis,NoMicrosporidia,6167,323,2992,2852,11467,18779,258263,721382,1.35
108,340461476,arabiensis,Strain_A,33283,4335,11046,17902,43167,40620,416141,1057338,1.35
108,340461476,funestus,NoMicrosporidia,0,0,0,0,0,0,0,0,1.35
108,340461476,gambiae,NoMicrosporidia,0,0,0,0,0,0,0,0,1.35
109,340461476,arabiensis,NoMicrosporidia,6228,387,3017,2824,11698,20275,261466,557643,1.46875
109,340461476,arabiensis,Strain_A,33274,4337,10415,18522,42910,41274,415811,942197,1.46875
109,340461476,funestus,NoMicrosporidia,0,0,0,0,0,0,0,0,1.46875
109,340461476,gambiae,NoMicrosporidia,0,0,0,0,0,0,0,0,1.46875
110,340461476,arabiensis,NoMicrosporidia,6399,463,2916,3020,11884,22168,259751,729322,1.38125
110,340461476,arabiensis,Strain_A,33859,4341,9815,19703,43295,40489,416913,1102558,1.38125
110,340461476,funestus,NoMicrosporidia,0,0,0,0,0,0,0,0,1.38125
110,340461476,gambiae,NoMicrosporidia,0,0,0,0,0,0,0,0,1.38125
111,340461476,arabiensis,NoMicrosporidia,6528,542,2844,3142,11951,23759,262690,814841,1.275
111,340461476,arabiensis,Strain_A,34162,4421,9317,20424,43711,40708,417122,1001639,1.275
111,340461476,funestus,NoMicrosporidia,0,0,0,0,0,0,0,0,1.275
111,340461476,gambiae,NoMicrosporidia,0,0,0,0,0,0,0,0,1.275
112,340461476,arabiensis,NoMicrosporidia,6854,587,2786,3481,12452,23830,271068,683690,1.35417
112,340461476,arabiensis,Strain_A,34374,4336,8913,21125,44064,40977,413487,932230,1.35417
112,340461476,funestus,NoMicrosporidia,0,0,0,0,0,0,0,0,1.35417
112,340461476,gambiae,NoMicrosporidia,0,0,0,0,0,0,0,0,1.35417
113,340461476,arabiensis,NoMicrosporidia,7250,582,2773,3895,13069,23111,275531,705657,1.4375
113,340461476,arabiensis,Strain_A,34591,4222,8419,21950,44089,41574,411281,1108943,1.4375
113,340461476,funestus,NoMicrosporidia,0,0,0,0,0,0,0,0,1.4375
113,340461476,gambiae,NoMicrosporidia,0,0,0,0,0,0,0,0,1.4375
114,340461476,arabiensis,NoMicrosporidia,7691,565,2800,4326,13920,21775,276335,759939,1.42708
114,340461476,arabiensis,Strain_A,34841,3687,8363,22791,44234,39395,414115,1131301,1.42708
114,340461476,funestus,NoMicrosporidia,0,0,0,0,0,0,0,0,1.42708
114,340461476,gambiae,NoMicrosporidia,0,0,0,0,0,0,0,0,1.42708
115,340461476,arabiensis,NoMicrosporidia,7982,615,2792,4575,14691,22433,275686,674425,1.47917
115,340461476,arabiensis,Strain_A,35677,3707,7839,24131,44514,39162,412018,1054935,1.47917
115,340461476,funestus,NoMicrosporidia,0,0,0,0,0,0,0,0,1.47917
115,340461476,gambiae,NoMicrosporidia,0,0,0,0,0,0,0,0,1.47917
116,340461476,arabiensis,NoMicrosporidia,8138,630,2781,4727,14838,22140,275973,755668,1.45
116,340461476,arabiensis,Strain_A,36132,3625,7471,25036,44881,38778,412434,1135932,1.45
116,340461476,funestus,NoMicrosporidia,0,0,0,0,0,0,0,0,1.45
116,340461476,gambiae,NoMicrosporidia,0,0,0,0,0,0,0,0,1.45
117,340461476,arabiensis,NoMicrosporidia,8194,637,2761,4796,14886,21877,277249,778643,1.49167
117,340461476,arabiensis,Strain_A,36413,3481,7130,25802,45233,39009,411541,1215877,1.49167
117,340461476,funestus,NoMicrosporidia,0,0,0,0,0,0,0,0,1.49167
117,340461476,gambiae,NoMicrosporidia,0,0,0,0,0,0,0,0,1.49167
118,340461476,arabiensis,NoMicrosporidia,8160,657,2728,4775,14810,22825,276327,744844,1.50208
118,340461476,arabiensis,Strain_A,35768,3423,6888,25457,44623,40505,411168,1136876,1.50208
118,340461476,funestus,NoMicrosporidia,0,0,0,0,0,0,0,0,1.50208
118,340461476,gambiae,NoMicrosporidia,0,0,0,0,0,0,0,0,1.50208
119,340461476,arabiensis,NoMicrosporidia,8539,700,2694,5145,15499,23150,275504,798498,1.5
119,340461476,arabiensis,Strain_A,36229,3286,6467,26476,44725,39757,411033,1238062,1.5
119,340461476,funestus,NoMicrosporidia,0,0,0,0,0,0,0,0,1.5
119,340461476,gambiae,NoMicrosporidia,0,0,0,0,0,0,0,0,1.5
120,340461476,arabiensis,NoMicrosporidia,8634,729,2683,5222,15537,31516,267429,911721,1.35
120,340461476,arabiensis,Strain_A,36200,3061,6421,26718,44736,52093,398681,1157959,1.35
120,340461476,funestus,NoMicrosporidia,0,0,0,0,0,0,0,0,1.35
120,340461476,gambiae,NoMicrosporidia,0,0,0,0,0,0,0,0,1.35
121,340461476,arabiensis,NoMicrosporidia,8748,737,2745,5266,15530,33342,258689,852777,1.38125
121,340461476,arabiensis,Strain_A,36185,2983,6272,26930,45031,51664,380596,1111583,1.38125
121,340461476,funestus,NoMicrosporidia,0,0,0,0,0,0,0,0,1.38125
121,340461476,gambiae,NoMicrosporidia,0,0,0,0,0,0,0,0,1.38125
122,340461476,arabiensis,NoMicrosporidia,8949,772,2741,5436,15853,34767,242472,837646,1.37917
122,340461476,arabiensis,Strain_A,36359,2859,6285,27215,45186,51368,355780,1095034,1.37917
122,340461476,funestus,NoMicrosporidia,0,0,0,0,0,0,0,0,1.37917
122,340461476,gambiae,NoMicrosporidia,0,0,0,0,0,0,0,0,1.37917
123,340461476,arabiensis,NoMicrosporidia,9190,759,2907,5524,16443,34823,229013,880573,1.4875
123,340461476,arabiensis,Strain_A,36408,2779,6433,27196,45034,51572,332640,1279107,1.4875
123,340461476,funestus,NoMicrosporidia,0,0,0,0,0,0,0,0,1.4875
123,340461476,gambiae,NoMicrosporidia,0,0,0,0,0,0,0,0,1.4875
124,340461476,arabiensis,NoMicrosporidia,10837,729,3120,6988,19252,29311,215573,811297,1.48889
124,340461476,arabiensis,Strain_A,41832,2664,6627,32541,49352,43532,311586,1194103,1.48889
124,340461476,funestus,NoMicrosporidia,0,0,0,0,0,0,0,0,1.48889
124,340461476,gambiae,NoMicrosporidia,0,0,0,0,0,0,0,0,1.48889
125,340461476,arabiensis,NoMicrosporidia,11178,741,3633,6804,19031,29164,202000,850199,1.40833
125,340461476,arabiensis,Strain_A,41703,2472,8168,31063,50101,43792,291470,1124321,1.40833
125,340461476,funestus,NoMicrosporidia,0,0,0,0,0,0,0,0,1.40833
125,340461476,gambiae,NoMicrosporidia,0,0,0,0,0,0,0,0,1.40833
126,340461476,arabiensis,NoMicrosporidia,11416,728,3915,6773,19794,29944,190369,906700,1.45625
126,340461476,arabiensis,Strain_A,41549,2363,8463,30723,50022,43300,274527,1259380,1.45625
126,340461476,funestus,NoMicrosporidia,0,0,0,0,0,0,0,0,1.45625
126,340461476,gambiae,NoMicrosporidia,0,0,0,0,0,0,0,0,1.45625
127,340461476,arabiensis,NoMicrosporidia,11731,705,4223,6803,20112,30305,179270,940394,1.33125
127,340461476,arabiensis,Strain_A,41585,2294,8804,30487,50159,42855,258604,1110206,1.33125
127,340461476,funestus,NoMicrosporidia,0,0,0,0,0,0,0,0,1.33125
127,340461476,gambiae,NoMicrosporidia,0,0,0,0,0,0,0,0,1.33125
128,340461476,arabiensis,NoMicrosporidia,11625,704,4684,6237,20211,30580,171890,1217159,1.41042
128,340461476,arabiensis,Strain_A,41338,2191,9319,29828,50156,42772,242368,1567161,1.41042
128,340461476,funestus,NoMicrosporidia,0,0,0,0,0,0,0,0,1.41042
128,340461476,gambiae,NoMicrosporidia,0,0,0,0,0,0,0,0,1.41042
129,340461476,arabiensis,NoMicrosporidia,11923,682,4980,6261,20466,30011,163968,991034,1.39722
129,340461476,arabiensis,Strain_A,41485,2142,9666,29677,50285,42138,228315,1235646,1.39722
129,340461476,funestus,NoMicrosporidia,0,0,0,0,0,0,0,0,1.39722
129,340461476,gambiae,NoMicrosporidia,0,0,0,0,0,0,0,0,1.39722
130,340461476,arabiensis,NoMicrosporidia,12302,685,5345,6272,21153,28823,156211,997713,1.37083
130,340461476,arabiensis,Strain_A,41475,2015,10343,29117,50046,42749,214504,1191647,1.37083
130,340461476,funestus,NoMicrosporidia,0,0,0,0,0,0,0,0,1.37083
130,340461476,gambiae,NoMicrosporidia,0,0,0,0,0,0,0,0,1.37083
131,340461476,arabiensis,NoMicrosporidia,12586,710,5930,5946,21578,28089,150029,1208104,1.37083
131,340461476,arabiensis,Strain_A,41252,1982,10976,28294,50078,42656,202099,1438856,1.37083
131,340461476,funestus,NoMicrosporidia,0,0,0,0,0,0,0,0,1.37083
131,340461476,gambiae,NoMicrosporidia,0,0,0,0,0,0,0,0,1.37083
132,340461476,arabiensis,NoMicrosporidia,12668,690,6276,5702,21564,19882,152656,1052560,1.32917
132,340461476,arabiensis,Strain_A,41181,1953,11523,27705,50142,30236,202308,1193480,1.32917
132,340461476,funestus,NoMicrosporidia,0,0,0,0,0,0,0,0,1.32917
132,340461476,gambiae,NoMicrosporidia,0,0,0,0,0,0,0,0,1.32917
133,340461476,arabiensis,NoMicrosporidia,12743,705,6593,5445,21573,19754,138725,1213867,1.13542
133,340461476,arabiensis,Strain_A,40898,1941,12154,26803,49914,30509,180241,1052333,1.13542
133,340461476,funestus,NoMicrosporidia,0,0,0,0,0,0,0,0,1.13542
133,340461476,gambiae,NoMicrosporidia,0,0,0,0,0,0,0,0,1.13542
134,340461476,arabiensis,NoMicrosporidia,12925,758,6983,5184,21725,19734,137955,1305017,1.24167
134,340461476,arabiensis,Strain_A,40742,1968,12570,26204,49857,30571,168904,1284183,1.24167
134,340461476,funestus,NoMicrosporidia,0,0,0,0,0,0,0,0,1.24167
134,340461476,gambiae,NoMicrosporidia,0,0,0,0,0,0,0,0,1.24167
135,340461476,arabiensis,NoMicrosporidia,13202,804,7368,5030,21797,19794,134928,1198016,1.16458
135,340461476,arabiensis,Strain_A,40529,1976,13136,25417,49732,30619,158861,1064824,1.16458
135,340461476,funestus,NoMicrosporidia,0,0,0,0,0,0,0,0,1.16458
135,340461476,gambiae,NoMicrosporidia,0,0,0,0,0,0,0,0,1.16458
136,340461476,arabiensis,NoMicrosporidia,11459,908,7590,2961,19162,23611,134825,1201125,1.16875
136,340461476,arabiensis,Strain_A,35190,2309,13309,19572,45619,35083,153048,1073195,1.16875
136,340461476,funestus,NoMicrosporidia,0,0,0,0,0,0,0,0,1.16875
136,340461476,gambiae,NoMicrosporidia,0,0,0,0,0,0,0,0,1.16875
137,340461476,arabiensis,NoMicrosporidia,11653,793,7132,3728,19697,20507,133565,1343382,1.13958
137,340461476,arabiensis,Strain_A,35412,1976,12066,21370,45018,29315,146971,1132698,1.13958
137,340461476,funestus,NoMicrosporidia,0,0,0,0,0,0,0,0,1.13958
137,340461476,gambiae,NoMicrosporidia,0,0,0,0,0,0,0,0,1.13958
138,340461476,arabiensis,NoMicrosporidia,11744,846,7375,3523,19856,17716,130597,1200004,1.175
138,340461476,arabiensis,Strain_A,35298,2048,12571,20679,44884,24304,139630,1059476,1.175
138,340461476,funestus,NoMicrosporidia,0,0,0,0,0,0,0,0,1.175
138,340461476,gambiae,NoMicrosporidia,0,0,0,0,0,0,0,0,1.175
139,340461476,arabiensis,NoMicrosporidia,12021,899,7587,3535,20011,11083,132034,1325201,0.998393
139,340461476,arabiensis,Strain_A,35053,2078,13027,19948,44803,14448,138550,914439,0.998393
139,340461476,funestus,NoMicrosporidia,0,0,0,0,0,0,0,0,0.998393
139,340461476,gambiae,NoMicrosporidia,0,0,0,0,0,0,0,0,0.998393
140,340461476,arabiensis,NoMicrosporidia,11762,1023,7579,3160,19755,9512,126353,883096,1.13958
140,340461476,arabiensis,Strain_A,33680,2134,13388,18158,43444,12886,127733,748984,1.13958
140,340461476,funestus,NoMicrosporidia,0,0,0,0,0,0,0,0,1.13958
140,340461476,gambiae,NoMicrosporidia,0,0,0,0,0,0,0,0,1.13958
141,340461476,arabiensis,NoMicrosporidia,11109,1027,7546,2536,18901,9039,124958,1190661,1.10208
141,340461476,arabiensis,Strain_A,31496,2246,13148,16102,41310,12743,122582,948499,1.10208
141,340461476,funestus,NoMicrosporidia,0,0,0,0,0,0,0,0,1.10208
141,340461476,gambiae,NoMicrosporidia,0,0,0,0,0,0,0,0,1.10208
142,340461476,arabiensis,NoMicrosporidia,10595,1119,7243,2233,18213,9122,122510,1184460,1.13333
142,340461476,arabiensis,Strain_A,29758,2345,12620,14793,39460,12589,116664,974020,1.13333
142,340461476,funestus,NoMicrosporidia,0,0,0,0,0,0,0,0,1.13333
142,340461476,gambiae,NoMicrosporidia,0,0,0,0,0,0,0,0,1.13333
143,340461476,arabiensis,NoMicrosporidia,9204,1243,6882,1079,16300,11479,120823,894588,1.25625
143,340461476,arabiensis,Strain_A,25991,2477,11931,11583,35964,15908,111938,853092,1.25625
143,340461476,funestus,NoMicrosporidia,0,0,0,0,0,0,0,0,1.25625
143,340461476,gambiae,NoMicrosporidia,0,0,0,0,0,0,0,0,1.25625
144,340461476,arabiensis,NoMicrosporidia,8752,1322,5992,1438,15830,11755,117617,991787,1.21042
144,340461476,arabiensis,Strain_A,24821,2596,10308,11917,34154,15529,108166,898973,1.21042
144,340461476,funestus,NoMicrosporidia,0,0,0,0,0,0,0,0,1.21042
144,340461476,gambiae,NoMicrosporidia,0,0,0,0,0,0,0,0,1.21042
145,340461476,arabiensis,NoMicrosporidia,8261,1406,5552,1303,15147,11890,115194,990439,1.11458
145,340461476,arabiensis,Strain_A,23382,2715,9833,10834,32664,15297,104675,784801,1.11458
145,340461476,funestus,NoMicrosporidia,0,0,0,0,0,0,0,0,1.11458
145,340461476,gambiae,NoMicrosporidia,0,0,0,0,0,0,0,0,1.11458
146,340461476,arabiensis,NoMicrosporidia,8029,1206,5499,1324,14716,11691,113601,848473,1.08333
146,340461476,arabiensis,Strain_A,22264,2357,9748,10159,31334,14897,100730,637567,1.08333
146,340461476,funestus,NoMicrosporidia,0,0,0,0,0,0,0,0,1.08333
146,340461476,gambiae,NoMicrosporidia,0,0,0,0,0,0,0,0,1.08333
147,340461476,arabiensis,NoMicrosporidia,7746,1279,5169,1298,14193,8426,115941,717675,1.08125
147,340461476,arabiensis,Strain_A,21296,2419,9334,9543,30052,10455,100751,547365,1.08125
147,340461476,funestus,NoMicrosporidia,0,0,0,0,0,0,0,0,1.08125
147,340461476,gambiae,NoMicrosporidia,0,0,0,0,0,0,0,0,1.08125
148,340461476,arabiensis,NoMicrosporidia,7491,1330,4813,1348,13885,8290,110539,779315,1.22292
148,340461476,arabiensis,Strain_A,20221,2520,8915,8786,28944,10211,94301,708405,1.22292
148,340461476,funestus,NoMicrosporidia,0,0,0,0,0,0,0,0,1.22292
148,340461476,gambiae,NoMicrosporidia,0,0,0,0,0,0,0,0,1.22292
149,340461476,arabiensis,NoMicrosporidia,7377,1382,4649,1346,13452,8330,108743,720960,1.10625
149,340461476,arabiensis,Strain_A,19428,2606,8584,8238,27869,9997,92180,552400,1.10625
149,340461476,funestus,NoMicrosporidia,0,0,0,0,0,0,0,0,1.10625
149,340461476,gambiae,NoMicrosporidia,0,0,0,0,0,0,0,0,1.10625
150,340461476,arabiensis,NoMicrosporidia,7167,1251,4667,1249,13072,6661,109528,590155,1.24583
150,340461476,arabiensis,Strain_A,18668,2282,8623,7763,26701,7755,91587,548085,1.24583
150,340461476,funestus,NoMicrosporidia,0,0,0,0,0,0,0,0,1.24583
150,340461476,gambiae,NoMicrosporidia,0,0,0,0,0,0,0,0,1.24583
151,340461476,arabiensis,NoMicrosporidia,6222,1590,4131,501,11631,9594,104161,729125,1.07083
151,340461476,arabiensis,Strain_A,16189,2779,7842,5568,24358,10164,87788,534035,1.07083
151,340461476,funestus,NoMicrosporidia,0,0,0,0,0,0,0,0,1.07083
151,340461476,gambiae,NoMicrosporidia,0,0,0,0,0,0,0,0,1.07083
152,340461476,arabiensis,NoMicrosporidia,6223,1397,3746,1080,11555,9764,98183,656484,1.05417
152,340461476,arabiensis,Strain_A,15729,2449,6979,6301,23229,9922,81244,458276,1.05417
152,340461476,funestus,NoMicrosporidia,0,0,0,0,0,0,0,0,1.05417
152,340461476,gambiae,NoMicrosporidia,0,0,0,0,0,0,0,0,1.05417
153,340461476,arabiensis,NoMicrosporidia,6097,1391,3644,1062,11296,10086,92827,605084,1.06667
153,340461476,arabiensis,Strain_A,15256,2525,6727,6004,22372,9522,75666,433476,1.06667
153,340461476,funestus,NoMicrosporidia,0,0,0,0,0,0,0,0,1.06667
153,340461476,gambiae,NoMicrosporidia,0,0,0,0,0,0,0,0,1.06667
154,340461476,arabiensis,NoMicrosporidia,5570,1359,3526,685,10483,10988,87896,655803,1.04792
154,340461476,arabiensis,Strain_A,13830,2461,6515,4854,20889,10065,70949,457517,1.04792
154,340461476,funestus,NoMicrosporidia,0,0,0,0,0,0,0,0,1.04792
154,340461476,gambiae,NoMicrosporidia,0,0,0,0,0,0,0,0,1.04792
155,340461476,arabiensis,NoMicrosporidia,5696,1352,3160,1184,10565,10120,83079,426884,1.11875
155,340461476,arabiensis,Strain_A,13478,2359,5916,5203,19976,9131,66271,328636,1.11875
155,340461476,funestus,NoMicrosporidia,0,0,0,0,0,0,0,0,1.11875
155,340461476,gambiae,NoMicrosporidia,0,0,0,0,0,0,0,0,1.11875
156,340461476,arabiensis,NoMicrosporidia,5608,1300,3264,1044,10490,9558,78011,491814,1.23958
156,340461476,arabiensis,Strain_A,13177,2273,5853,5051,19396,8420,61934,437066,1.23958
156,340461476,funestus,NoMicrosporidia,0,0,0,0,0,0,0,0,1.23958
156,340461476,gambiae,NoMicrosporidia,0,0,0,0,0,0,0,0,1.23958
157,340461476,arabiensis,NoMicrosporidia,5622,1138,3331,1153,10571,8328,73093,611138,0.964643
157,340461476,arabiensis,Strain_A,12654,1973,6002,4679,18607,6865,58882,368302,0.964643
157,340461476,funestus,NoMicrosporidia,0,0,0,0,0,0,0,0,0.964643
157,340461476,gambiae,NoMicrosporidia,0,0,0,0,0,0,0,0,0.964643
158,340461476,arabiensis,NoMicrosporidia,5603,1102,3362,1139,10362,8155,68927,375347,0.979107
158,340461476,arabiensis,Strain_A,12155,1917,5896,4342,17858,6713,54346,231533,0.979107
158,340461476,funestus,NoMicrosporidia,0,0,0,0,0,0,0,0,0.979107
158,340461476,gambiae,NoMicrosporidia,0,0,0,0,0,0,0,0,0.979107
159,340461476,arabiensis,NoMicrosporidia,5511,1063,3347,1101,10146,8191,65752,534027,0.914018
159,340461476,arabiensis,Strain_A,11487,1893,5585,4009,16969,6576,51006,295533,0.914018
159,340461476,funestus,NoMicrosporidia,0,0,0,0,0,0,0,0,0.914018
159,340461476,gambiae,NoMicrosporidia,0,0,0,0,0,0,0,0,0.914018
160,340461476,arabiensis,NoMicrosporidia,5497,1007,3386,1104,9901,8052,63011,560264,0.967857
160,340461476,arabiensis,Strain_A,10920,1820,5244,3856,16262,6459,47422,333896,0.967857
160,340461476,funestus,NoMicrosporidia,0,0,0,0,0,0,0,0,0.967857
160,340461476,gambiae,NoMicrosporidia,0,0,0,0,0,0,0,0,0.967857
161,340461476,arabiensis,NoMicrosporidia,5339,971,3419,949,9523,6012,62507,405648,0.941339
161,340461476,arabiensis,Strain_A,10148,1791,5002,3355,15241,5031,46186,225992,0.941339
161,340461476,funestus,NoMicrosporidia,0,0,0,0,0,0,0,0,0.941339
161,340461476,gambiae,NoMicrosporidia,0,0,0,0,0,0,0,0,0.941339
162,340461476,arabiensis,NoMicrosporidia,5269,969,3263,1037,9384,5733,57293,477929,0.936518
162,340461476,arabiensis,Strain_A,9681,1745,4478,3458,14591,4963,41466,264751,0.936518
162,340461476,funestus,NoMicrosporidia,0,0,0,0,0,0,0,0,0.936518
162,340461476,gambiae,NoMicrosporidia,0,0,0,0,0,0,0,0,0.936518
163,340461476,arabiensis,NoMicrosporidia,5166,816,3347,1003,9244,5576,55361,487162,0.953393
163,340461476,arabiensis,Strain_A,9266,1499,4434,3333,13938,4997,38760,273078,0.953393
163,340461476,funestus,NoMicrosporidia,0,0,0,0,0,0,0,0,0.953393
163,340461476,gambiae,NoMicrosporidia,0,0,0,0,0,0,0,0,0.953393
164,340461476,arabiensis,NoMicrosporidia,5096,771,3314,1011,9099,5536,52684,391655,0.918036
164,340461476,arabiensis,Strain_A,8941,1454,4250,3237,13403,4876,36085,199545,0.918036
164,340461476,funestus,NoMicrosporidia,0,0,0,0,0,0,0,0,0.918036
164,340461476,gambiae,NoMicrosporidia,0,0,0,0,0,0,0,0,0.918036
165,340461476,arabiensis,NoMicrosporidia,4427,751,3279,397,8142,7167,50577,385307,0.959821
165,340461476,arabiensis,Strain_A,7809,1468,4019,2322,12244,5997,33658,210573,0.959821
165,340461476,funestus,NoMicrosporidia,0,0,0,0,0,0,0,0,0.959821
165,340461476,gambiae,NoMicrosporidia,0,0,0,0,0,0,0,0,0.959821
166,340461476,arabiensis,NoMicrosporidia,4359,654,2887,818,8032,6576,49112,439743,0.935714
166,340461476,arabiensis,Strain_A,7568,1261,3554,2753,11709,5306,31957,234817,0.935714
166,340461476,funestus,NoMicrosporidia,0,0,0,0,0,0,0,0,0.935714
166,340461476,gambiae,NoMicrosporidia,0,0,0,0,0,0,0,0,0.935714
167,340461476,arabiensis,NoMicrosporidia,4272,649,2855,768,7839,6444,46549,355410,0.971071
167,340461476,arabiensis,Strain_A,7331,1261,3353,2717,11262,5356,29321,188710,0.971071
167,340461476,funestus,NoMicrosporidia,0,0,0,0,0,0,0,0,0.971071
167,340461476,gambiae,NoMicrosporidia,0,0,0,0,0,0,0,0,0.971071
168,340461476,arabiensis,NoMicrosporidia,4288,640,2811,837,7790,4400,46690,365480,0.946161
168,340461476,arabiensis,Strain_A,7121,1232,3222,2667,10841,3674,28979,187320,0.946161
168,340461476,funestus,NoMicrosporidia,0,0,0,0,0,0,0,0,0.946161
168,340461476,gambiae,NoMicrosporidia,0,0,0,0,0,0,0,0,0.946161
169,340461476,arabiensis,NoMicrosporidia,4310,590,2812,908,7721,4448,42409,288541,0.948572
169,340461476,arabiensis,Strain_A,6864,1113,3180,2571,10436,3675,25677,157979,0.948572
169,340461476,funestus,NoMicrosporidia,0,0,0,0,0,0,0,0,0.948572
169,340461476,gambiae,NoMicrosporidia,0,0,0,0,0,0,0,0,0.948572
170,340461476,arabiensis,NoMicrosporidia,4096,505,2889,702,7370,4451,41627,338048,0.961429
170,340461476,arabiensis,Strain_A,6484,985,3176,2323,9909,3751,24474,169632,0.961429
170,340461476,funestus,NoMicrosporidia,0,0,0,0,0,0,0,0,0.961429
170,340461476,gambiae,NoMicrosporidia,0,0,0,0,0,0,0,0,0.961429
171,340461476,arabiensis,NoMicrosporidia,4040,511,2731,798,7226,3858,40269,329853,0.930893
171,340461476,arabiensis,Strain_A,6384,972,2951,2461,9537,3037,23081,163227,0.930893
171,340461476,funestus,NoMicrosporidia,0,0,0,0,0,0,0,0,0.930893
171,340461476,gambiae,NoMicrosporidia,0,0,0,0,0,0,0,0,0.930893
172,340461476,arabiensis,NoMicrosporidia,3534,519,2682,333,6485,4571,38733,286922,0.960625
172,340461476,arabiensis,Strain_A,5555,960,2841,1754,8693,3441,21771,149998,0.960625
172,340461476,funestus,NoMicrosporidia,0,0,0,0,0,0,0,0,0.960625
172,340461476,gambiae,NoMicrosporidia,0,0,0,0,0,0,0,0,0.960625
173,340461476,arabiensis,NoMicrosporidia,3598,527,2315,756,6552,3823,37107,316670,0.924464
173,340461476,arabiensis,Strain_A,5468,937,2443,2088,8360,2868,20701,148210,0.924464
173,340461476,funestus,NoMicrosporidia,0,0,0,0,0,0,0,0,0.924464
173,340461476,gambiae,NoMicrosporidia,0,0,0,0,0,0,0,0,0.924464
174,340461476,arabiensis,NoMicrosporidia,3484,535,2313,636,6341,3529,35710,287781,0.904375
174,340461476,arabiensis,Strain_A,5236,890,2395,1951,8068,2414,19596,135059,0.904375
174,340461476,funestus,NoMicrosporidia,0,0,0,0,0,0,0,0,0.904375
174,340461476,gambiae,NoMicrosporidia,0,0,0,0,0,0,0,0,0.904375
175,340461476,arabiensis,NoMicrosporidia,3354,529,2249,576,6033,2473,35358,277767,0.975089
175,340461476,arabiensis,Strain_A,4879,847,2250,1782,7619,1665,19143,144673,0.975089
175,340461476,funestus,NoMicrosporidia,0,0,0,0,0,0,0,0,0.975089
175,340461476,gambiae,NoMicrosporidia,0,0,0,0,0,0,0,0,0.975089
176,340461476,arabiensis,NoMicrosporidia,3183,526,2107,550,5770,2281,33008,205797,0.994375
176,340461476,arabiensis,Strain_A,4601,815,2093,1693,7096,1644,17606,107123,0.994375
176,340461476,funestus,NoMicrosporidia,0,0,0,0,0,0,0,0,0.994375
176,340461476,gambiae,NoMicrosporidia,0,0,0,0,0,0,0,0,0.994375
177,340461476,arabiensis,NoMicrosporidia,3017,512,1989,516,5508,2004,31896,274811,0.961429
177,340461476,arabiensis,Strain_A,4305,754,1954,1597,6719,1557,16734,134109,0.961429
177,340461476,funestus,NoMicrosporidia,0,0,0,0,0,0,0,0,0.961429
177,340461476,gambiae,NoMicrosporidia,0,0,0,0,0,0,0,0,0.961429
178,340461476,arabiensis,NoMicrosporidia,2916,585,1796,535,5247,2749,29772,242621,1.00417
178,340461476,arabiensis,Strain_A,3971,819,1685,1467,6310,1972,15428,125939,1.00417
178,340461476,funestus,NoMicrosporidia,0,0,0,0,0,0,0,0,1.00417
178,340461476,gambiae,NoMicrosporidia,0,0,0,0,0,0,0,0,1.00417
179,340461476,arabiensis,NoMicrosporidia,2535,574,1683,278,4705,3312,29436,178419,1.13125
179,340461476,arabiensis,Strain_A,3475,788,1531,1156,5728,2241,15196,105261,1.13125
179,340461476,funestus,NoMicrosporidia,0,0,0,0,0,0,0,0,1.13125
179,340461476,gambiae,NoMicrosporidia,0,0,0,0,0,0,0,0,1.13125
