Time,NodeID,NumIndividuals,NumInfected,AvgInfectiousness,AvgParasiteDensity,AvgGametocyteDensity,AvgVariantFractionPfEMP1Major,AvgNumInfections,AvgInfectionClearedDuration,NumInfectionsCleared,NumHasFever,NumHasClinicalSymptoms
0,7,1000,0,0,0,0,0,0,0,0,0,0
0,6,1000,0,0,0,0,0,0,0,0,0,0
0,5,1000,0,0,0,0,0,0,0,0,0,0
0,4,1000,0,0,0,0,0,0,0,0,0,0
0,3,1000,0,0,0,0,0,0,0,0,0,0
0,2,1000,0,0,0,0,0,0,0,0,0,0
0,1,1000,0,0,0,0,0,0,0,0,0,0
1,7,1000,0,0,0,0,0,0,0,0,0,0
1,6,1000,0,0,0,0,0,0,0,0,0,0
1,5,1000,0,0,0,0,0,0,0,0,0,0
1,4,1000,0,0,0,0,0,0,0,0,0,0
1,3,1000,0,0,0,0,0,0,0,0,0,0
1,2,1000,0,0,0,0,0,0,0,0,0,0
1,1,1000,0,0,0,0,0,0,0,0,0,0
2,7,1000,0,0,0,0,0,0,0,0,0,0
2,6,1000,0,0,0,0,0,0,0,0,0,0
2,5,1000,0,0,0,0,0,0,0,0,0,0
2,4,1000,0,0,0,0,0,0,0,0,0,0
2,3,1000,0,0,0,0,0,0,0,0,0,0
2,2,1000,0,0,0,0,0,0,0,0,0,0
2,1,1000,0,0,0,0,0,0,0,0,0,0
3,7,1000,0,0,0,0,0,0,0,0,0,0
3,6,1000,0,0,0,0,0,0,0,0,0,0
3,5,1000,0,0,0,0,0,0,0,0,0,0
3,4,1000,0,0,0,0,0,0,0,0,0,0
3,3,1000,0,0,0,0,0,0,0,0,0,0
3,2,1000,0,0,0,0,0,0,0,0,0,0
3,1,1000,0,0,0,0,0,0,0,0,0,0
4,7,1000,0,0,0,0,0,0,0,0,0,0
4,6,1000,0,0,0,0,0,0,0,0,0,0
4,5,1000,0,0,0,0,0,0,0,0,0,0
4,4,1000,0,0,0,0,0,0,0,0,0,0
4,3,1000,0,0,0,0,0,0,0,0,0,0
4,2,1000,0,0,0,0,0,0,0,0,0,0
4,1,1000,0,0,0,0,0,0,0,0,0,0
5,7,1000,0,0,0,0,0,0,0,0,0,0
5,6,1000,0,0,0,0,0,0,0,0,0,0
5,5,1000,0,0,0,0,0,0,0,0,0,0
5,4,1000,0,0,0,0,0,0,0,0,0,0
5,3,1000,0,0,0,0,0,0,0,0,0,0
5,2,1000,0,0,0,0,0,0,0,0,0,0
5,1,1000,0,0,0,0,0,0,0,0,0,0
6,7,1000,0,0,0,0,0,0,0,0,0,0
6,6,1000,0,0,0,0,0,0,0,0,0,0
6,5,1000,0,0,0,0,0,0,0,0,0,0
6,4,1000,0,0,0,0,0,0,0,0,0,0
6,3,1000,0,0,0,0,0,0,0,0,0,0
6,2,1000,0,0,0,0,0,0,0,0,0,0
6,1,1000,0,0,0,0,0,0,0,0,0,0
7,7,1000,0,0,0,0,0,0,0,0,0,0
7,6,1000,0,0,0,0,0,0,0,0,0,0
7,5,1000,0,0,0,0,0,0,0,0,0,0
7,4,1000,0,0,0,0,0,0,0,0,0,0
7,3,1000,0,0,0,0,0,0,0,0,0,0
7,2,1000,0,0,0,0,0,0,0,0,0,0
7,1,1000,0,0,0,0,0,0,0,0,0,0
8,7,1000,0,0,0,0,0,0,0,0,0,0
8,6,1000,0,0,0,0,0,0,0,0,0,0
8,5,1000,0,0,0,0,0,0,0,0,0,0
8,4,1000,0,0,0,0,0,0,0,0,0,0
8,3,1000,0,0,0,0,0,0,0,0,0,0
8,2,1000,0,0,0,0,0,0,0,0,0,0
8,1,1000,0,0,0,0,0,0,0,0,0,0
9,7,1000,0,0,0,0,0,0,0,0,0,0
9,6,1000,0,0,0,0,0,0,0,0,0,0
9,5,1000,0,0,0,0,0,0,0,0,0,0
9,4,1000,0,0,0,0,0,0,0,0,0,0
9,3,1000,0,0,0,0,0,0,0,0,0,0
9,2,1000,0,0,0,0,0,0,0,0,0,0
9,1,1000,0,0,0,0,0,0,0,0,0,0
10,7,1000,1000,0,0,0,0,1,0,0,0,0
10,6,1000,1000,0,0,0,0,1,0,0,0,0
10,5,1000,1000,0,0,0,0,1,0,0,0,0
10,4,1000,1000,0,0,0,0,1,0,0,0,0
10,3,1000,1000,0,0,0,0,1,0,0,0,0
10,2,1000,1000,0,0,0,0,1,0,0,0,0
10,1,1000,1000,0,0,0,0,1,0,0,0,0
11,7,1000,1000,0,0,0,0,1,0,0,0,0
11,6,1000,1000,0,0,0,0,1,0,0,0,0
11,5,1000,1000,0,0,0,0,1,0,0,0,0
11,4,1000,1000,0,0,0,0,1,0,0,0,0
11,3,1000,1000,0,0,0,0,1,0,0,0,0
11,2,1000,1000,0,0,0,0,1,0,0,0,0
11,1,1000,1000,0,0,0,0,1,0,0,0,0
12,7,1000,1000,0,0,0,0,1,0,0,0,0
12,6,1000,1000,0,0,0,0,1,0,0,0,0
12,5,1000,1000,0,0,0,0,1,0,0,0,0
12,4,1000,1000,0,0,0,0,1,0,0,0,0
12,3,1000,1000,0,0,0,0,1,0,0,0,0
12,2,1000,1000,0,0,0,0,1,0,0,0,0
12,1,1000,1000,0,0,0,0,1,0,0,0,0
13,7,1000,1000,0,0,0,0,1,0,0,0,0
13,6,1000,1000,0,0,0,0,1,0,0,0,0
13,5,1000,1000,0,0,0,0,1,0,0,0,0
13,4,1000,1000,0,0,0,0,1,0,0,0,0
13,3,1000,1000,0,0,0,0,1,0,0,0,0
13,2,1000,1000,0,0,0,0,1,0,0,0,0
13,1,1000,1000,0,0,0,0,1,0,0,0,0
14,7,1000,1000,0,0,0,0,1,0,0,0,0
14,6,1000,1000,0,0,0,0,1,0,0,0,0
14,5,1000,1000,0,0,0,0,1,0,0,0,0
14,4,1000,1000,0,0,0,0,1,0,0,0,0
14,3,1000,1000,0,0,0,0,1,0,0,0,0
14,2,1000,1000,0,0,0,0,1,0,0,0,0
14,1,1000,1000,0,0,0,0,1,0,0,0,0
15,7,1000,1000,0,0,0,0,1,0,0,0,0
15,6,1000,1000,0,0,0,0,1,0,0,0,0
15,5,1000,1000,0,0,0,0,1,0,0,0,0
15,4,1000,1000,0,0,0,0,1,0,0,0,0
15,3,1000,1000,0,0,0,0,1,0,0,0,0
15,2,1000,1000,0,0,0,0,1,0,0,0,0
15,1,1000,1000,0,0,0,0,1,0,0,0,0
16,7,1000,1000,0,0.0127187,0,0.0165833,1,0,0,0,0
16,6,1000,1000,0,0.013,0,0.0165699,1,0,0,0,0
16,5,1000,1000,0,0.0119287,0,0.0165666,1,0,0,0,0
16,4,1000,1000,0,0.0129895,0,0.0165666,1,0,0,0,0
16,3,1000,1000,0,0.0126669,0,0.0165666,1,0,0,0,0
16,2,1000,1000,0,0.0122374,0,0.0165533,1,0,0,0,0
16,1,1000,1000,0,0.0124916,0,0.0165599,1,0,0,0,0
17,7,1000,1000,0,0.0127131,0,0.0165833,1,0,0,0,0
17,6,1000,1000,0,0.0129943,0,0.0165699,1,0,0,0,0
17,5,1000,1000,0,0.0119241,0,0.0165666,1,0,0,0,0
17,4,1000,1000,0,0.0129838,0,0.0165666,1,0,0,0,0
17,3,1000,1000,0,0.0126614,0,0.0165666,1,0,0,0,0
17,2,1000,1000,0,0.0122326,0,0.0165533,1,0,0,0,0
17,1,1000,1000,0,0.0124863,0,0.0165599,1,0,0,0,0
18,7,1000,1000,0,0.201886,0,0.0165833,1,0,0,0,0
18,6,1000,1000,0,0.20635,0,0.0165699,1,0,0,0,0
18,5,1000,1000,0,0.189373,0,0.0165666,1,0,0,0,0
18,4,1000,1000,0,0.206186,0,0.0165666,1,0,0,0,0
18,3,1000,1000,0,0.201066,0,0.0165666,1,0,0,0,0
18,2,1000,1000,0,0.194272,0,0.0165533,1,0,0,0,0
18,1,1000,1000,0,0.198288,0,0.0165599,1,0,0,0,0
19,7,1000,1000,0,0.201798,0,0.0165833,1,0,0,0,0
19,6,1000,1000,0,0.20626,0,0.0165699,1,0,0,0,0
19,5,1000,1000,0,0.189299,0,0.0165666,1,0,0,0,0
19,4,1000,1000,0,0.206096,0,0.0165666,1,0,0,0,0
19,3,1000,1000,0,0.200979,0,0.0165666,1,0,0,0,0
19,2,1000,1000,0,0.194195,0,0.0165533,1,0,0,0,0
19,1,1000,1000,0,0.198204,0,0.0165599,1,0,0,0,0
20,7,1000,1000,0,3.14042,0,0.0165833,1,0,0,0,0
20,6,1000,1000,0,3.20983,0,0.0165699,1,0,0,0,0
20,5,1000,1000,0,2.94618,0,0.0165666,1,0,0,0,0
20,4,1000,1000,0,3.20732,0,0.0165666,1,0,0,0,0
20,3,1000,1000,0,3.12769,0,0.0165666,1,0,0,0,0
20,2,1000,1000,0,3.02236,0,0.0165533,1,0,0,0,0
20,1,1000,1000,0,3.08456,0,0.0165599,1,0,0,0,0
21,7,1000,1000,0,3.13905,0,0.0165833,1,0,0,0,0
21,6,1000,1000,0,3.20843,0,0.0165699,1,0,0,0,0
21,5,1000,1000,0,2.94504,0,0.0165666,1,0,0,0,0
21,4,1000,1000,0,3.20593,0,0.0165666,1,0,0,0,0
21,3,1000,1000,0,3.12635,0,0.0165666,1,0,0,0,0
21,2,1000,1000,0,3.02118,0,0.0165533,1,0,0,0,0
21,1,1000,1000,0,3.08325,0,0.0165599,1,0,0,0,0
22,7,1000,1000,0,48.8485,0,0.0165833,1,0,0,0,0
22,6,1000,1000,0,49.9279,0,0.0165699,1,0,0,0,0
22,5,1000,1000,0,45.8338,0,0.0165666,1,0,0,0,0
22,4,1000,1000,0,49.8896,0,0.0165666,1,0,0,0,0
22,3,1000,1000,0,48.6513,0,0.0165666,1,0,0,0,0
22,2,1000,1000,0,47.0185,0,0.0165533,1,0,0,0,0
22,1,1000,1000,0,47.9813,0,0.0165599,1,0,0,0,0
23,7,1000,1000,0,48.8273,0,0.0165833,1,0,0,0,0
23,6,1000,1000,0,49.9061,0,0.0165699,1,0,0,0,0
23,5,1000,1000,0,45.8161,0,0.0165666,1,0,0,0,0
23,4,1000,1000,0,49.8679,0,0.0165666,1,0,0,0,0
23,3,1000,1000,0,48.6303,0,0.0165666,1,0,0,0,0
23,2,1000,1000,0,47.0002,0,0.0165533,1,0,0,0,0
23,1,1000,1000,0,47.9611,0,0.0165599,1,0,0,0,0
24,7,1000,1000,0,759.812,0,0.0165833,1,0,0,181,181
24,6,1000,1000,0,776.597,0,0.0165699,1,0,0,196,196
24,5,1000,1000,0,713.026,0,0.0165666,1,0,0,159,159
24,4,1000,1000,0,776.012,0,0.0165666,1,0,0,192,192
24,3,1000,1000,0,756.755,0,0.0165666,1,0,0,179,179
24,2,1000,1000,0,731.449,0,0.0165533,1,0,0,174,174
24,1,1000,1000,0,746.352,0,0.0165599,1,0,0,173,173
25,7,1000,1000,0,732.91,0,0.0165833,1,0,0,573,573
25,6,1000,1000,0,748.838,0,0.0165699,1,0,0,579,579
25,5,1000,1000,0,691.081,0,0.0165666,1,0,0,560,560
25,4,1000,1000,0,748.102,0,0.0165666,1,0,0,570,570
25,3,1000,1000,0,730.254,0,0.0165666,1,0,0,583,583
25,2,1000,1000,0,708.698,0,0.0165533,1,0,0,569,569
25,1,1000,1000,0,720.911,0,0.0165599,1,0,0,566,566
26,7,1000,1000,0,10297.3,0,0.0165833,1,0,0,1000,1000
26,6,1000,1000,0,10515.7,0,0.0165699,1,0,0,1000,1000
26,5,1000,1000,0,9865.09,0,0.0165666,1,0,0,1000,1000
26,4,1000,1000,0,10502.1,0,0.0165666,1,0,0,1000,1000
26,3,1000,1000,0,10270.9,0,0.0165666,1,0,0,1000,1000
26,2,1000,1000,0,10105.5,0,0.0165533,1,0,0,1000,1000
26,1,1000,1000,0,10170,0,0.0165599,1,0,0,1000,1000
27,7,1000,1000,0,6927.55,0,0.0165833,1,0,0,1000,1000
27,6,1000,1000,0,7013.39,0,0.0165699,1,0,0,1000,1000
27,5,1000,1000,0,6747.8,0,0.0165666,1,0,0,1000,1000
27,4,1000,1000,0,7004.66,0,0.0165666,1,0,0,1000,1000
27,3,1000,1000,0,6926.29,0,0.0165666,1,0,0,1000,1000
27,2,1000,1000,0,6852.26,0,0.0165533,1,0,0,1000,1000
27,1,1000,1000,0,6874.64,0,0.0165599,1,0,0,1000,1000
28,7,1000,1000,0,55792.2,0,0.0165833,1,0,0,1000,1000
28,6,1000,1000,0,56369.1,0,0.0165699,1,0,0,1000,1000
28,5,1000,1000,0,54574,0,0.0165666,1,0,0,1000,1000
28,4,1000,1000,0,56329.2,0,0.0165666,1,0,0,1000,1000
28,3,1000,1000,0,55800.2,0,0.0165666,1,0,0,1000,1000
28,2,1000,1000,0,55277.6,0,0.0165533,1,0,0,1000,1000
28,1,1000,1000,0,55428.4,0,0.0165599,1,0,0,1000,1000
29,7,1000,1000,0,24795.9,0,0.0165833,1,0,0,505,1000
29,6,1000,1000,0,25007,0,0.0165699,1,0,0,496,1000
29,5,1000,1000,0,24458.6,0,0.0165666,1,0,0,532,1000
29,4,1000,1000,0,24972.2,0,0.0165666,1,0,0,504,1000
29,3,1000,1000,0,24817.4,0,0.0165666,1,0,0,505,1000
29,2,1000,1000,0,24707.5,0,0.0165533,1,0,0,504,1000
29,1,1000,1000,0,24683,0,0.0165599,1,0,0,518,1000
30,7,1000,1000,0,104509,0,0.0165833,1,0,0,1000,1000
30,6,1000,1000,0,99694.5,0,0.0165699,1,0,0,1000,1000
30,5,1000,1000,0,135794,0,0.0165666,1,0,0,1000,1000
30,4,1000,1000,0,26455.4,0,0.0165666,1,0,0,1000,1000
30,3,1000,1000,0,137829,0,0.0165666,1,0,0,1000,1000
30,2,1000,1000,0,26405.5,0,0.0165533,1,0,0,1000,1000
30,1,1000,1000,0,148656,0,0.0165599,1,0,0,1000,1000
31,7,1000,1000,5.55264e-05,27660.6,0.0637835,0.0165833,1,0,0,0,1000
31,6,1000,1000,5.60969e-05,14767.2,0.0651914,0.0165699,1,0,0,0,1000
31,5,1000,1000,4.96925e-05,39110.9,0.0598696,0.0165666,1,0,0,0,1000
31,4,1000,1000,6.61867e-05,2099.67,0.0651432,0.0165666,1,0,0,0,1000
31,3,1000,1000,5.24562e-05,39515.3,0.0635279,0.0165666,1,0,0,0,1000
31,2,1000,1000,6.24922e-05,2101.82,0.0614153,0.0165533,1,0,0,0,1000
31,1,1000,1000,5.06927e-05,43263.4,0.0626572,0.0165599,1,0,0,0,1000
32,7,1000,1000,0.000281611,109116,0.0483325,0.0165833,1,0,0,918,1000
32,6,1000,1000,0.000285781,27810.3,0.0493992,0.0165699,1,0,0,957,1000
32,5,1000,1000,0.00025619,157631,0.0453657,0.0165666,1,0,0,973,1000
32,4,1000,1000,0.00031887,3874.77,0.0493635,0.0165666,1,0,0,646,1000
32,3,1000,1000,0.00027096,158765,0.0481384,0.0165666,1,0,0,982,1000
32,2,1000,1000,0.000300919,3886.93,0.0465394,0.0165533,1,0,0,658,1000
32,1,1000,1000,0.000263782,174532,0.0474809,0.0165599,1,0,0,1000,1000
33,7,1000,1000,0.00148029,24188.7,1.0288,0.0165833,1,0,0,0,1000
33,6,1000,1000,0.00191101,3097.68,1.05151,0.0165699,1,0,0,0,1000
33,5,1000,1000,0.000967208,35296.9,0.965808,0.0165666,1,0,0,0,1000
33,4,1000,1000,0.00287067,563.734,1.05075,0.0165666,1,0,0,0,1000
33,3,1000,1000,0.000983886,35441.1,1.0247,0.0165666,1,0,0,0,1000
33,2,1000,1000,0.00269414,566.561,0.990731,0.0165533,1,0,0,0,1000
33,1,1000,1000,0.000818806,39028.9,1.01067,0.0165599,1,0,0,0,1000
34,7,1000,1000,0.00566882,78633.1,0.779528,0.0165833,1,0,0,617,625
34,6,1000,1000,0.00686598,4735.07,0.79676,0.0165699,1,0,0,126,507
34,5,1000,1000,0.00443611,115682,0.731844,0.0165666,1,0,0,896,896
34,4,1000,1000,0.00851391,1362.71,0.79618,0.0165666,1,0,0,0,0
34,3,1000,1000,0.00462073,115776,0.776463,0.0165666,1,0,0,907,907
34,2,1000,1000,0.00801799,1371.67,0.750744,0.0165533,1,0,0,0,0
34,1,1000,1000,0.00424574,127598,0.76581,0.0165599,1,0,0,1000,1000
35,7,1000,1000,0.0370884,10720.7,16.0237,0.0165833,1,0,0,0,617
35,6,1000,1000,0.0680091,455.319,16.3772,0.0165699,1,0,0,0,263
35,5,1000,1000,0.0190197,19371.5,15.0447,0.0165666,1,0,0,0,896
35,4,1000,1000,0.0855462,43.0988,16.3655,0.0165666,1,0,0,0,0
35,3,1000,1000,0.0186934,21090.7,15.9599,0.0165666,1,0,0,0,907
35,2,1000,1000,0.0803354,43.4072,15.4329,0.0165533,1,0,0,0,0
35,1,1000,1000,0.0130229,23254.5,15.7419,0.0165599,1,0,0,0,1000
36,7,1000,1000,0.0924356,26556.9,12.1415,0.0165833,1,0,0,525,617
36,6,1000,1000,0.13457,613.184,12.4095,0.0165699,1,0,0,11,29
36,5,1000,1000,0.0688572,51785.9,11.4003,0.0165666,1,0,0,833,895
36,4,1000,1000,0.146132,29.8036,12.4007,0.0165666,1,0,0,0,0
36,3,1000,1000,0.0712176,57116.7,12.0934,0.0165666,1,0,0,907,907
36,2,1000,1000,0.139098,30.0264,11.6944,0.0165533,1,0,0,0,0
36,1,1000,1000,0.0640054,62996.4,11.9282,0.0165599,1,0,0,1000,1000
37,7,1000,1000,0.475799,4150.84,223.173,0.0165833,1,0,0,0,610
37,6,1000,1000,0.784449,43.5787,227.948,0.0165699,1,0,0,0,17
37,5,1000,1000,0.25446,8226.18,213.091,0.0165666,1,0,0,0,891
37,4,1000,1000,0.900815,2.0987,227.805,0.0165666,1,0,0,0,0
37,3,1000,1000,0.233668,9091.3,222.55,0.0165666,1,0,0,0,907
37,2,1000,1000,0.900184,2.1147,218.331,0.0165533,1,0,0,0,0
37,1,1000,1000,0.175645,10028.5,220.211,0.0165599,1,0,0,0,1000
38,7,1000,1000,0.713536,10078.3,169.113,0.0165833,1,0,0,421,421
38,6,1000,1000,0.840296,51.5392,172.73,0.0165699,1,0,0,0,1
38,5,1000,1000,0.603812,20111.9,161.479,0.0165666,1,0,0,807,807
38,4,1000,1000,0.857178,3.00865,172.622,0.0165666,1,0,0,0,0
38,3,1000,1000,0.594352,22233.5,168.641,0.0165666,1,0,0,907,907
38,2,1000,1000,0.855823,3.03235,165.449,0.0165533,1,0,0,0,0
38,1,1000,1000,0.565275,24529.6,166.87,0.0165599,1,0,0,1000,1000
39,7,1000,1000,0.902842,1506.33,1366.87,0.0165833,1,0,0,0,421
39,6,1000,1000,0.999984,3.80723,1382.4,0.0165699,1,0,0,0,0
39,5,1000,1000,0.793567,3014.21,1333.74,0.0165666,1,0,0,0,807
39,4,1000,1000,1,0.320133,1381.38,0.0165666,1,0,0,0,0
39,3,1000,1000,0.773297,3332.74,1366.69,0.0165666,1,0,0,0,907
39,2,1000,1000,1,0.322649,1352.42,0.0165533,1,0,0,0,0
39,1,1000,1000,0.747223,3677.19,1357,0.0165599,1,0,0,0,1000
40,7,1000,1000,0.998667,2955.07,1035.85,0.0165833,1,0,0,343,409
40,6,1000,1000,0.999999,4.43307,1047.61,0.0165699,1,0,0,0,0
40,5,1000,1000,0.996916,6364.35,1010.77,0.0165666,1,0,0,714,781
40,4,1000,1000,1,0.564366,1046.84,0.0165666,1,0,0,0,0
40,3,1000,1000,0.996614,7735.17,1035.71,0.0165666,1,0,0,901,907
40,2,1000,1000,1,0.123221,1024.92,0.0165533,1,0,0,0,0
40,1,1000,1000,0.996191,8535.63,1028.38,0.0165599,1,0,0,988,1000
41,7,1000,1000,0.999517,412.241,3283.38,0.0165833,1,0,0,0,388
41,6,1000,1000,1,0.307029,3295.71,0.0165699,1,0,0,0,0
41,5,1000,1000,0.998728,922.219,3933.59,0.0165666,1,0,0,0,737
41,4,1000,1000,1,0.0681955,1553.71,0.0165666,1,0,0,0,0
41,3,1000,1000,0.998432,1138.62,4000.97,0.0165666,1,0,0,0,907
41,2,1000,1000,1,0.00454103,1535.23,0.0165533,1,0,0,0,0
41,1,1000,1000,0.998245,1256.54,4232.87,0.0165599,1,0,0,0,1000
42,7,1000,1000,1,921.944,2488.33,0.0165833,1,0,0,3,292
42,6,1000,1000,1,0.371214,2497.68,0.0165699,1,0,0,0,0
42,5,1000,1000,1,2077.82,2981.21,0.0165666,1,0,0,14,665
42,4,1000,1000,1,0.133102,1177.48,0.0165666,1,0,0,0,0
42,3,1000,1000,1,2573.31,3032.2,0.0165666,1,0,0,18,815
42,2,1000,1000,1,0.00431336,1163.5,0.0165533,1,0,0,0,0
42,1,1000,1000,1,2840.09,3207.98,0.0165599,1,0,0,14,912
43,7,1000,1000,1,133.319,4536.19,0.0165833,1,0,0,0,229
43,6,1000,1000,1,0.0250287,2629.13,0.0165699,1,0,0,0,0
43,5,1000,1000,1,301.196,6082.93,0.0165666,1,0,0,0,545
43,4,1000,1000,1,0.0171461,993.842,0.0165666,1,0,0,0,0
43,3,1000,1000,1,373.381,6149.66,0.0165666,1,0,0,0,671
43,2,1000,1000,1,0.000357013,983.578,0.0165533,1,0,0,0,0
43,1,1000,1000,1,412.103,6664.49,0.0165599,1,0,0,0,742
44,7,1000,1000,0.999993,296.754,3437.89,0.0165833,1,0,0,0,0
44,6,1000,1000,0.999997,0.0238641,1992.55,0.0165699,1,0,0,0,0
44,5,1000,1000,0.999997,671.36,4610.28,0.0165666,1,0,0,0,0
44,4,1000,1000,0.999973,0.0350575,753.186,0.0165666,1,0,0,0,0
44,3,1000,1000,0.999997,832.567,4660.76,0.0165666,1,0,0,0,0
44,2,1000,1000,0.999973,0.000543094,745.425,0.0165533,1,0,0,0,0
44,1,1000,1000,1,918.977,5050.98,0.0165599,1,0,0,0,0
45,7,1000,1000,0.999954,40.3328,4563.59,0.0165833,1,0,0,0,0
45,6,1000,1000,0.999978,0.00156233,1639.44,0.0165699,1,0,0,0,0
45,5,1000,1000,0.999981,88.3642,6373.09,0.0165666,1,0,0,0,0
45,4,1000,1000,0.999843,0.00468693,605.82,0.0165666,1,0,0,0,0
45,3,1000,1000,0.999985,119.637,6414.23,0.0165666,1,0,0,0,0
45,2,1000,1000,0.999842,1.26072e-05,600.181,0.0165533,1,0,0,0,0
45,1,1000,1000,1,132.057,7004.36,0.0165599,1,0,0,0,0
46,7,1000,1000,0.999641,87.497,3458.72,0.0165833,1,0,0,0,0
46,6,1000,1000,0.999812,0.00145414,1242.48,0.0165699,1,0,0,0,0
46,5,1000,1000,0.999865,192.867,4830.29,0.0165666,1,0,0,0,0
46,4,1000,1000,0.998802,0.00987475,459.126,0.0165666,1,0,0,0,0
46,3,1000,1000,0.999888,264.963,4861.37,0.0165666,1,0,0,0,0
46,2,1000,1000,0.998794,5.99237e-06,454.862,0.0165533,1,0,0,0,0
46,1,1000,1000,1,292.487,5308.69,0.0165599,1,0,0,0,0
47,7,1000,1000,0.99839,12.4656,3299.42,0.0165833,1,0,0,0,0
47,6,1000,1000,0.999065,9.91616e-05,958.455,0.0165699,1,0,0,0,0
47,5,1000,1000,0.999484,27.4945,4978.39,0.0165666,1,0,0,0,0
47,4,1000,1000,0.994412,0.0013498,348.823,0.0165666,1,0,0,0,0
47,3,1000,1000,0.999558,37.8863,5136.47,0.0165666,1,0,0,0,0
47,2,1000,1000,0.994358,3.24962e-07,345.605,0.0165533,1,0,0,0,0
47,1,1000,1000,1,41.8227,5625.08,0.0165599,1,0,0,0,0
48,7,1000,1000,0.994346,27.4801,2500.62,0.0165833,1,0,0,0,0
48,6,1000,1000,0.996411,0.00010324,726.389,0.0165699,1,0,0,0,0
48,5,1000,1000,0.998228,60.6282,3773.24,0.0165666,1,0,0,0,0
48,4,1000,1000,0.981377,0.00288957,264.358,0.0165666,1,0,0,0,0
48,3,1000,1000,0.998459,83.6244,3892.99,0.0165666,1,0,0,0,0
48,2,1000,1000,0.981164,2.46796e-07,261.925,0.0165533,1,0,0,0,0
48,1,1000,1000,1,92.3189,4263.36,0.0165599,1,0,0,0,0
49,7,1000,1000,0.985444,3.91726,2154.32,0.0165833,1,0,0,0,0
49,6,1000,1000,0.989613,7.79644e-06,551.96,0.0165699,1,0,0,0,0
49,5,1000,1000,0.995691,8.64331,3376.8,0.0165666,1,0,0,0,0
49,4,1000,1000,0.952921,0.000401244,200.428,0.0165666,1,0,0,0,0
49,3,1000,1000,0.996199,11.927,3521.99,0.0165666,1,0,0,0,0
49,2,1000,1000,0.952361,1.9564e-08,198.589,0.0165533,1,0,0,0,0
49,1,1000,1000,1,13.1673,3861.77,0.0165599,1,0,0,0,0
50,7,1000,1000,0.96887,8.37582,1632.76,0.0165833,1,0,0,0,0
50,6,1000,1000,0.975519,9.43562e-06,418.316,0.0165699,1,0,0,0,0
50,5,1000,1000,0.990874,17.4447,2559.37,0.0165666,1,0,0,0,0
50,4,1000,1000,0.903612,0.000871506,151.896,0.0165666,1,0,0,0,0
50,3,1000,1000,0.991895,26.2825,2669.37,0.0165666,1,0,0,0,0
50,2,1000,1000,0.902511,3.03412e-08,150.506,0.0165533,1,0,0,0,0
50,1,1000,1000,1,29.0175,2926.92,0.0165599,1,0,0,0,0
51,7,1000,1000,0.944355,1.17445,1315.13,0.0165833,1,0,0,0,0
51,6,1000,1000,0.950967,8.85733e-07,317.157,0.0165699,1,0,0,0,0
51,5,1000,1000,0.984053,2.44871,2105.16,0.0165666,1,0,0,0,0
51,4,1000,1000,0.832704,0.000122045,115.131,0.0165666,1,0,0,0,0
51,3,1000,1000,0.985804,3.74381,2223.09,0.0165666,1,0,0,0,0
51,2,1000,1000,0.830953,3.39262e-09,114.069,0.0165533,1,0,0,0,0
51,1,1000,1000,1,4.13344,2439.02,0.0165599,1,0,0,0,0
52,7,1000,1000,0.912383,2.57919,996.738,0.0165833,1,0,0,0,0
52,6,1000,999,0.912348,1.09998e-06,240.233,0.0165699,1,43,1,0,0
52,5,1000,1000,0.975078,5.37567,1595.56,0.0165666,1,0,0,0,0
52,4,1000,1000,0.744414,0.000265034,87.2527,0.0165666,1,0,0,0,0
52,3,1000,1000,0.977759,8.24346,1684.92,0.0165666,1,0,0,0,0
52,2,1000,993,0.736011,2.3023e-09,85.5459,0.0165533,1,43,7,0,0
52,1,1000,1000,1,9.10204,1848.59,0.0165599,1,0,0,0,0
53,7,1000,1000,0.875995,0.366885,779.335,0.0165833,1,0,0,0,0
53,6,1000,999,0.860174,3.93053e-08,182.077,0.0165699,1,0,0,0,0
53,5,1000,1000,0.965133,0.764456,1263.2,0.0165666,1,0,0,0,0
53,4,1000,1000,0.646359,3.73352e-05,66.1288,0.0165666,1,0,0,0,0
53,3,1000,1000,0.968862,1.17343,1343.74,0.0165666,1,0,0,0,0
53,2,1000,993,0.638175,2.30197e-10,64.8338,0.0165533,1,0,0,0,0
53,1,1000,1000,1,1.29567,1474.72,0.0165599,1,0,0,0,0
54,7,1000,998,0.836868,0.807216,590.574,0.0165833,1,45,2,0,0
54,6,1000,900,0.716473,2.24702e-08,127.051,0.0165699,1,45,99,0,0
54,5,1000,1000,0.954681,1.68217,957.417,0.0165666,1,0,0,0,0
54,4,1000,997,0.544701,7.9129e-05,49.9185,0.0165666,1,45,3,0,0
54,3,1000,1000,0.959503,2.58282,1018.45,0.0165666,1,0,0,0,0
54,2,1000,22,0.0108586,0,0.935876,0.0165533,1,45,971,0,0
54,1,1000,1000,1,2.85222,1117.73,0.0165599,1,0,0,0,0
55,7,1000,998,0.800095,0.112626,455.299,0.0165833,1,0,0,0,0
55,6,1000,900,0.647871,1.48929e-09,96.2928,0.0165699,1,0,0,0,0
55,5,1000,1000,0.944693,0.219443,743.085,0.0165666,1,0,0,0,0
55,4,1000,997,0.450366,1.12333e-05,37.8322,0.0165666,1,0,0,0,0
55,3,1000,1000,0.950626,0.367543,793.517,0.0165666,1,0,0,0,0
55,2,1000,22,0.00886562,0,0.709435,0.0165533,1,0,0,0,0
55,1,1000,1000,0.999994,0.405864,871.014,0.0165599,1,0,0,0,0
56,7,1000,973,0.756701,0.245214,344.368,0.0165833,1,47,25,0,0
56,6,1000,416,0.291605,0,42.2591,0.0165699,1,47,484,0,0
56,5,1000,999,0.934854,0.476051,563.179,0.0165666,1,47,1,0,0
56,4,1000,989,0.362441,2.18311e-05,28.4336,0.0165666,1,47,8,0,0
56,3,1000,1000,0.94241,0.808928,601.423,0.0165666,1,0,0,0,0
56,2,1000,0,0,0,0,0.0165533,0,47,22,0,0
56,1,1000,1000,0.999909,0.893448,660.166,0.0165599,1,0,0,0,0
57,7,1000,973,0.726489,0.0348092,263.272,0.0165833,1,0,0,0,0
57,6,1000,416,0.257323,0,32.031,0.0165699,1,0,0,0,0
57,5,1000,999,0.925528,0.0675194,431.866,0.0165666,1,0,0,0,0
57,4,1000,989,0.289685,2.99658e-06,21.549,0.0165666,1,0,0,0,0
57,3,1000,1000,0.93486,0.115092,462.715,0.0165666,1,0,0,0,0
57,2,1000,0,0,0,0,0.0165533,0,0,0,0,0
57,1,1000,1000,0.999347,0.12712,507.957,0.0165599,1,0,0,0,0
58,7,1000,859,0.651589,0.0765669,192.889,0.0165833,1,49,114,0,0
58,6,1000,46,0.0308287,0,4.41457,0.0165699,1,49,370,0,0
58,5,1000,997,0.913079,0.148494,327.107,0.0165666,1,49,2,0,0
58,4,1000,977,0.226108,5.52543e-06,16.143,0.0165666,1,49,12,0,0
58,3,1000,1000,0.926459,0.253306,350.702,0.0165666,1,0,0,0,0
58,2,1000,0,0,0,0,0.0165533,0,0,0,0,0
58,1,1000,1000,0.996684,0.279837,384.994,0.0165599,1,0,0,0,0
59,7,1000,859,0.623802,0.0108908,146.905,0.0165833,1,0,0,0,0
59,6,1000,46,0.0272877,0,3.34631,0.0165699,1,0,0,0,0
59,5,1000,997,0.896307,0.0211163,249.501,0.0165666,1,0,0,0,0
59,4,1000,977,0.176869,7.48442e-07,12.2342,0.0165666,1,0,0,0,0
59,3,1000,1000,0.913872,0.0360381,267.978,0.0165666,1,0,0,0,0
59,2,1000,0,0,0,0,0.0165533,0,0,0,0,0
59,1,1000,1000,0.988245,0.0398119,294.197,0.0165599,1,0,0,0,0
60,7,1000,790,0.549064,0.023929,105.317,0.0165833,1,51,69,0,0
60,6,1000,4,0.0024872,0,0.283146,0.0165699,1,51,42,0,0
60,5,1000,988,0.864811,0.0435281,188.699,0.0165666,1,51,9,0,0
60,4,1000,931,0.128449,1.29575e-06,8.65518,0.0165666,1,51,46,0,0
60,3,1000,1000,0.890844,0.0793361,203.107,0.0165666,1,0,0,0,0
60,2,1000,0,0,0,0,0.0165533,0,0,0,0,0
60,1,1000,1000,0.967286,0.0876207,222.981,0.0165599,1,0,0,0,0
61,7,1000,790,0.509822,0.00339825,80.0379,0.0165833,1,0,0,0,0
61,6,1000,4,0.00213772,0,0.214628,0.0165699,1,0,0,0,0
61,5,1000,988,0.82145,0.00612658,143.477,0.0165666,1,0,0,0,0
61,4,1000,931,0.099126,1.80512e-07,6.55977,0.0165666,1,0,0,0,0
61,3,1000,1000,0.85203,0.0112868,154.622,0.0165666,1,0,0,0,0
61,2,1000,0,0,0,0,0.0165533,0,0,0,0,0
61,1,1000,1000,0.928011,0.012466,169.758,0.0165599,1,0,0,0,0
62,7,1000,726,0.43925,0.00747957,58.4197,0.0165833,1,53,64,0,0
62,6,1000,0,0,0,0,0.0165699,0,53,4,0,0
62,5,1000,975,0.753981,0.0134615,108.163,0.0165666,1,53,13,0,0
62,4,1000,773,0.0600584,3.62143e-07,3.90962,0.0165666,1,52.9968,158,0,0
62,3,1000,999,0.793312,0.024844,117.185,0.0165666,1,53,1,0,0
62,2,1000,0,0,0,0,0.0165533,0,0,0,0,0
62,1,1000,1000,0.866127,0.02745,128.664,0.0165599,1,0,0,0,0
63,7,1000,726,0.388858,0.00106434,44.3437,0.0165833,1,0,0,0,0
63,6,1000,0,0,0,0,0.0165699,0,0,0,0,0
63,5,1000,975,0.678089,0.00191431,82.1202,0.0165666,1,0,0,0,0
63,4,1000,773,0.0459717,4.84981e-08,2.96334,0.0165666,1,0,0,0,0
63,3,1000,999,0.717771,0.00353397,89.0318,0.0165666,1,0,0,0,0
63,2,1000,0,0,0,0,0.0165533,0,0,0,0,0
63,1,1000,1000,0.784919,0.00390336,97.7546,0.0165599,1,0,0,0,0
64,7,1000,594,0.296009,0.00234644,30.0332,0.0165833,1,55,132,0,0
64,6,1000,0,0,0,0,0.0165699,0,0,0,0,0
64,5,1000,945,0.581305,0.00421628,61.2769,0.0165666,1,55,30,0,0
64,4,1000,445,0.0191768,8.21038e-08,1.2253,0.0165666,1,54.9943,328,0,0
64,3,1000,996,0.629758,0.0077782,67.4694,0.0165666,1,55,3,0,0
64,2,1000,0,0,0,0,0.0165533,0,0,0,0,0
64,1,1000,1000,0.689629,0.0085968,74.0911,0.0165599,1,0,0,0,0
65,7,1000,594,0.249796,0.000333834,22.7833,0.0165833,1,0,0,0,0
65,6,1000,0,0,0,0,0.0165699,0,0,0,0,0
65,5,1000,945,0.494804,0.000541517,46.4875,0.0165666,1,0,0,0,0
65,4,1000,445,0.0146138,1.24713e-08,0.928783,0.0165666,1,0,0,0,0
65,3,1000,996,0.538067,0.00110651,51.2036,0.0165666,1,0,0,0,0
65,2,1000,0,0,0,0,0.0165533,0,0,0,0,0
65,1,1000,1000,0.589688,0.0012236,56.2299,0.0165599,1,0,0,0,0
66,7,1000,488,0.185444,0.000736343,15.6398,0.0165833,1,57,106,0,0
66,6,1000,0,0,0,0,0.0165699,0,0,0,0,0
66,5,1000,894,0.395821,0.00117344,33.9826,0.0165666,1,57,51,0,0
66,4,1000,66,0.0016216,1.34e-08,0.102621,0.0165666,1,56.9914,379,0,0
66,3,1000,993,0.44842,0.00243452,38.8037,0.0165666,1,57,3,0,0
66,2,1000,0,0,0,0,0.0165533,0,0,0,0,0
66,1,1000,1000,0.491795,0.0026971,42.6182,0.0165599,1,0,0,0,0
67,7,1000,488,0.150637,0.000104396,11.8597,0.0165833,1,0,0,0,0
67,6,1000,0,0,0,0,0.0165699,0,0,0,0,0
67,5,1000,894,0.322861,0.000166249,25.7689,0.0165666,1,0,0,0,0
67,4,1000,64,0.00119596,2e-09,0.0754597,0.0165666,1,57.75,2,0,0
67,3,1000,993,0.366494,0.000346337,29.4313,0.0165666,1,0,0,0,0
67,2,1000,0,0,0,0,0.0165533,0,0,0,0,0
67,1,1000,1000,0.4021,0.000384054,32.3247,0.0165599,1,0,0,0,0
68,7,1000,462,0.115685,0.000228794,8.64028,0.0165833,1,59,26,0,0
68,6,1000,0,0,0,0,0.0165699,0,0,0,0,0
68,5,1000,868,0.252965,0.000367061,19.0792,0.0165666,1,59,26,0,0
68,4,1000,8,0.000111657,1.8e-09,0.00702858,0.0165666,1,58.9888,56,0,0
68,3,1000,991,0.294455,0.000761559,22.3043,0.0165666,1,59,2,0,0
68,2,1000,0,0,0,0,0.0165533,0,0,0,0,0
68,1,1000,1000,0.323194,0.00084276,24.4998,0.0165599,1,0,0,0,0
69,7,1000,462,0.0914556,3.24407e-05,6.55042,0.0165833,1,0,0,0,0
69,6,1000,0,0,0,0,0.0165699,0,0,0,0,0
69,5,1000,868,0.200449,5.20646e-05,14.4647,0.0165666,1,0,0,0,0
69,4,1000,8,8.47836e-05,4e-10,0.0053275,0.0165666,1,0,0,0,0
69,3,1000,991,0.233585,0.000108265,16.9115,0.0165666,1,0,0,0,0
69,2,1000,0,0,0,0,0.0165533,0,0,0,0,0
69,1,1000,1000,0.256435,0.00012001,18.5764,0.0165599,1,0,0,0,0
70,7,1000,415,0.0670756,7.03686e-05,4.65841,0.0165833,1,61,47,0,0
70,6,1000,0,0,0,0,0.0165699,0,0,0,0,0
70,5,1000,786,0.146161,0.000114069,10.2065,0.0165666,1,61,82,0,0
70,4,1000,0,0,0,0,0.0165666,0,60.8906,8,0,0
70,3,1000,985,0.183247,0.000235449,12.8128,0.0165666,1,61,6,0,0
70,2,1000,0,0,0,0,0.0165533,0,0,0,0,0
70,1,1000,1000,0.201286,0.000262531,14.0795,0.0165599,1,0,0,0,0
71,7,1000,414,0.05213,1.00592e-05,3.53062,0.0165833,1,62,1,0,0
71,6,1000,0,0,0,0,0.0165699,0,0,0,0,0
71,5,1000,786,0.113765,1.62292e-05,7.73709,0.0165666,1,0,0,0,0
71,4,1000,0,0,0,0,0.0165666,0,0,0,0,0
71,3,1000,985,0.142681,3.32706e-05,9.71314,0.0165666,1,0,0,0,0
71,2,1000,0,0,0,0,0.0165533,0,0,0,0,0
71,1,1000,1000,0.156744,3.73346e-05,10.6736,0.0165599,1,0,0,0,0
72,7,1000,358,0.0368791,2.15746e-05,2.45322,0.0165833,1,63,56,0,0
72,6,1000,0,0,0,0,0.0165699,0,0,0,0,0
72,5,1000,715,0.0819124,3.41944e-05,5.46329,0.0165666,1,63,71,0,0
72,4,1000,0,0,0,0,0.0165666,0,0,0,0,0
72,3,1000,967,0.110266,7.12719e-05,7.35484,0.0165666,1,63,18,0,0
72,2,1000,0,0,0,0,0.0165533,0,0,0,0,0
72,1,1000,1000,0.121267,8.01892e-05,8.08982,0.0165599,1,0,0,0,0
73,7,1000,358,0.0283762,3.08007e-06,1.85952,0.0165833,1,0,0,0,0
73,6,1000,0,0,0,0,0.0165699,0,0,0,0,0
73,5,1000,715,0.0630672,4.7374e-06,4.14124,0.0165666,1,0,0,0,0
73,4,1000,0,0,0,0,0.0165666,0,0,0,0,0
73,3,1000,967,0.0849005,9.98795e-06,5.57506,0.0165666,1,0,0,0,0
73,2,1000,0,0,0,0,0.0165533,0,0,0,0,0
73,1,1000,1000,0.0933739,1.13387e-05,6.13222,0.0165599,1,0,0,0,0
74,7,1000,298,0.0201433,5.78067e-06,1.30597,0.0165833,1,64.9812,60,0,0
74,6,1000,0,0,0,0,0.0165699,0,0,0,0,0
74,5,1000,514,0.0369131,9.36881e-06,2.39628,0.0165666,1,64.9994,201,0,0
74,4,1000,0,0,0,0,0.0165666,0,0,0,0,0
74,3,1000,917,0.0649636,1.96091e-05,4.21571,0.0165666,1,65,50,0,0
74,2,1000,0,0,0,0,0.0165533,0,0,0,0,0
74,1,1000,1000,0.0716208,2.29174e-05,4.64776,0.0165599,1,0,0,0,0
75,7,1000,298,0.0154036,7.80252e-07,0.989859,0.0165833,1,0,0,0,0
75,6,1000,0,0,0,0,0.0165699,0,0,0,0,0
75,5,1000,514,0.0282373,1.29229e-06,1.81635,0.0165666,1,0,0,0,0
75,4,1000,0,0,0,0,0.0165666,0,0,0,0,0
75,3,1000,917,0.0496902,2.64481e-06,3.19539,0.0165666,1,0,0,0,0
75,2,1000,0,0,0,0,0.0165533,0,0,0,0,0
75,1,1000,1000,0.0547827,3.11607e-06,3.52291,0.0165599,1,0,0,0,0
76,7,1000,282,0.0115587,1.27446e-06,0.737918,0.0165833,1,66.9531,16,0,0
76,6,1000,0,0,0,0,0.0165699,0,0,0,0,0
76,5,1000,434,0.0183021,2.34465e-06,1.16903,0.0165666,1,66.9938,80,0,0
76,4,1000,0,0,0,0,0.0165666,0,0,0,0,0
76,3,1000,905,0.0378241,4.8681e-06,2.41563,0.0165666,1,66.9896,12,0,0
76,2,1000,0,0,0,0,0.0165533,0,0,0,0,0
76,1,1000,998,0.0417533,5.85763e-06,2.66658,0.0165599,1,67,2,0,0
77,7,1000,282,0.00880589,1.61988e-07,0.559284,0.0165833,1,0,0,0,0
77,6,1000,0,0,0,0,0.0165699,0,0,0,0,0
77,5,1000,434,0.0139458,3.07462e-07,0.88608,0.0165666,1,0,0,0,0
77,4,1000,0,0,0,0,0.0165666,0,0,0,0,0
77,3,1000,905,0.0288202,6.68901e-07,1.83095,0.0165666,1,0,0,0,0
77,2,1000,0,0,0,0,0.0165533,0,0,0,0,0
77,1,1000,998,0.031814,7.88099e-07,2.02117,0.0165599,1,0,0,0,0
78,7,1000,262,0.006374,2.61699e-07,0.403339,0.0165833,1,69,20,0,0
78,6,1000,0,0,0,0,0.0165699,0,0,0,0,0
78,5,1000,399,0.00992191,5.06893e-07,0.628003,0.0165666,1,69,35,0,0
78,4,1000,0,0,0,0,0.0165666,0,0,0,0,0
78,3,1000,847,0.0209558,1.12237e-06,1.3263,0.0165666,1,69,58,0,0
78,2,1000,0,0,0,0,0.0165533,0,0,0,0,0
78,1,1000,948,0.0233711,1.31023e-06,1.47911,0.0165599,1,69,50,0,0
79,7,1000,262,0.00484571,3.11567e-08,0.305701,0.0165833,1,0,0,0,0
79,6,1000,0,0,0,0,0.0165699,0,0,0,0,0
79,5,1000,399,0.00754377,6.96316e-08,0.476014,0.0165666,1,0,0,0,0
79,4,1000,0,0,0,0,0.0165666,0,0,0,0,0
79,3,1000,847,0.0159327,1.48976e-07,1.00531,0.0165666,1,0,0,0,0
79,2,1000,0,0,0,0,0.0165533,0,0,0,0,0
79,1,1000,948,0.0177689,1.8259e-07,1.12113,0.0165599,1,0,0,0,0
80,7,1000,220,0.00321755,4.87997e-08,0.202573,0.0165833,1,71,42,0,0
80,6,1000,0,0,0,0,0.0165699,0,0,0,0,0
80,5,1000,350,0.0051575,1.04423e-07,0.324742,0.0165666,1,71,49,0,0
80,4,1000,0,0,0,0,0.0165666,0,0,0,0,0
80,3,1000,716,0.0106178,2.24091e-07,0.668559,0.0165666,1,70.9962,131,0,0
80,2,1000,0,0,0,0,0.0165533,0,0,0,0,0
80,1,1000,797,0.0117783,3.28443e-07,0.741622,0.0165599,1,71,151,0,0
81,7,1000,220,0.00244328,5.57179e-09,0.153548,0.0165833,1,0,0,0,0
81,6,1000,0,0,0,0,0.0165699,0,0,0,0,0
81,5,1000,350,0.00391638,1.61281e-08,0.246147,0.0165666,1,0,0,0,0
81,4,1000,0,0,0,0,0.0165666,0,0,0,0,0
81,3,1000,716,0.0080626,3.43272e-08,0.506751,0.0165666,1,0,0,0,0
81,2,1000,0,0,0,0,0.0165533,0,0,0,0,0
81,1,1000,797,0.00894401,4.81803e-08,0.562139,0.0165599,1,0,0,0,0
82,7,1000,108,0.000958413,9.14905e-09,0.0601642,0.0165833,1,73,112,0,0
82,6,1000,0,0,0,0,0.0165699,0,0,0,0,0
82,5,1000,198,0.00174336,2.28471e-08,0.109439,0.0165666,1,72.9951,152,0,0
82,4,1000,0,0,0,0,0.0165666,0,0,0,0,0
82,3,1000,398,0.00352624,8.73364e-08,0.221372,0.0165666,1,73,318,0,0
82,2,1000,0,0,0,0,0.0165533,0,0,0,0,0
82,1,1000,468,0.00412389,7.64405e-08,0.25888,0.0165599,1,73,329,0,0
83,7,1000,108,0.000727275,3.04927e-09,0.0456053,0.0165833,1,0,0,0,0
83,6,1000,0,0,0,0,0.0165699,0,0,0,0,0
83,5,1000,196,0.00131102,3.0401e-09,0.0822088,0.0165666,1,74,2,0,0
83,4,1000,0,0,0,0,0.0165666,0,0,0,0,0
83,3,1000,398,0.00267586,1.26433e-08,0.167805,0.0165666,1,0,0,0,0
83,2,1000,0,0,0,0,0.0165533,0,0,0,0,0
83,1,1000,468,0.00312936,1.37479e-08,0.19624,0.0165599,1,0,0,0,0
84,7,1000,11,5.56248e-05,4.94654e-09,0.00348557,0.0165833,1,75,97,0,0
84,6,1000,0,0,0,0,0.0165699,0,0,0,0,0
84,5,1000,25,0.000128245,4.2e-09,0.00803493,0.0165666,1,74.9956,171,0,0
84,4,1000,0,0,0,0,0.0165666,0,0,0,0,0
84,3,1000,60,0.000308177,3.62114e-08,0.0193109,0.0165666,1,74.9963,338,0,0
84,2,1000,0,0,0,0,0.0165533,0,0,0,0,0
84,1,1000,61,0.000313635,1.95553e-08,0.0196538,0.0165599,1,74.996,407,0,0
85,7,1000,11,4.21801e-05,8.24214e-10,0.00264145,0.0165833,1,0,0,0,0
85,6,1000,0,0,0,0,0.0165699,0,0,0,0,0
85,5,1000,25,9.72699e-05,1e-09,0.00609038,0.0165666,1,0,0,0,0
85,4,1000,0,0,0,0,0.0165666,0,0,0,0,0
85,3,1000,56,0.000218486,2.89971e-09,0.0136815,0.0165666,1,75.9062,4,0,0
85,2,1000,0,0,0,0,0.0165533,0,0,0,0,0
85,1,1000,60,0.000234028,2.36193e-09,0.0146561,0.0165599,1,76,1,0,0
86,7,1000,0,0,0,0,0.0165833,0,76.9773,11,0,0
86,6,1000,0,0,0,0,0.0165699,0,0,0,0,0
86,5,1000,4,1.17473e-05,2.6e-09,0.000735212,0.0165666,1,76.9702,21,0,0
86,4,1000,0,0,0,0,0.0165666,0,0,0,0,0
86,3,1000,7,2.0096e-05,5.14069e-09,0.00125781,0.0165666,1,76.949,49,0,0
86,2,1000,0,0,0,0,0.0165533,0,0,0,0,0
86,1,1000,4,1.18595e-05,3.85495e-09,0.00074227,0.0165599,1,76.9487,56,0,0
87,7,1000,0,0,0,0,0.0165833,0,0,0,0,0
87,6,1000,0,0,0,0,0.0165699,0,0,0,0,0
87,5,1000,4,8.90791e-06,1e-09,0.000557363,0.0165666,1,0,0,0,0
87,4,1000,0,0,0,0,0.0165666,0,0,0,0,0
87,3,1000,7,1.52404e-05,1.28926e-09,0.000953458,0.0165666,1,0,0,0,0
87,2,1000,0,0,0,0,0.0165533,0,0,0,0,0
87,1,1000,4,8.99094e-06,8.89441e-10,0.000562509,0.0165599,1,0,0,0,0
88,7,1000,0,0,0,0,0.0165833,0,0,0,0,0
88,6,1000,0,0,0,0,0.0165699,0,0,0,0,0
88,5,1000,2,3.3966e-06,3e-09,0.000212371,0.0165666,1,79,2,0,0
88,4,1000,0,0,0,0,0.0165666,0,0,0,0,0
88,3,1000,0,0,0,0,0.0165666,0,78.9107,7,0,0
88,2,1000,0,0,0,0,0.0165533,0,0,0,0,0
88,1,1000,1,1.64598e-06,4.14997e-09,0.000102967,0.0165599,1,79,3,0,0
89,7,1000,0,0,0,0,0.0165833,0,0,0,0,0
89,6,1000,0,0,0,0,0.0165699,0,0,0,0,0
89,5,1000,2,2.5749e-06,2e-10,0.00016095,0.0165666,1,0,0,0,0
89,4,1000,0,0,0,0,0.0165666,0,0,0,0,0
89,3,1000,0,0,0,0,0.0165666,0,0,0,0,0
89,2,1000,0,0,0,0,0.0165533,0,0,0,0,0
89,1,1000,1,1.2469e-06,2.96372e-10,7.80578e-05,0.0165599,1,0,0,0,0
90,7,1000,0,0,0,0,0.0165833,0,0,0,0,0
90,6,1000,0,0,0,0,0.0165699,0,0,0,0,0
90,5,1000,0,0,0,0,0.0165666,0,80.5625,2,0,0
90,4,1000,0,0,0,0,0.0165666,0,0,0,0,0
90,3,1000,0,0,0,0,0.0165666,0,0,0,0,0
90,2,1000,0,0,0,0,0.0165533,0,0,0,0,0
90,1,1000,0,0,0,0,0.0165599,0,80.25,1,0,0
91,7,1000,0,0,0,0,0.0165833,0,0,0,0,0
91,6,1000,0,0,0,0,0.0165699,0,0,0,0,0
91,5,1000,0,0,0,0,0.0165666,0,0,0,0,0
91,4,1000,0,0,0,0,0.0165666,0,0,0,0,0
91,3,1000,0,0,0,0,0.0165666,0,0,0,0,0
91,2,1000,0,0,0,0,0.0165533,0,0,0,0,0
91,1,1000,0,0,0,0,0.0165599,0,0,0,0,0
92,7,1000,0,0,0,0,0.0165833,0,0,0,0,0
92,6,1000,0,0,0,0,0.0165699,0,0,0,0,0
92,5,1000,0,0,0,0,0.0165666,0,0,0,0,0
92,4,1000,0,0,0,0,0.0165666,0,0,0,0,0
92,3,1000,0,0,0,0,0.0165666,0,0,0,0,0
92,2,1000,0,0,0,0,0.0165533,0,0,0,0,0
92,1,1000,0,0,0,0,0.0165599,0,0,0,0,0
93,7,1000,0,0,0,0,0.0165833,0,0,0,0,0
93,6,1000,0,0,0,0,0.0165699,0,0,0,0,0
93,5,1000,0,0,0,0,0.0165666,0,0,0,0,0
93,4,1000,0,0,0,0,0.0165666,0,0,0,0,0
93,3,1000,0,0,0,0,0.0165666,0,0,0,0,0
93,2,1000,0,0,0,0,0.0165533,0,0,0,0,0
93,1,1000,0,0,0,0,0.0165599,0,0,0,0,0
94,7,1000,0,0,0,0,0.0165833,0,0,0,0,0
94,6,1000,0,0,0,0,0.0165699,0,0,0,0,0
94,5,1000,0,0,0,0,0.0165666,0,0,0,0,0
94,4,1000,0,0,0,0,0.0165666,0,0,0,0,0
94,3,1000,0,0,0,0,0.0165666,0,0,0,0,0
94,2,1000,0,0,0,0,0.0165533,0,0,0,0,0
94,1,1000,0,0,0,0,0.0165599,0,0,0,0,0
95,7,1000,0,0,0,0,0.0165833,0,0,0,0,0
95,6,1000,0,0,0,0,0.0165699,0,0,0,0,0
95,5,1000,0,0,0,0,0.0165666,0,0,0,0,0
95,4,1000,0,0,0,0,0.0165666,0,0,0,0,0
95,3,1000,0,0,0,0,0.0165666,0,0,0,0,0
95,2,1000,0,0,0,0,0.0165533,0,0,0,0,0
95,1,1000,0,0,0,0,0.0165599,0,0,0,0,0
96,7,1000,0,0,0,0,0.0165833,0,0,0,0,0
96,6,1000,0,0,0,0,0.0165699,0,0,0,0,0
96,5,1000,0,0,0,0,0.0165666,0,0,0,0,0
96,4,1000,0,0,0,0,0.0165666,0,0,0,0,0
96,3,1000,0,0,0,0,0.0165666,0,0,0,0,0
96,2,1000,0,0,0,0,0.0165533,0,0,0,0,0
96,1,1000,0,0,0,0,0.0165599,0,0,0,0,0
97,7,1000,0,0,0,0,0.0165833,0,0,0,0,0
97,6,1000,0,0,0,0,0.0165699,0,0,0,0,0
97,5,1000,0,0,0,0,0.0165666,0,0,0,0,0
97,4,1000,0,0,0,0,0.0165666,0,0,0,0,0
97,3,1000,0,0,0,0,0.0165666,0,0,0,0,0
97,2,1000,0,0,0,0,0.0165533,0,0,0,0,0
97,1,1000,0,0,0,0,0.0165599,0,0,0,0,0
98,7,1000,0,0,0,0,0.0165833,0,0,0,0,0
98,6,1000,0,0,0,0,0.0165699,0,0,0,0,0
98,5,1000,0,0,0,0,0.0165666,0,0,0,0,0
98,4,1000,0,0,0,0,0.0165666,0,0,0,0,0
98,3,1000,0,0,0,0,0.0165666,0,0,0,0,0
98,2,1000,0,0,0,0,0.0165533,0,0,0,0,0
98,1,1000,0,0,0,0,0.0165599,0,0,0,0,0
99,7,1000,0,0,0,0,0.0165833,0,0,0,0,0
99,6,1000,0,0,0,0,0.0165699,0,0,0,0,0
99,5,1000,0,0,0,0,0.0165666,0,0,0,0,0
99,4,1000,0,0,0,0,0.0165666,0,0,0,0,0
99,3,1000,0,0,0,0,0.0165666,0,0,0,0,0
99,2,1000,0,0,0,0,0.0165533,0,0,0,0,0
99,1,1000,0,0,0,0,0.0165599,0,0,0,0,0
