Time,NodeID,Alleles,VectorPopulation
0,1,Be,0
0,1,Bw,8986
0,1,X,8986
0,1,Y,0
1,1,Be,0
1,1,Bw,8039
1,1,X,8039
1,1,Y,0
2,1,Be,0
2,1,Bw,7167
2,1,X,7167
2,1,Y,0
3,1,Be,0
3,1,Bw,6350
3,1,X,6350
3,1,Y,0
4,1,Be,0
4,1,Bw,5655
4,1,X,5655
4,1,Y,0
5,1,Be,0
5,1,Bw,5008
5,1,X,5008
5,1,Y,0
6,1,Be,0
6,1,Bw,4420
6,1,X,4420
6,1,Y,0
7,1,Be,0
7,1,Bw,3857
7,1,X,3857
7,1,Y,0
8,1,Be,0
8,1,Bw,3332
8,1,X,3332
8,1,Y,0
9,1,Be,0
9,1,Bw,2874
9,1,X,2874
9,1,Y,0
10,1,Be,0
10,1,Bw,2461
10,1,X,2461
10,1,Y,0
11,1,Be,0
11,1,Bw,2094
11,1,X,2094
11,1,Y,0
12,1,Be,0
12,1,Bw,1775
12,1,X,1775
12,1,Y,0
13,1,Be,0
13,1,Bw,1462
13,1,X,1462
13,1,Y,0
14,1,Be,0
14,1,Bw,1227
14,1,X,1227
14,1,Y,0
15,1,Be,0
15,1,Bw,1017
15,1,X,1017
15,1,Y,0
16,1,Be,0
16,1,Bw,854
16,1,X,854
16,1,Y,0
17,1,Be,0
17,1,Bw,693
17,1,X,693
17,1,Y,0
18,1,Be,0
18,1,Bw,572
18,1,X,572
18,1,Y,0
19,1,Be,0
19,1,Bw,468
19,1,X,468
19,1,Y,0
20,1,Be,0
20,1,Bw,397
20,1,X,397
20,1,Y,0
21,1,Be,0
21,1,Bw,328
21,1,X,328
21,1,Y,0
22,1,Be,0
22,1,Bw,35734
22,1,X,35734
22,1,Y,0
23,1,Be,0
23,1,Bw,65250
23,1,X,65250
23,1,Y,0
24,1,Be,0
24,1,Bw,87941
24,1,X,87941
24,1,Y,0
25,1,Be,0
25,1,Bw,79936
25,1,X,79936
25,1,Y,0
26,1,Be,0
26,1,Bw,74022
26,1,X,74022
26,1,Y,0
27,1,Be,0
27,1,Bw,68859
27,1,X,68859
27,1,Y,0
28,1,Be,0
28,1,Bw,63950
28,1,X,63950
28,1,Y,0
29,1,Be,0
29,1,Bw,58880
29,1,X,58880
29,1,Y,0
30,1,Be,0
30,1,Bw,54170
30,1,X,54170
30,1,Y,0
31,1,Be,0
31,1,Bw,49659
31,1,X,49659
31,1,Y,0
32,1,Be,0
32,1,Bw,45041
32,1,X,45041
32,1,Y,0
33,1,Be,0
33,1,Bw,40380
33,1,X,40380
33,1,Y,0
34,1,Be,0
34,1,Bw,36299
34,1,X,36299
34,1,Y,0
35,1,Be,0
35,1,Bw,32528
35,1,X,32528
35,1,Y,0
36,1,Be,0
36,1,Bw,28581
36,1,X,28581
36,1,Y,0
37,1,Be,0
37,1,Bw,25250
37,1,X,25250
37,1,Y,0
38,1,Be,0
38,1,Bw,22280
38,1,X,22280
38,1,Y,0
39,1,Be,0
39,1,Bw,19461
39,1,X,19461
39,1,Y,0
40,1,Be,0
40,1,Bw,17018
40,1,X,17018
40,1,Y,0
41,1,Be,0
41,1,Bw,14734
41,1,X,14734
41,1,Y,0
42,1,Be,0
42,1,Bw,12730
42,1,X,12730
42,1,Y,0
43,1,Be,0
43,1,Bw,10971
43,1,X,10971
43,1,Y,0
44,1,Be,0
44,1,Bw,9367
44,1,X,9367
44,1,Y,0
45,1,Be,0
45,1,Bw,7974
45,1,X,7974
45,1,Y,0
46,1,Be,0
46,1,Bw,6802
46,1,X,6802
46,1,Y,0
47,1,Be,0
47,1,Bw,5709
47,1,X,5709
47,1,Y,0
48,1,Be,0
48,1,Bw,18734
48,1,X,18734
48,1,Y,0
49,1,Be,0
49,1,Bw,40886
49,1,X,40886
49,1,Y,0
50,1,Be,0
50,1,Bw,69219
50,1,X,69219
50,1,Y,0
51,1,Be,0
51,1,Bw,90491
51,1,X,90491
51,1,Y,0
52,1,Be,0
52,1,Bw,107219
52,1,X,107219
52,1,Y,0
53,1,Be,0
53,1,Bw,104859
53,1,X,104859
53,1,Y,0
54,1,Be,0
54,1,Bw,103791
54,1,X,103791
54,1,Y,0
55,1,Be,0
55,1,Bw,102683
55,1,X,102683
55,1,Y,0
56,1,Be,0
56,1,Bw,101582
56,1,X,101582
56,1,Y,0
57,1,Be,0
57,1,Bw,100435
57,1,X,100435
57,1,Y,0
58,1,Be,0
58,1,Bw,99457
58,1,X,99457
58,1,Y,0
59,1,Be,0
59,1,Bw,98382
59,1,X,98382
59,1,Y,0
60,1,Be,0
60,1,Bw,97138
60,1,X,97138
60,1,Y,0
61,1,Be,0
61,1,Bw,95926
61,1,X,95926
61,1,Y,0
62,1,Be,0
62,1,Bw,93620
62,1,X,93620
62,1,Y,0
63,1,Be,0
63,1,Bw,90039
63,1,X,90039
63,1,Y,0
64,1,Be,0
64,1,Bw,85866
64,1,X,85866
64,1,Y,0
65,1,Be,0
65,1,Bw,80663
65,1,X,80663
65,1,Y,0
66,1,Be,0
66,1,Bw,75636
66,1,X,75636
66,1,Y,0
67,1,Be,0
67,1,Bw,70954
67,1,X,70954
67,1,Y,0
68,1,Be,0
68,1,Bw,65271
68,1,X,65271
68,1,Y,0
69,1,Be,0
69,1,Bw,59946
69,1,X,59946
69,1,Y,0
70,1,Be,0
70,1,Bw,54860
70,1,X,54860
70,1,Y,0
71,1,Be,0
71,1,Bw,49779
71,1,X,49779
71,1,Y,0
72,1,Be,0
72,1,Bw,44948
72,1,X,44948
72,1,Y,0
73,1,Be,0
73,1,Bw,40445
73,1,X,40445
73,1,Y,0
74,1,Be,0
74,1,Bw,42159
74,1,X,42159
74,1,Y,0
75,1,Be,0
75,1,Bw,51429
75,1,X,51429
75,1,Y,0
76,1,Be,0
76,1,Bw,70591
76,1,X,70591
76,1,Y,0
77,1,Be,0
77,1,Bw,95986
77,1,X,95986
77,1,Y,0
78,1,Be,0
78,1,Bw,107167
78,1,X,107167
78,1,Y,0
79,1,Be,0
79,1,Bw,105915
79,1,X,105915
79,1,Y,0
80,1,Be,0
80,1,Bw,105689
80,1,X,105689
80,1,Y,0
81,1,Be,0
81,1,Bw,104934
81,1,X,104934
81,1,Y,0
82,1,Be,0
82,1,Bw,103974
82,1,X,103974
82,1,Y,0
83,1,Be,0
83,1,Bw,103191
83,1,X,103191
83,1,Y,0
84,1,Be,0
84,1,Bw,102512
84,1,X,102512
84,1,Y,0
85,1,Be,0
85,1,Bw,101457
85,1,X,101457
85,1,Y,0
86,1,Be,0
86,1,Bw,100470
86,1,X,100470
86,1,Y,0
87,1,Be,0
87,1,Bw,99142
87,1,X,99142
87,1,Y,0
88,1,Be,0
88,1,Bw,98171
88,1,X,98171
88,1,Y,0
89,1,Be,0
89,1,Bw,96832
89,1,X,96832
89,1,Y,0
90,1,Be,0
90,1,Bw,95614
90,1,X,95614
90,1,Y,0
91,1,Be,0
91,1,Bw,94244
91,1,X,94244
91,1,Y,0
92,1,Be,0
92,1,Bw,94415
92,1,X,94415
92,1,Y,0
93,1,Be,0
93,1,Bw,95908
93,1,X,95908
93,1,Y,0
94,1,Be,0
94,1,Bw,98828
94,1,X,98828
94,1,Y,0
95,1,Be,0
95,1,Bw,102492
95,1,X,102492
95,1,Y,0
96,1,Be,0
96,1,Bw,103706
96,1,X,103706
96,1,Y,0
97,1,Be,0
97,1,Bw,102956
97,1,X,102956
97,1,Y,0
98,1,Be,0
98,1,Bw,102894
98,1,X,102894
98,1,Y,0
99,1,Be,0
99,1,Bw,102719
99,1,X,102719
99,1,Y,0
100,1,Be,0
100,1,Bw,102200
100,1,X,102200
100,1,Y,0
101,1,Be,0
101,1,Bw,101894
101,1,X,101894
101,1,Y,0
102,1,Be,0
102,1,Bw,101641
102,1,X,101641
102,1,Y,0
103,1,Be,0
103,1,Bw,101179
103,1,X,101179
103,1,Y,0
104,1,Be,0
104,1,Bw,100976
104,1,X,100976
104,1,Y,0
105,1,Be,0
105,1,Bw,100775
105,1,X,100775
105,1,Y,0
106,1,Be,0
106,1,Bw,100710
106,1,X,100710
106,1,Y,0
107,1,Be,0
107,1,Bw,100556
107,1,X,100556
107,1,Y,0
108,1,Be,0
108,1,Bw,100274
108,1,X,100274
108,1,Y,0
109,1,Be,0
109,1,Bw,99983
109,1,X,99983
109,1,Y,0
110,1,Be,0
110,1,Bw,100271
110,1,X,100271
110,1,Y,0
111,1,Be,0
111,1,Bw,100511
111,1,X,100511
111,1,Y,0
112,1,Be,0
112,1,Bw,100933
112,1,X,100933
112,1,Y,0
113,1,Be,0
113,1,Bw,101389
113,1,X,101389
113,1,Y,0
114,1,Be,0
114,1,Bw,101516
114,1,X,101516
114,1,Y,0
115,1,Be,0
115,1,Bw,101432
115,1,X,101432
115,1,Y,0
116,1,Be,0
116,1,Bw,101457
116,1,X,101457
116,1,Y,0
117,1,Be,0
117,1,Bw,101363
117,1,X,101363
117,1,Y,0
118,1,Be,0
118,1,Bw,101289
118,1,X,101289
118,1,Y,0
119,1,Be,0
119,1,Bw,101256
119,1,X,101256
119,1,Y,0
120,1,Be,0
120,1,Bw,101124
120,1,X,101124
120,1,Y,0
121,1,Be,0
121,1,Bw,100947
121,1,X,100947
121,1,Y,0
122,1,Be,0
122,1,Bw,100957
122,1,X,100957
122,1,Y,0
123,1,Be,0
123,1,Bw,101293
123,1,X,101293
123,1,Y,0
124,1,Be,0
124,1,Bw,101136
124,1,X,101136
124,1,Y,0
125,1,Be,0
125,1,Bw,101155
125,1,X,101155
125,1,Y,0
126,1,Be,0
126,1,Bw,100956
126,1,X,100956
126,1,Y,0
127,1,Be,0
127,1,Bw,100775
127,1,X,100775
127,1,Y,0
128,1,Be,0
128,1,Bw,100696
128,1,X,100696
128,1,Y,0
129,1,Be,0
129,1,Bw,100971
129,1,X,100971
129,1,Y,0
130,1,Be,0
130,1,Bw,101236
130,1,X,101236
130,1,Y,0
131,1,Be,0
131,1,Bw,101484
131,1,X,101484
131,1,Y,0
132,1,Be,0
132,1,Bw,101324
132,1,X,101324
132,1,Y,0
133,1,Be,0
133,1,Bw,101268
133,1,X,101268
133,1,Y,0
134,1,Be,0
134,1,Bw,101404
134,1,X,101404
134,1,Y,0
135,1,Be,0
135,1,Bw,101370
135,1,X,101370
135,1,Y,0
136,1,Be,0
136,1,Bw,101158
136,1,X,101158
136,1,Y,0
137,1,Be,0
137,1,Bw,101580
137,1,X,101580
137,1,Y,0
138,1,Be,0
138,1,Bw,101620
138,1,X,101620
138,1,Y,0
139,1,Be,0
139,1,Bw,101509
139,1,X,101509
139,1,Y,0
140,1,Be,0
140,1,Bw,101437
140,1,X,101437
140,1,Y,0
141,1,Be,0
141,1,Bw,101172
141,1,X,101172
141,1,Y,0
142,1,Be,0
142,1,Bw,100918
142,1,X,100918
142,1,Y,0
143,1,Be,0
143,1,Bw,100773
143,1,X,100773
143,1,Y,0
144,1,Be,0
144,1,Bw,100804
144,1,X,100804
144,1,Y,0
145,1,Be,0
145,1,Bw,100638
145,1,X,100638
145,1,Y,0
146,1,Be,0
146,1,Bw,100892
146,1,X,100892
146,1,Y,0
147,1,Be,0
147,1,Bw,100833
147,1,X,100833
147,1,Y,0
148,1,Be,0
148,1,Bw,100832
148,1,X,100832
148,1,Y,0
149,1,Be,0
149,1,Bw,100843
149,1,X,100843
149,1,Y,0
150,1,Be,0
150,1,Bw,100856
150,1,X,100856
150,1,Y,0
151,1,Be,0
151,1,Bw,101030
151,1,X,101030
151,1,Y,0
152,1,Be,0
152,1,Bw,101101
152,1,X,101101
152,1,Y,0
153,1,Be,0
153,1,Bw,101115
153,1,X,101115
153,1,Y,0
154,1,Be,0
154,1,Bw,100984
154,1,X,100984
154,1,Y,0
155,1,Be,0
155,1,Bw,101065
155,1,X,101065
155,1,Y,0
156,1,Be,0
156,1,Bw,100971
156,1,X,100971
156,1,Y,0
157,1,Be,0
157,1,Bw,100991
157,1,X,100991
157,1,Y,0
158,1,Be,0
158,1,Bw,100987
158,1,X,100987
158,1,Y,0
159,1,Be,0
159,1,Bw,100552
159,1,X,100552
159,1,Y,0
160,1,Be,0
160,1,Bw,100793
160,1,X,100793
160,1,Y,0
161,1,Be,0
161,1,Bw,100978
161,1,X,100978
161,1,Y,0
162,1,Be,0
162,1,Bw,100918
162,1,X,100918
162,1,Y,0
163,1,Be,0
163,1,Bw,101139
163,1,X,101139
163,1,Y,0
164,1,Be,0
164,1,Bw,101328
164,1,X,101328
164,1,Y,0
165,1,Be,0
165,1,Bw,101186
165,1,X,101186
165,1,Y,0
166,1,Be,0
166,1,Bw,100863
166,1,X,100863
166,1,Y,0
167,1,Be,0
167,1,Bw,101062
167,1,X,101062
167,1,Y,0
168,1,Be,0
168,1,Bw,100981
168,1,X,100981
168,1,Y,0
169,1,Be,0
169,1,Bw,101042
169,1,X,101042
169,1,Y,0
170,1,Be,0
170,1,Bw,101245
170,1,X,101245
170,1,Y,0
171,1,Be,0
171,1,Bw,101197
171,1,X,101197
171,1,Y,0
172,1,Be,0
172,1,Bw,101014
172,1,X,101014
172,1,Y,0
173,1,Be,0
173,1,Bw,101182
173,1,X,101182
173,1,Y,0
174,1,Be,0
174,1,Bw,101245
174,1,X,101245
174,1,Y,0
175,1,Be,0
175,1,Bw,100987
175,1,X,100987
175,1,Y,0
176,1,Be,0
176,1,Bw,101165
176,1,X,101165
176,1,Y,0
177,1,Be,0
177,1,Bw,101140
177,1,X,101140
177,1,Y,0
178,1,Be,0
178,1,Bw,100955
178,1,X,100955
178,1,Y,0
179,1,Be,0
179,1,Bw,100761
179,1,X,100761
179,1,Y,0
180,1,Be,0
180,1,Bw,100865
180,1,X,100865
180,1,Y,0
181,1,Be,0
181,1,Bw,100846
181,1,X,100846
181,1,Y,0
182,1,Be,0
182,1,Bw,100814
182,1,X,100814
182,1,Y,0
183,1,Be,0
183,1,Bw,101018
183,1,X,101018
183,1,Y,0
184,1,Be,0
184,1,Bw,101126
184,1,X,101126
184,1,Y,0
185,1,Be,0
185,1,Bw,100994
185,1,X,100994
185,1,Y,0
186,1,Be,0
186,1,Bw,100737
186,1,X,100737
186,1,Y,0
187,1,Be,0
187,1,Bw,100787
187,1,X,100787
187,1,Y,0
188,1,Be,0
188,1,Bw,100777
188,1,X,100777
188,1,Y,0
189,1,Be,0
189,1,Bw,100595
189,1,X,100595
189,1,Y,0
190,1,Be,0
190,1,Bw,100471
190,1,X,100471
190,1,Y,0
191,1,Be,0
191,1,Bw,100674
191,1,X,100674
191,1,Y,0
192,1,Be,0
192,1,Bw,100676
192,1,X,100676
192,1,Y,0
193,1,Be,0
193,1,Bw,100727
193,1,X,100727
193,1,Y,0
194,1,Be,0
194,1,Bw,100645
194,1,X,100645
194,1,Y,0
195,1,Be,0
195,1,Bw,100612
195,1,X,100612
195,1,Y,0
196,1,Be,0
196,1,Bw,100727
196,1,X,100727
196,1,Y,0
197,1,Be,0
197,1,Bw,100685
197,1,X,100685
197,1,Y,0
198,1,Be,0
198,1,Bw,100697
198,1,X,100697
198,1,Y,0
199,1,Be,0
199,1,Bw,100551
199,1,X,100551
199,1,Y,0
200,1,Be,0
200,1,Bw,100884
200,1,X,100884
200,1,Y,0
201,1,Be,0
201,1,Bw,100990
201,1,X,100990
201,1,Y,0
202,1,Be,0
202,1,Bw,100992
202,1,X,100992
202,1,Y,0
203,1,Be,0
203,1,Bw,101000
203,1,X,101000
203,1,Y,0
204,1,Be,0
204,1,Bw,100943
204,1,X,100943
204,1,Y,0
205,1,Be,0
205,1,Bw,100870
205,1,X,100870
205,1,Y,0
206,1,Be,0
206,1,Bw,100812
206,1,X,100812
206,1,Y,0
207,1,Be,0
207,1,Bw,100865
207,1,X,100865
207,1,Y,0
208,1,Be,0
208,1,Bw,100608
208,1,X,100608
208,1,Y,0
209,1,Be,0
209,1,Bw,100428
209,1,X,100428
209,1,Y,0
210,1,Be,0
210,1,Bw,100266
210,1,X,100266
210,1,Y,0
211,1,Be,0
211,1,Bw,100277
211,1,X,100277
211,1,Y,0
212,1,Be,0
212,1,Bw,100215
212,1,X,100215
212,1,Y,0
213,1,Be,0
213,1,Bw,100211
213,1,X,100211
213,1,Y,0
214,1,Be,0
214,1,Bw,100291
214,1,X,100291
214,1,Y,0
215,1,Be,0
215,1,Bw,100458
215,1,X,100458
215,1,Y,0
216,1,Be,0
216,1,Bw,100644
216,1,X,100644
216,1,Y,0
217,1,Be,0
217,1,Bw,100591
217,1,X,100591
217,1,Y,0
218,1,Be,0
218,1,Bw,100394
218,1,X,100394
218,1,Y,0
219,1,Be,0
219,1,Bw,100550
219,1,X,100550
219,1,Y,0
220,1,Be,0
220,1,Bw,100828
220,1,X,100828
220,1,Y,0
221,1,Be,0
221,1,Bw,100849
221,1,X,100849
221,1,Y,0
222,1,Be,0
222,1,Bw,100918
222,1,X,100918
222,1,Y,0
223,1,Be,0
223,1,Bw,100755
223,1,X,100755
223,1,Y,0
224,1,Be,0
224,1,Bw,100781
224,1,X,100781
224,1,Y,0
225,1,Be,0
225,1,Bw,100480
225,1,X,100480
225,1,Y,0
226,1,Be,0
226,1,Bw,100377
226,1,X,100377
226,1,Y,0
227,1,Be,0
227,1,Bw,100577
227,1,X,100577
227,1,Y,0
228,1,Be,0
228,1,Bw,100706
228,1,X,100706
228,1,Y,0
229,1,Be,0
229,1,Bw,100923
229,1,X,100923
229,1,Y,0
230,1,Be,0
230,1,Bw,101026
230,1,X,101026
230,1,Y,0
231,1,Be,0
231,1,Bw,100936
231,1,X,100936
231,1,Y,0
232,1,Be,0
232,1,Bw,100931
232,1,X,100931
232,1,Y,0
233,1,Be,0
233,1,Bw,100977
233,1,X,100977
233,1,Y,0
234,1,Be,0
234,1,Bw,100999
234,1,X,100999
234,1,Y,0
235,1,Be,0
235,1,Bw,100987
235,1,X,100987
235,1,Y,0
236,1,Be,0
236,1,Bw,100906
236,1,X,100906
236,1,Y,0
237,1,Be,0
237,1,Bw,101044
237,1,X,101044
237,1,Y,0
238,1,Be,0
238,1,Bw,101195
238,1,X,101195
238,1,Y,0
239,1,Be,0
239,1,Bw,101321
239,1,X,101321
239,1,Y,0
240,1,Be,0
240,1,Bw,101461
240,1,X,101461
240,1,Y,0
241,1,Be,0
241,1,Bw,101114
241,1,X,101114
241,1,Y,0
242,1,Be,0
242,1,Bw,100833
242,1,X,100833
242,1,Y,0
243,1,Be,0
243,1,Bw,101114
243,1,X,101114
243,1,Y,0
244,1,Be,0
244,1,Bw,100751
244,1,X,100751
244,1,Y,0
245,1,Be,0
245,1,Bw,100743
245,1,X,100743
245,1,Y,0
246,1,Be,0
246,1,Bw,100753
246,1,X,100753
246,1,Y,0
247,1,Be,0
247,1,Bw,100568
247,1,X,100568
247,1,Y,0
248,1,Be,0
248,1,Bw,100753
248,1,X,100753
248,1,Y,0
249,1,Be,0
249,1,Bw,100848
249,1,X,100848
249,1,Y,0
250,1,Be,0
250,1,Bw,100744
250,1,X,100744
250,1,Y,0
251,1,Be,0
251,1,Bw,100803
251,1,X,100803
251,1,Y,0
252,1,Be,0
252,1,Bw,101002
252,1,X,101002
252,1,Y,0
253,1,Be,0
253,1,Bw,101173
253,1,X,101173
253,1,Y,0
254,1,Be,0
254,1,Bw,101429
254,1,X,101429
254,1,Y,0
255,1,Be,0
255,1,Bw,101424
255,1,X,101424
255,1,Y,0
256,1,Be,0
256,1,Bw,101156
256,1,X,101156
256,1,Y,0
257,1,Be,0
257,1,Bw,101200
257,1,X,101200
257,1,Y,0
258,1,Be,0
258,1,Bw,100840
258,1,X,100840
258,1,Y,0
259,1,Be,0
259,1,Bw,100820
259,1,X,100820
259,1,Y,0
260,1,Be,0
260,1,Bw,100887
260,1,X,100887
260,1,Y,0
261,1,Be,0
261,1,Bw,100568
261,1,X,100568
261,1,Y,0
262,1,Be,0
262,1,Bw,100497
262,1,X,100497
262,1,Y,0
263,1,Be,0
263,1,Bw,100375
263,1,X,100375
263,1,Y,0
264,1,Be,0
264,1,Bw,100451
264,1,X,100451
264,1,Y,0
265,1,Be,0
265,1,Bw,100604
265,1,X,100604
265,1,Y,0
266,1,Be,0
266,1,Bw,100587
266,1,X,100587
266,1,Y,0
267,1,Be,0
267,1,Bw,100595
267,1,X,100595
267,1,Y,0
268,1,Be,0
268,1,Bw,100598
268,1,X,100598
268,1,Y,0
269,1,Be,0
269,1,Bw,100618
269,1,X,100618
269,1,Y,0
270,1,Be,0
270,1,Bw,100483
270,1,X,100483
270,1,Y,0
271,1,Be,0
271,1,Bw,100403
271,1,X,100403
271,1,Y,0
272,1,Be,0
272,1,Bw,100520
272,1,X,100520
272,1,Y,0
273,1,Be,0
273,1,Bw,100491
273,1,X,100491
273,1,Y,0
274,1,Be,0
274,1,Bw,100555
274,1,X,100555
274,1,Y,0
275,1,Be,0
275,1,Bw,100490
275,1,X,100490
275,1,Y,0
276,1,Be,0
276,1,Bw,100477
276,1,X,100477
276,1,Y,0
277,1,Be,0
277,1,Bw,100441
277,1,X,100441
277,1,Y,0
278,1,Be,0
278,1,Bw,100550
278,1,X,100550
278,1,Y,0
279,1,Be,0
279,1,Bw,100477
279,1,X,100477
279,1,Y,0
280,1,Be,0
280,1,Bw,100428
280,1,X,100428
280,1,Y,0
281,1,Be,0
281,1,Bw,100509
281,1,X,100509
281,1,Y,0
282,1,Be,0
282,1,Bw,100610
282,1,X,100610
282,1,Y,0
283,1,Be,0
283,1,Bw,100676
283,1,X,100676
283,1,Y,0
284,1,Be,0
284,1,Bw,100871
284,1,X,100871
284,1,Y,0
285,1,Be,0
285,1,Bw,100685
285,1,X,100685
285,1,Y,0
286,1,Be,0
286,1,Bw,100817
286,1,X,100817
286,1,Y,0
287,1,Be,0
287,1,Bw,100975
287,1,X,100975
287,1,Y,0
288,1,Be,0
288,1,Bw,100883
288,1,X,100883
288,1,Y,0
289,1,Be,0
289,1,Bw,100799
289,1,X,100799
289,1,Y,0
290,1,Be,0
290,1,Bw,100807
290,1,X,100807
290,1,Y,0
291,1,Be,0
291,1,Bw,101252
291,1,X,101252
291,1,Y,0
292,1,Be,0
292,1,Bw,101427
292,1,X,101427
292,1,Y,0
293,1,Be,0
293,1,Bw,101338
293,1,X,101338
293,1,Y,0
294,1,Be,0
294,1,Bw,101139
294,1,X,101139
294,1,Y,0
295,1,Be,0
295,1,Bw,100999
295,1,X,100999
295,1,Y,0
296,1,Be,0
296,1,Bw,100969
296,1,X,100969
296,1,Y,0
297,1,Be,0
297,1,Bw,100880
297,1,X,100880
297,1,Y,0
298,1,Be,0
298,1,Bw,100898
298,1,X,100898
298,1,Y,0
299,1,Be,0
299,1,Bw,100975
299,1,X,100975
299,1,Y,0
300,1,Be,0
300,1,Bw,100967
300,1,X,100967
300,1,Y,0
301,1,Be,0
301,1,Bw,101119
301,1,X,101119
301,1,Y,0
302,1,Be,0
302,1,Bw,101302
302,1,X,101302
302,1,Y,0
303,1,Be,0
303,1,Bw,101230
303,1,X,101230
303,1,Y,0
304,1,Be,0
304,1,Bw,101159
304,1,X,101159
304,1,Y,0
305,1,Be,0
305,1,Bw,101066
305,1,X,101066
305,1,Y,0
306,1,Be,0
306,1,Bw,100868
306,1,X,100868
306,1,Y,0
307,1,Be,0
307,1,Bw,100960
307,1,X,100960
307,1,Y,0
308,1,Be,0
308,1,Bw,101067
308,1,X,101067
308,1,Y,0
309,1,Be,0
309,1,Bw,101177
309,1,X,101177
309,1,Y,0
310,1,Be,0
310,1,Bw,101128
310,1,X,101128
310,1,Y,0
311,1,Be,0
311,1,Bw,101107
311,1,X,101107
311,1,Y,0
312,1,Be,0
312,1,Bw,101260
312,1,X,101260
312,1,Y,0
313,1,Be,0
313,1,Bw,101452
313,1,X,101452
313,1,Y,0
314,1,Be,0
314,1,Bw,101300
314,1,X,101300
314,1,Y,0
315,1,Be,0
315,1,Bw,101328
315,1,X,101328
315,1,Y,0
316,1,Be,0
316,1,Bw,101303
316,1,X,101303
316,1,Y,0
317,1,Be,0
317,1,Bw,101224
317,1,X,101224
317,1,Y,0
318,1,Be,0
318,1,Bw,101269
318,1,X,101269
318,1,Y,0
319,1,Be,0
319,1,Bw,101270
319,1,X,101270
319,1,Y,0
320,1,Be,0
320,1,Bw,101496
320,1,X,101496
320,1,Y,0
321,1,Be,0
321,1,Bw,101495
321,1,X,101495
321,1,Y,0
322,1,Be,0
322,1,Bw,101604
322,1,X,101604
322,1,Y,0
323,1,Be,0
323,1,Bw,101426
323,1,X,101426
323,1,Y,0
324,1,Be,0
324,1,Bw,101454
324,1,X,101454
324,1,Y,0
325,1,Be,0
325,1,Bw,101452
325,1,X,101452
325,1,Y,0
326,1,Be,0
326,1,Bw,101458
326,1,X,101458
326,1,Y,0
327,1,Be,0
327,1,Bw,101359
327,1,X,101359
327,1,Y,0
328,1,Be,0
328,1,Bw,101202
328,1,X,101202
328,1,Y,0
329,1,Be,0
329,1,Bw,101440
329,1,X,101440
329,1,Y,0
330,1,Be,0
330,1,Bw,101514
330,1,X,101514
330,1,Y,0
331,1,Be,0
331,1,Bw,101338
331,1,X,101338
331,1,Y,0
332,1,Be,0
332,1,Bw,101082
332,1,X,101082
332,1,Y,0
333,1,Be,0
333,1,Bw,101187
333,1,X,101187
333,1,Y,0
334,1,Be,0
334,1,Bw,100942
334,1,X,100942
334,1,Y,0
335,1,Be,0
335,1,Bw,100782
335,1,X,100782
335,1,Y,0
336,1,Be,0
336,1,Bw,100704
336,1,X,100704
336,1,Y,0
337,1,Be,0
337,1,Bw,100627
337,1,X,100627
337,1,Y,0
338,1,Be,0
338,1,Bw,100452
338,1,X,100452
338,1,Y,0
339,1,Be,0
339,1,Bw,100339
339,1,X,100339
339,1,Y,0
340,1,Be,0
340,1,Bw,100331
340,1,X,100331
340,1,Y,0
341,1,Be,0
341,1,Bw,100541
341,1,X,100541
341,1,Y,0
342,1,Be,0
342,1,Bw,100824
342,1,X,100824
342,1,Y,0
343,1,Be,0
343,1,Bw,101056
343,1,X,101056
343,1,Y,0
344,1,Be,0
344,1,Bw,101166
344,1,X,101166
344,1,Y,0
345,1,Be,0
345,1,Bw,101088
345,1,X,101088
345,1,Y,0
346,1,Be,0
346,1,Bw,101172
346,1,X,101172
346,1,Y,0
347,1,Be,0
347,1,Bw,101182
347,1,X,101182
347,1,Y,0
348,1,Be,0
348,1,Bw,101047
348,1,X,101047
348,1,Y,0
349,1,Be,0
349,1,Bw,101175
349,1,X,101175
349,1,Y,0
350,1,Be,0
350,1,Bw,100996
350,1,X,100996
350,1,Y,0
351,1,Be,0
351,1,Bw,101192
351,1,X,101192
351,1,Y,0
352,1,Be,0
352,1,Bw,101276
352,1,X,101276
352,1,Y,0
353,1,Be,0
353,1,Bw,101118
353,1,X,101118
353,1,Y,0
354,1,Be,0
354,1,Bw,101464
354,1,X,101464
354,1,Y,0
355,1,Be,0
355,1,Bw,101751
355,1,X,101751
355,1,Y,0
356,1,Be,0
356,1,Bw,101515
356,1,X,101515
356,1,Y,0
357,1,Be,0
357,1,Bw,101516
357,1,X,101516
357,1,Y,0
358,1,Be,0
358,1,Bw,101480
358,1,X,101480
358,1,Y,0
359,1,Be,0
359,1,Bw,101373
359,1,X,101373
359,1,Y,0
360,1,Be,0
360,1,Bw,101132
360,1,X,101132
360,1,Y,0
361,1,Be,0
361,1,Bw,101231
361,1,X,101231
361,1,Y,0
362,1,Be,0
362,1,Bw,101359
362,1,X,101359
362,1,Y,0
363,1,Be,0
363,1,Bw,101168
363,1,X,101168
363,1,Y,0
364,1,Be,0
364,1,Bw,101158
364,1,X,101158
364,1,Y,0
365,1,Be,0
365,1,Bw,101142
365,1,X,101142
365,1,Y,0
366,1,Be,0
366,1,Bw,101039
366,1,X,101039
366,1,Y,0
367,1,Be,0
367,1,Bw,101117
367,1,X,101117
367,1,Y,0
368,1,Be,0
368,1,Bw,101208
368,1,X,101208
368,1,Y,0
369,1,Be,0
369,1,Bw,101498
369,1,X,101498
369,1,Y,0
370,1,Be,0
370,1,Bw,101590
370,1,X,101590
370,1,Y,0
371,1,Be,0
371,1,Bw,101543
371,1,X,101543
371,1,Y,0
372,1,Be,0
372,1,Bw,101500
372,1,X,101500
372,1,Y,0
373,1,Be,0
373,1,Bw,101416
373,1,X,101416
373,1,Y,0
374,1,Be,0
374,1,Bw,101577
374,1,X,101577
374,1,Y,0
375,1,Be,0
375,1,Bw,101347
375,1,X,101347
375,1,Y,0
376,1,Be,0
376,1,Bw,101314
376,1,X,101314
376,1,Y,0
377,1,Be,0
377,1,Bw,101318
377,1,X,101318
377,1,Y,0
378,1,Be,0
378,1,Bw,101198
378,1,X,101198
378,1,Y,0
379,1,Be,0
379,1,Bw,101240
379,1,X,101240
379,1,Y,0
380,1,Be,0
380,1,Bw,101392
380,1,X,101392
380,1,Y,0
381,1,Be,0
381,1,Bw,101389
381,1,X,101389
381,1,Y,0
382,1,Be,0
382,1,Bw,101283
382,1,X,101283
382,1,Y,0
383,1,Be,0
383,1,Bw,101141
383,1,X,101141
383,1,Y,0
384,1,Be,0
384,1,Bw,101001
384,1,X,101001
384,1,Y,0
385,1,Be,0
385,1,Bw,101096
385,1,X,101096
385,1,Y,0
386,1,Be,0
386,1,Bw,101063
386,1,X,101063
386,1,Y,0
387,1,Be,0
387,1,Bw,100977
387,1,X,100977
387,1,Y,0
388,1,Be,0
388,1,Bw,101004
388,1,X,101004
388,1,Y,0
389,1,Be,0
389,1,Bw,101303
389,1,X,101303
389,1,Y,0
390,1,Be,0
390,1,Bw,101266
390,1,X,101266
390,1,Y,0
391,1,Be,0
391,1,Bw,101307
391,1,X,101307
391,1,Y,0
392,1,Be,0
392,1,Bw,101318
392,1,X,101318
392,1,Y,0
393,1,Be,0
393,1,Bw,101592
393,1,X,101592
393,1,Y,0
394,1,Be,0
394,1,Bw,101505
394,1,X,101505
394,1,Y,0
395,1,Be,0
395,1,Bw,101175
395,1,X,101175
395,1,Y,0
396,1,Be,0
396,1,Bw,100745
396,1,X,100745
396,1,Y,0
397,1,Be,0
397,1,Bw,100852
397,1,X,100852
397,1,Y,0
398,1,Be,0
398,1,Bw,100837
398,1,X,100837
398,1,Y,0
399,1,Be,0
399,1,Bw,100817
399,1,X,100817
399,1,Y,0
400,1,Be,0
400,1,Bw,100654
400,1,X,100654
400,1,Y,0
401,1,Be,0
401,1,Bw,100772
401,1,X,100772
401,1,Y,0
402,1,Be,0
402,1,Bw,100718
402,1,X,100718
402,1,Y,0
403,1,Be,0
403,1,Bw,100941
403,1,X,100941
403,1,Y,0
404,1,Be,0
404,1,Bw,101078
404,1,X,101078
404,1,Y,0
405,1,Be,0
405,1,Bw,101050
405,1,X,101050
405,1,Y,0
406,1,Be,0
406,1,Bw,101006
406,1,X,101006
406,1,Y,0
407,1,Be,0
407,1,Bw,101290
407,1,X,101290
407,1,Y,0
408,1,Be,0
408,1,Bw,101242
408,1,X,101242
408,1,Y,0
409,1,Be,0
409,1,Bw,101199
409,1,X,101199
409,1,Y,0
410,1,Be,0
410,1,Bw,101053
410,1,X,101053
410,1,Y,0
411,1,Be,0
411,1,Bw,101259
411,1,X,101259
411,1,Y,0
412,1,Be,0
412,1,Bw,101386
412,1,X,101386
412,1,Y,0
413,1,Be,0
413,1,Bw,101246
413,1,X,101246
413,1,Y,0
414,1,Be,0
414,1,Bw,101105
414,1,X,101105
414,1,Y,0
415,1,Be,0
415,1,Bw,100887
415,1,X,100887
415,1,Y,0
416,1,Be,0
416,1,Bw,100785
416,1,X,100785
416,1,Y,0
417,1,Be,0
417,1,Bw,100791
417,1,X,100791
417,1,Y,0
418,1,Be,0
418,1,Bw,100969
418,1,X,100969
418,1,Y,0
419,1,Be,0
419,1,Bw,101019
419,1,X,101019
419,1,Y,0
420,1,Be,0
420,1,Bw,101317
420,1,X,101317
420,1,Y,0
421,1,Be,0
421,1,Bw,101326
421,1,X,101326
421,1,Y,0
422,1,Be,0
422,1,Bw,101247
422,1,X,101247
422,1,Y,0
423,1,Be,0
423,1,Bw,101249
423,1,X,101249
423,1,Y,0
424,1,Be,0
424,1,Bw,100974
424,1,X,100974
424,1,Y,0
425,1,Be,0
425,1,Bw,101338
425,1,X,101338
425,1,Y,0
426,1,Be,77
426,1,Bw,101286
426,1,X,101286
426,1,Y,0
427,1,Be,319
427,1,Bw,101121
427,1,X,101121
427,1,Y,0
428,1,Be,520
428,1,Bw,100956
428,1,X,100956
428,1,Y,0
429,1,Be,789
429,1,Bw,100885
429,1,X,100885
429,1,Y,0
430,1,Be,1202
430,1,Bw,100975
430,1,X,100975
430,1,Y,0
431,1,Be,1555
431,1,Bw,101003
431,1,X,101003
431,1,Y,0
432,1,Be,1807
432,1,Bw,101241
432,1,X,101241
432,1,Y,0
433,1,Be,2194
433,1,Bw,101200
433,1,X,101200
433,1,Y,0
434,1,Be,2426
434,1,Bw,101095
434,1,X,101095
434,1,Y,0
435,1,Be,2611
435,1,Bw,101254
435,1,X,101254
435,1,Y,0
436,1,Be,2828
436,1,Bw,101132
436,1,X,101132
436,1,Y,0
437,1,Be,2924
437,1,Bw,101093
437,1,X,101093
437,1,Y,0
438,1,Be,2996
438,1,Bw,101137
438,1,X,101137
438,1,Y,0
439,1,Be,3006
439,1,Bw,101173
439,1,X,101173
439,1,Y,0
440,1,Be,2989
440,1,Bw,101356
440,1,X,101356
440,1,Y,0
441,1,Be,2889
441,1,Bw,101175
441,1,X,101175
441,1,Y,0
442,1,Be,2786
442,1,Bw,101218
442,1,X,101218
442,1,Y,0
443,1,Be,2686
443,1,Bw,101009
443,1,X,101009
443,1,Y,0
444,1,Be,2681
444,1,Bw,101126
444,1,X,101126
444,1,Y,0
445,1,Be,2533
445,1,Bw,101198
445,1,X,101198
445,1,Y,0
446,1,Be,2376
446,1,Bw,101058
446,1,X,101058
446,1,Y,0
447,1,Be,2254
447,1,Bw,101123
447,1,X,101123
447,1,Y,0
448,1,Be,2087
448,1,Bw,100922
448,1,X,100922
448,1,Y,0
449,1,Be,1963
449,1,Bw,101116
449,1,X,101116
449,1,Y,0
450,1,Be,1798
450,1,Bw,101012
450,1,X,101012
450,1,Y,0
451,1,Be,1639
451,1,Bw,101107
451,1,X,101107
451,1,Y,0
452,1,Be,1504
452,1,Bw,100842
452,1,X,100842
452,1,Y,0
453,1,Be,1428
453,1,Bw,100782
453,1,X,100782
453,1,Y,0
454,1,Be,1308
454,1,Bw,101125
454,1,X,101126
454,1,Y,0
455,1,Be,1276
455,1,Bw,101225
455,1,X,101225
455,1,Y,0
456,1,Be,1215
456,1,Bw,101415
456,1,X,101415
456,1,Y,0
457,1,Be,1210
457,1,Bw,101486
457,1,X,101486
457,1,Y,0
458,1,Be,1214
458,1,Bw,101491
458,1,X,101495
458,1,Y,0
459,1,Be,1262
459,1,Bw,101453
459,1,X,101457
459,1,Y,0
460,1,Be,1373
460,1,Bw,101358
460,1,X,101362
460,1,Y,0
461,1,Be,1511
461,1,Bw,101337
461,1,X,101341
461,1,Y,0
462,1,Be,1599
462,1,Bw,101237
462,1,X,101246
462,1,Y,0
463,1,Be,1693
463,1,Bw,101157
463,1,X,101169
463,1,Y,0
464,1,Be,1821
464,1,Bw,101039
464,1,X,101053
464,1,Y,0
465,1,Be,1924
465,1,Bw,101253
465,1,X,101269
465,1,Y,0
466,1,Be,2022
466,1,Bw,101255
466,1,X,101274
466,1,Y,0
467,1,Be,2143
467,1,Bw,101310
467,1,X,101327
467,1,Y,0
468,1,Be,2264
468,1,Bw,100901
468,1,X,100921
468,1,Y,0
469,1,Be,2288
469,1,Bw,100946
469,1,X,100969
469,1,Y,0
470,1,Be,2377
470,1,Bw,101226
470,1,X,101252
470,1,Y,0
471,1,Be,2441
471,1,Bw,101579
471,1,X,101607
471,1,Y,0
472,1,Be,2432
472,1,Bw,101264
472,1,X,101292
472,1,Y,0
473,1,Be,2394
473,1,Bw,101332
473,1,X,101362
473,1,Y,0
474,1,Be,2423
474,1,Bw,101465
474,1,X,101493
474,1,Y,0
475,1,Be,2430
475,1,Bw,101454
475,1,X,101483
475,1,Y,0
476,1,Be,2414
476,1,Bw,101402
476,1,X,101431
476,1,Y,0
477,1,Be,2351
477,1,Bw,101379
477,1,X,101405
477,1,Y,0
478,1,Be,2294
478,1,Bw,101380
478,1,X,101408
478,1,Y,0
479,1,Be,2176
479,1,Bw,101278
479,1,X,101302
479,1,Y,0
480,1,Be,2098
480,1,Bw,101322
480,1,X,101342
480,1,Y,0
481,1,Be,1999
481,1,Bw,101254
481,1,X,101269
481,1,Y,0
482,1,Be,1951
482,1,Bw,101093
482,1,X,101108
482,1,Y,0
483,1,Be,1875
483,1,Bw,101035
483,1,X,101045
483,1,Y,0
484,1,Be,1818
484,1,Bw,101232
484,1,X,101241
484,1,Y,0
485,1,Be,1744
485,1,Bw,101058
485,1,X,101066
485,1,Y,0
486,1,Be,1648
486,1,Bw,101009
486,1,X,101017
486,1,Y,0
487,1,Be,1585
487,1,Bw,101110
487,1,X,101117
487,1,Y,0
488,1,Be,1580
488,1,Bw,101149
488,1,X,101155
488,1,Y,0
489,1,Be,1568
489,1,Bw,100945
489,1,X,100951
489,1,Y,0
490,1,Be,1528
490,1,Bw,100810
490,1,X,100817
490,1,Y,0
491,1,Be,1531
491,1,Bw,100860
491,1,X,100868
491,1,Y,0
492,1,Be,1566
492,1,Bw,100570
492,1,X,100578
492,1,Y,0
493,1,Be,1631
493,1,Bw,100971
493,1,X,100979
493,1,Y,0
494,1,Be,1723
494,1,Bw,100996
494,1,X,101001
494,1,Y,0
495,1,Be,1756
495,1,Bw,100894
495,1,X,100901
495,1,Y,0
496,1,Be,1848
496,1,Bw,100998
496,1,X,101004
496,1,Y,0
497,1,Be,1906
497,1,Bw,100964
497,1,X,100972
497,1,Y,0
498,1,Be,1899
498,1,Bw,100863
498,1,X,100870
498,1,Y,0
499,1,Be,1967
499,1,Bw,100906
499,1,X,100913
499,1,Y,0
500,1,Be,2016
500,1,Bw,100774
500,1,X,100781
500,1,Y,0
501,1,Be,2039
501,1,Bw,100700
501,1,X,100707
501,1,Y,0
502,1,Be,2080
502,1,Bw,100803
502,1,X,100809
502,1,Y,0
503,1,Be,2142
503,1,Bw,100820
503,1,X,100826
503,1,Y,0
504,1,Be,2151
504,1,Bw,100937
504,1,X,100948
504,1,Y,0
505,1,Be,2158
505,1,Bw,100999
505,1,X,101011
505,1,Y,0
506,1,Be,2167
506,1,Bw,101023
506,1,X,101036
506,1,Y,0
507,1,Be,2172
507,1,Bw,100967
507,1,X,100980
507,1,Y,0
508,1,Be,2107
508,1,Bw,101093
508,1,X,101105
508,1,Y,0
509,1,Be,2067
509,1,Bw,100807
509,1,X,100819
509,1,Y,0
510,1,Be,2064
510,1,Bw,100891
510,1,X,100903
510,1,Y,0
511,1,Be,2031
511,1,Bw,101194
511,1,X,101204
511,1,Y,0
512,1,Be,1988
512,1,Bw,101243
512,1,X,101252
512,1,Y,0
513,1,Be,1985
513,1,Bw,101266
513,1,X,101274
513,1,Y,0
514,1,Be,1993
514,1,Bw,101369
514,1,X,101377
514,1,Y,0
515,1,Be,1977
515,1,Bw,101229
515,1,X,101236
515,1,Y,0
516,1,Be,1911
516,1,Bw,101337
516,1,X,101342
516,1,Y,0
517,1,Be,1851
517,1,Bw,101060
517,1,X,101067
517,1,Y,0
518,1,Be,1856
518,1,Bw,101056
518,1,X,101065
518,1,Y,0
519,1,Be,1904
519,1,Bw,101510
519,1,X,101518
519,1,Y,0
520,1,Be,1851
520,1,Bw,101612
520,1,X,101618
520,1,Y,0
521,1,Be,1868
521,1,Bw,101472
521,1,X,101479
521,1,Y,0
522,1,Be,1890
522,1,Bw,101309
522,1,X,101315
522,1,Y,0
523,1,Be,1858
523,1,Bw,101269
523,1,X,101275
523,1,Y,0
524,1,Be,1833
524,1,Bw,101171
524,1,X,101176
524,1,Y,0
525,1,Be,1865
525,1,Bw,101200
525,1,X,101204
525,1,Y,0
526,1,Be,1847
526,1,Bw,100920
526,1,X,100924
526,1,Y,0
527,1,Be,1806
527,1,Bw,100730
527,1,X,100735
527,1,Y,0
528,1,Be,1854
528,1,Bw,100885
528,1,X,100889
528,1,Y,0
529,1,Be,1911
529,1,Bw,101022
529,1,X,101028
529,1,Y,0
530,1,Be,1976
530,1,Bw,101117
530,1,X,101123
530,1,Y,0
531,1,Be,2018
531,1,Bw,101235
531,1,X,101241
531,1,Y,0
532,1,Be,2048
532,1,Bw,101212
532,1,X,101216
532,1,Y,0
533,1,Be,2081
533,1,Bw,101264
533,1,X,101270
533,1,Y,0
534,1,Be,2113
534,1,Bw,101308
534,1,X,101313
534,1,Y,0
535,1,Be,2086
535,1,Bw,101299
535,1,X,101303
535,1,Y,0
536,1,Be,2066
536,1,Bw,101057
536,1,X,101065
536,1,Y,0
537,1,Be,2017
537,1,Bw,101155
537,1,X,101161
537,1,Y,0
538,1,Be,1962
538,1,Bw,101055
538,1,X,101058
538,1,Y,0
539,1,Be,1935
539,1,Bw,100778
539,1,X,100782
539,1,Y,0
540,1,Be,1936
540,1,Bw,100660
540,1,X,100664
540,1,Y,0
541,1,Be,1913
541,1,Bw,100665
541,1,X,100668
541,1,Y,0
542,1,Be,1900
542,1,Bw,100691
542,1,X,100694
542,1,Y,0
543,1,Be,1873
543,1,Bw,100817
543,1,X,100819
543,1,Y,0
544,1,Be,1898
544,1,Bw,100952
544,1,X,100958
544,1,Y,0
545,1,Be,1896
545,1,Bw,101004
545,1,X,101010
545,1,Y,0
546,1,Be,1906
546,1,Bw,101067
546,1,X,101077
546,1,Y,0
547,1,Be,1950
547,1,Bw,100906
547,1,X,100915
547,1,Y,0
548,1,Be,1963
548,1,Bw,101024
548,1,X,101033
548,1,Y,0
549,1,Be,1964
549,1,Bw,100888
549,1,X,100897
549,1,Y,0
550,1,Be,1945
550,1,Bw,101054
550,1,X,101062
550,1,Y,0
551,1,Be,1925
551,1,Bw,101002
551,1,X,101009
551,1,Y,0
552,1,Be,1925
552,1,Bw,100975
552,1,X,100981
552,1,Y,0
553,1,Be,1912
553,1,Bw,100985
553,1,X,100990
553,1,Y,0
554,1,Be,1863
554,1,Bw,100658
554,1,X,100662
554,1,Y,0
555,1,Be,1874
555,1,Bw,100751
555,1,X,100755
555,1,Y,0
556,1,Be,1895
556,1,Bw,100665
556,1,X,100668
556,1,Y,0
557,1,Be,1911
557,1,Bw,100778
557,1,X,100779
557,1,Y,0
558,1,Be,1952
558,1,Bw,100897
558,1,X,100902
558,1,Y,0
559,1,Be,1940
559,1,Bw,100937
559,1,X,100941
559,1,Y,0
560,1,Be,1941
560,1,Bw,100996
560,1,X,101001
560,1,Y,0
561,1,Be,1938
561,1,Bw,100999
561,1,X,101005
561,1,Y,0
562,1,Be,1988
562,1,Bw,101138
562,1,X,101145
562,1,Y,0
563,1,Be,1992
563,1,Bw,100911
563,1,X,100916
563,1,Y,0
564,1,Be,1971
564,1,Bw,101000
564,1,X,101002
564,1,Y,0
565,1,Be,1983
565,1,Bw,100930
565,1,X,100932
565,1,Y,0
566,1,Be,1939
566,1,Bw,100807
566,1,X,100813
566,1,Y,0
567,1,Be,1941
567,1,Bw,100921
567,1,X,100927
567,1,Y,0
568,1,Be,1978
568,1,Bw,100699
568,1,X,100705
568,1,Y,0
569,1,Be,1968
569,1,Bw,100738
569,1,X,100746
569,1,Y,0
570,1,Be,1952
570,1,Bw,100716
570,1,X,100724
570,1,Y,0
571,1,Be,1961
571,1,Bw,100972
571,1,X,100981
571,1,Y,0
572,1,Be,2004
572,1,Bw,100858
572,1,X,100867
572,1,Y,0
573,1,Be,1995
573,1,Bw,100697
573,1,X,100705
573,1,Y,0
574,1,Be,1983
574,1,Bw,100644
574,1,X,100653
574,1,Y,0
575,1,Be,2007
575,1,Bw,100900
575,1,X,100907
575,1,Y,0
576,1,Be,1959
576,1,Bw,100927
576,1,X,100937
576,1,Y,0
577,1,Be,1953
577,1,Bw,100730
577,1,X,100742
577,1,Y,0
578,1,Be,1959
578,1,Bw,101006
578,1,X,101018
578,1,Y,0
579,1,Be,1958
579,1,Bw,101180
579,1,X,101193
579,1,Y,0
580,1,Be,2012
580,1,Bw,100903
580,1,X,100916
580,1,Y,0
581,1,Be,2022
581,1,Bw,101055
581,1,X,101067
581,1,Y,0
582,1,Be,2015
582,1,Bw,101081
582,1,X,101093
582,1,Y,0
583,1,Be,2036
583,1,Bw,101098
583,1,X,101109
583,1,Y,0
584,1,Be,2031
584,1,Bw,100832
584,1,X,100843
584,1,Y,0
585,1,Be,1963
585,1,Bw,100712
585,1,X,100723
585,1,Y,0
586,1,Be,1961
586,1,Bw,100726
586,1,X,100736
586,1,Y,0
587,1,Be,1955
587,1,Bw,100739
587,1,X,100747
587,1,Y,0
588,1,Be,1947
588,1,Bw,100982
588,1,X,100989
588,1,Y,0
589,1,Be,2016
589,1,Bw,101045
589,1,X,101053
589,1,Y,0
590,1,Be,1976
590,1,Bw,101257
590,1,X,101264
590,1,Y,0
591,1,Be,1966
591,1,Bw,101386
591,1,X,101392
591,1,Y,0
592,1,Be,2021
592,1,Bw,101326
592,1,X,101334
592,1,Y,0
593,1,Be,2006
593,1,Bw,101356
593,1,X,101361
593,1,Y,0
594,1,Be,1990
594,1,Bw,101595
594,1,X,101601
594,1,Y,0
595,1,Be,1976
595,1,Bw,101522
595,1,X,101528
595,1,Y,0
596,1,Be,1973
596,1,Bw,101332
596,1,X,101338
596,1,Y,0
597,1,Be,1942
597,1,Bw,101254
597,1,X,101260
597,1,Y,0
598,1,Be,1954
598,1,Bw,101525
598,1,X,101537
598,1,Y,0
599,1,Be,1955
599,1,Bw,101645
599,1,X,101657
599,1,Y,0
600,1,Be,1960
600,1,Bw,101695
600,1,X,101706
600,1,Y,0
601,1,Be,1976
601,1,Bw,101789
601,1,X,101798
601,1,Y,0
602,1,Be,1985
602,1,Bw,101774
602,1,X,101782
602,1,Y,0
603,1,Be,1967
603,1,Bw,101761
603,1,X,101768
603,1,Y,0
604,1,Be,2027
604,1,Bw,101564
604,1,X,101573
604,1,Y,0
605,1,Be,2018
605,1,Bw,101222
605,1,X,101231
605,1,Y,0
606,1,Be,2000
606,1,Bw,101106
606,1,X,101116
606,1,Y,0
607,1,Be,2023
607,1,Bw,101195
607,1,X,101207
607,1,Y,0
608,1,Be,2036
608,1,Bw,101390
608,1,X,101398
608,1,Y,0
609,1,Be,2034
609,1,Bw,101382
609,1,X,101394
609,1,Y,0
610,1,Be,1984
610,1,Bw,101426
610,1,X,101436
610,1,Y,0
611,1,Be,1986
611,1,Bw,101685
611,1,X,101696
611,1,Y,0
612,1,Be,1933
612,1,Bw,101495
612,1,X,101505
612,1,Y,0
613,1,Be,1888
613,1,Bw,101169
613,1,X,101180
613,1,Y,0
614,1,Be,1892
614,1,Bw,100904
614,1,X,100915
614,1,Y,0
615,1,Be,1933
615,1,Bw,100681
615,1,X,100695
615,1,Y,0
616,1,Be,1949
616,1,Bw,100713
616,1,X,100731
616,1,Y,0
617,1,Be,1973
617,1,Bw,100678
617,1,X,100695
617,1,Y,0
618,1,Be,2034
618,1,Bw,100604
618,1,X,100621
618,1,Y,0
619,1,Be,2065
619,1,Bw,100786
619,1,X,100801
619,1,Y,0
620,1,Be,2012
620,1,Bw,100593
620,1,X,100610
620,1,Y,0
621,1,Be,2020
621,1,Bw,100736
621,1,X,100755
621,1,Y,0
622,1,Be,2010
622,1,Bw,100741
622,1,X,100764
622,1,Y,0
623,1,Be,2019
623,1,Bw,100834
623,1,X,100855
623,1,Y,0
624,1,Be,2000
624,1,Bw,100897
624,1,X,100916
624,1,Y,0
625,1,Be,2008
625,1,Bw,100977
625,1,X,100997
625,1,Y,0
626,1,Be,1950
626,1,Bw,100897
626,1,X,100911
626,1,Y,0
627,1,Be,1963
627,1,Bw,101036
627,1,X,101051
627,1,Y,0
628,1,Be,1968
628,1,Bw,100824
628,1,X,100836
628,1,Y,0
629,1,Be,1995
629,1,Bw,101248
629,1,X,101259
629,1,Y,0
630,1,Be,1956
630,1,Bw,101270
630,1,X,101287
630,1,Y,0
631,1,Be,1983
631,1,Bw,101084
631,1,X,101100
631,1,Y,0
632,1,Be,1945
632,1,Bw,100987
632,1,X,101001
632,1,Y,0
633,1,Be,1948
633,1,Bw,101191
633,1,X,101209
633,1,Y,0
634,1,Be,1989
634,1,Bw,101234
634,1,X,101249
634,1,Y,0
635,1,Be,2001
635,1,Bw,101234
635,1,X,101252
635,1,Y,0
636,1,Be,1969
636,1,Bw,101237
636,1,X,101253
636,1,Y,0
637,1,Be,1953
637,1,Bw,101025
637,1,X,101043
637,1,Y,0
638,1,Be,1945
638,1,Bw,101107
638,1,X,101123
638,1,Y,0
639,1,Be,1921
639,1,Bw,100811
639,1,X,100827
639,1,Y,0
640,1,Be,1912
640,1,Bw,100701
640,1,X,100716
640,1,Y,0
641,1,Be,1935
641,1,Bw,100828
641,1,X,100840
641,1,Y,0
642,1,Be,1946
642,1,Bw,100836
642,1,X,100848
642,1,Y,0
643,1,Be,1995
643,1,Bw,101036
643,1,X,101048
643,1,Y,0
644,1,Be,2035
644,1,Bw,101029
644,1,X,101041
644,1,Y,0
645,1,Be,2014
645,1,Bw,100901
645,1,X,100913
645,1,Y,0
646,1,Be,2040
646,1,Bw,100941
646,1,X,100951
646,1,Y,0
647,1,Be,2028
647,1,Bw,101088
647,1,X,101097
647,1,Y,0
648,1,Be,2051
648,1,Bw,101380
648,1,X,101388
648,1,Y,0
649,1,Be,2054
649,1,Bw,101078
649,1,X,101085
649,1,Y,0
650,1,Be,1996
650,1,Bw,100838
650,1,X,100843
650,1,Y,0
651,1,Be,2019
651,1,Bw,100833
651,1,X,100838
651,1,Y,0
652,1,Be,2036
652,1,Bw,101050
652,1,X,101055
652,1,Y,0
653,1,Be,2019
653,1,Bw,100978
653,1,X,100983
653,1,Y,0
654,1,Be,1973
654,1,Bw,100932
654,1,X,100936
654,1,Y,0
655,1,Be,1997
655,1,Bw,100940
655,1,X,100945
655,1,Y,0
656,1,Be,2042
656,1,Bw,101132
656,1,X,101137
656,1,Y,0
657,1,Be,2044
657,1,Bw,101004
657,1,X,101014
657,1,Y,0
658,1,Be,2025
658,1,Bw,100920
658,1,X,100932
658,1,Y,0
659,1,Be,2009
659,1,Bw,100743
659,1,X,100753
659,1,Y,0
660,1,Be,1982
660,1,Bw,100521
660,1,X,100532
660,1,Y,0
661,1,Be,2018
661,1,Bw,100312
661,1,X,100328
661,1,Y,0
662,1,Be,2014
662,1,Bw,100671
662,1,X,100689
662,1,Y,0
663,1,Be,2016
663,1,Bw,100615
663,1,X,100630
663,1,Y,0
664,1,Be,2022
664,1,Bw,100572
664,1,X,100589
664,1,Y,0
665,1,Be,1989
665,1,Bw,100400
665,1,X,100417
665,1,Y,0
666,1,Be,2013
666,1,Bw,100312
666,1,X,100336
666,1,Y,0
667,1,Be,1987
667,1,Bw,100648
667,1,X,100671
667,1,Y,0
668,1,Be,1940
668,1,Bw,100607
668,1,X,100632
668,1,Y,0
669,1,Be,1975
669,1,Bw,100580
669,1,X,100602
669,1,Y,0
670,1,Be,2009
670,1,Bw,100769
670,1,X,100790
670,1,Y,0
671,1,Be,2010
671,1,Bw,100694
671,1,X,100712
671,1,Y,0
672,1,Be,1981
672,1,Bw,100657
672,1,X,100674
672,1,Y,0
673,1,Be,1970
673,1,Bw,100707
673,1,X,100720
673,1,Y,0
674,1,Be,1971
674,1,Bw,100612
674,1,X,100624
674,1,Y,0
675,1,Be,2006
675,1,Bw,100894
675,1,X,100906
675,1,Y,0
676,1,Be,1985
676,1,Bw,100883
676,1,X,100894
676,1,Y,0
677,1,Be,1987
677,1,Bw,101066
677,1,X,101076
677,1,Y,0
678,1,Be,1972
678,1,Bw,100773
678,1,X,100781
678,1,Y,0
679,1,Be,1958
679,1,Bw,100765
679,1,X,100775
679,1,Y,0
680,1,Be,1955
680,1,Bw,100839
680,1,X,100848
680,1,Y,0
681,1,Be,2045
681,1,Bw,100820
681,1,X,100830
681,1,Y,0
682,1,Be,2080
682,1,Bw,100919
682,1,X,100932
682,1,Y,0
683,1,Be,2080
683,1,Bw,100735
683,1,X,100747
683,1,Y,0
684,1,Be,2061
684,1,Bw,100758
684,1,X,100766
684,1,Y,0
685,1,Be,2055
685,1,Bw,100923
685,1,X,100932
685,1,Y,0
686,1,Be,2067
686,1,Bw,101141
686,1,X,101149
686,1,Y,0
687,1,Be,2095
687,1,Bw,101017
687,1,X,101024
687,1,Y,0
688,1,Be,2074
688,1,Bw,100852
688,1,X,100862
688,1,Y,0
689,1,Be,2087
689,1,Bw,101002
689,1,X,101012
689,1,Y,0
690,1,Be,2064
690,1,Bw,100903
690,1,X,100914
690,1,Y,0
691,1,Be,2053
691,1,Bw,101082
691,1,X,101092
691,1,Y,0
692,1,Be,2074
692,1,Bw,100950
692,1,X,100959
692,1,Y,0
693,1,Be,2099
693,1,Bw,100992
693,1,X,101000
693,1,Y,0
694,1,Be,2059
694,1,Bw,101040
694,1,X,101046
694,1,Y,0
695,1,Be,2092
695,1,Bw,101032
695,1,X,101037
695,1,Y,0
696,1,Be,2086
696,1,Bw,101344
696,1,X,101349
696,1,Y,0
697,1,Be,2079
697,1,Bw,101319
697,1,X,101327
697,1,Y,0
698,1,Be,2028
698,1,Bw,101106
698,1,X,101113
698,1,Y,0
699,1,Be,2045
699,1,Bw,101013
699,1,X,101022
699,1,Y,0
700,1,Be,2017
700,1,Bw,101072
700,1,X,101082
700,1,Y,0
701,1,Be,1972
701,1,Bw,101041
701,1,X,101050
701,1,Y,0
702,1,Be,1991
702,1,Bw,101320
702,1,X,101328
702,1,Y,0
703,1,Be,2025
703,1,Bw,101581
703,1,X,101589
703,1,Y,0
704,1,Be,2032
704,1,Bw,101540
704,1,X,101547
704,1,Y,0
705,1,Be,1995
705,1,Bw,101275
705,1,X,101285
705,1,Y,0
706,1,Be,2047
706,1,Bw,101232
706,1,X,101242
706,1,Y,0
707,1,Be,2052
707,1,Bw,101245
707,1,X,101254
707,1,Y,0
708,1,Be,2073
708,1,Bw,101388
708,1,X,101399
708,1,Y,0
709,1,Be,2060
709,1,Bw,101404
709,1,X,101412
709,1,Y,0
710,1,Be,2032
710,1,Bw,101224
710,1,X,101236
710,1,Y,0
711,1,Be,2029
711,1,Bw,101137
711,1,X,101149
711,1,Y,0
712,1,Be,2039
712,1,Bw,101405
712,1,X,101417
712,1,Y,0
713,1,Be,2008
713,1,Bw,101576
713,1,X,101587
713,1,Y,0
714,1,Be,2001
714,1,Bw,101556
714,1,X,101567
714,1,Y,0
715,1,Be,1986
715,1,Bw,101634
715,1,X,101645
715,1,Y,0
716,1,Be,1994
716,1,Bw,101384
716,1,X,101396
716,1,Y,0
717,1,Be,1994
717,1,Bw,101127
717,1,X,101142
717,1,Y,0
718,1,Be,1992
718,1,Bw,101284
718,1,X,101299
718,1,Y,0
719,1,Be,2046
719,1,Bw,101071
719,1,X,101086
719,1,Y,0
720,1,Be,2042
720,1,Bw,100918
720,1,X,100930
720,1,Y,0
721,1,Be,2009
721,1,Bw,100991
721,1,X,101002
721,1,Y,0
722,1,Be,1988
722,1,Bw,100874
722,1,X,100884
722,1,Y,0
723,1,Be,1995
723,1,Bw,101191
723,1,X,101201
723,1,Y,0
724,1,Be,1957
724,1,Bw,100952
724,1,X,100958
724,1,Y,0
725,1,Be,1946
725,1,Bw,100861
725,1,X,100867
725,1,Y,0
726,1,Be,1894
726,1,Bw,100984
726,1,X,100991
726,1,Y,0
727,1,Be,1920
727,1,Bw,101106
727,1,X,101111
727,1,Y,0
728,1,Be,1898
728,1,Bw,101184
728,1,X,101187
728,1,Y,0
729,1,Be,1886
729,1,Bw,100996
729,1,X,101001
729,1,Y,0
730,1,Be,1848
730,1,Bw,101398
730,1,X,101404
730,1,Y,0
731,1,Be,1866
731,1,Bw,101505
731,1,X,101511
731,1,Y,0
732,1,Be,1849
732,1,Bw,100981
732,1,X,100990
732,1,Y,0
733,1,Be,1916
733,1,Bw,100780
733,1,X,100788
733,1,Y,0
734,1,Be,1941
734,1,Bw,101025
734,1,X,101035
734,1,Y,0
735,1,Be,1925
735,1,Bw,101023
735,1,X,101031
735,1,Y,0
736,1,Be,1966
736,1,Bw,100950
736,1,X,100960
736,1,Y,0
737,1,Be,2046
737,1,Bw,100901
737,1,X,100910
737,1,Y,0
738,1,Be,2038
738,1,Bw,100966
738,1,X,100973
738,1,Y,0
739,1,Be,2011
739,1,Bw,101031
739,1,X,101040
739,1,Y,0
740,1,Be,2027
740,1,Bw,101059
740,1,X,101065
740,1,Y,0
741,1,Be,2035
741,1,Bw,101301
741,1,X,101308
741,1,Y,0
742,1,Be,2004
742,1,Bw,101138
742,1,X,101144
742,1,Y,0
743,1,Be,2037
743,1,Bw,100939
743,1,X,100943
743,1,Y,0
744,1,Be,1995
744,1,Bw,101049
744,1,X,101056
744,1,Y,0
745,1,Be,2016
745,1,Bw,101170
745,1,X,101175
745,1,Y,0
746,1,Be,1967
746,1,Bw,101181
746,1,X,101188
746,1,Y,0
747,1,Be,2035
747,1,Bw,100945
747,1,X,100952
747,1,Y,0
748,1,Be,2084
748,1,Bw,100995
748,1,X,101003
748,1,Y,0
749,1,Be,2088
749,1,Bw,101077
749,1,X,101089
749,1,Y,0
750,1,Be,2094
750,1,Bw,101027
750,1,X,101038
750,1,Y,0
751,1,Be,2029
751,1,Bw,101161
751,1,X,101172
751,1,Y,0
752,1,Be,2007
752,1,Bw,101228
752,1,X,101241
752,1,Y,0
753,1,Be,2024
753,1,Bw,101107
753,1,X,101122
753,1,Y,0
754,1,Be,1948
754,1,Bw,100904
754,1,X,100919
754,1,Y,0
755,1,Be,1944
755,1,Bw,101120
755,1,X,101132
755,1,Y,0
756,1,Be,1915
756,1,Bw,100958
756,1,X,100968
756,1,Y,0
757,1,Be,1901
757,1,Bw,101014
757,1,X,101024
757,1,Y,0
758,1,Be,1913
758,1,Bw,101063
758,1,X,101073
758,1,Y,0
759,1,Be,1930
759,1,Bw,101217
759,1,X,101225
759,1,Y,0
760,1,Be,1910
760,1,Bw,101250
760,1,X,101257
760,1,Y,0
761,1,Be,1910
761,1,Bw,101348
761,1,X,101355
761,1,Y,0
762,1,Be,1916
762,1,Bw,101298
762,1,X,101305
762,1,Y,0
763,1,Be,1957
763,1,Bw,101054
763,1,X,101066
763,1,Y,0
764,1,Be,1964
764,1,Bw,101185
764,1,X,101196
764,1,Y,0
765,1,Be,1939
765,1,Bw,101094
765,1,X,101105
765,1,Y,0
766,1,Be,1927
766,1,Bw,101094
766,1,X,101103
766,1,Y,0
767,1,Be,1891
767,1,Bw,101228
767,1,X,101236
767,1,Y,0
768,1,Be,1925
768,1,Bw,101181
768,1,X,101188
768,1,Y,0
769,1,Be,1948
769,1,Bw,101259
769,1,X,101269
769,1,Y,0
770,1,Be,1941
770,1,Bw,101079
770,1,X,101089
770,1,Y,0
771,1,Be,1920
771,1,Bw,101163
771,1,X,101173
771,1,Y,0
772,1,Be,1905
772,1,Bw,101088
772,1,X,101099
772,1,Y,0
773,1,Be,1994
773,1,Bw,101200
773,1,X,101209
773,1,Y,0
774,1,Be,1975
774,1,Bw,101157
774,1,X,101166
774,1,Y,0
775,1,Be,1949
775,1,Bw,101180
775,1,X,101188
775,1,Y,0
776,1,Be,1972
776,1,Bw,101242
776,1,X,101251
776,1,Y,0
777,1,Be,1969
777,1,Bw,101156
777,1,X,101163
777,1,Y,0
778,1,Be,1987
778,1,Bw,100980
778,1,X,100986
778,1,Y,0
779,1,Be,1941
779,1,Bw,100893
779,1,X,100898
779,1,Y,0
780,1,Be,1925
780,1,Bw,100830
780,1,X,100835
780,1,Y,0
781,1,Be,1952
781,1,Bw,100743
781,1,X,100753
781,1,Y,0
782,1,Be,1965
782,1,Bw,101090
782,1,X,101098
782,1,Y,0
783,1,Be,1930
783,1,Bw,100984
783,1,X,100992
783,1,Y,0
784,1,Be,1907
784,1,Bw,101156
784,1,X,101162
784,1,Y,0
785,1,Be,1901
785,1,Bw,101065
785,1,X,101069
785,1,Y,0
786,1,Be,1929
786,1,Bw,101431
786,1,X,101435
786,1,Y,0
787,1,Be,1896
787,1,Bw,101384
787,1,X,101388
787,1,Y,0
788,1,Be,1873
788,1,Bw,101194
788,1,X,101199
788,1,Y,0
789,1,Be,1858
789,1,Bw,101368
789,1,X,101376
789,1,Y,0
790,1,Be,1885
790,1,Bw,101591
790,1,X,101598
790,1,Y,0
791,1,Be,1912
791,1,Bw,101482
791,1,X,101490
791,1,Y,0
792,1,Be,1900
792,1,Bw,101463
792,1,X,101471
792,1,Y,0
793,1,Be,1907
793,1,Bw,101421
793,1,X,101428
793,1,Y,0
794,1,Be,1871
794,1,Bw,101440
794,1,X,101445
794,1,Y,0
795,1,Be,1893
795,1,Bw,101411
795,1,X,101418
795,1,Y,0
796,1,Be,1879
796,1,Bw,101149
796,1,X,101155
796,1,Y,0
797,1,Be,1880
797,1,Bw,101096
797,1,X,101102
797,1,Y,0
798,1,Be,1907
798,1,Bw,101069
798,1,X,101075
798,1,Y,0
799,1,Be,1936
799,1,Bw,101065
799,1,X,101071
799,1,Y,0
800,1,Be,1985
800,1,Bw,100956
800,1,X,100966
800,1,Y,0
801,1,Be,2019
801,1,Bw,100900
801,1,X,100911
801,1,Y,0
802,1,Be,1997
802,1,Bw,100640
802,1,X,100650
802,1,Y,0
803,1,Be,1975
803,1,Bw,100727
803,1,X,100740
803,1,Y,0
804,1,Be,1997
804,1,Bw,100707
804,1,X,100718
804,1,Y,0
805,1,Be,2046
805,1,Bw,100787
805,1,X,100800
805,1,Y,0
806,1,Be,2026
806,1,Bw,100735
806,1,X,100750
806,1,Y,0
807,1,Be,2089
807,1,Bw,100944
807,1,X,100960
807,1,Y,0
808,1,Be,2078
808,1,Bw,100860
808,1,X,100875
808,1,Y,0
809,1,Be,2035
809,1,Bw,100626
809,1,X,100640
809,1,Y,0
810,1,Be,2027
810,1,Bw,100542
810,1,X,100553
810,1,Y,0
811,1,Be,2023
811,1,Bw,100602
811,1,X,100617
811,1,Y,0
812,1,Be,2084
812,1,Bw,100787
812,1,X,100804
812,1,Y,0
813,1,Be,2026
813,1,Bw,100581
813,1,X,100596
813,1,Y,0
814,1,Be,2004
814,1,Bw,100633
814,1,X,100647
814,1,Y,0
815,1,Be,1982
815,1,Bw,100507
815,1,X,100521
815,1,Y,0
816,1,Be,1945
816,1,Bw,100366
816,1,X,100378
816,1,Y,0
817,1,Be,1895
817,1,Bw,100645
817,1,X,100655
817,1,Y,0
818,1,Be,1896
818,1,Bw,100650
818,1,X,100660
818,1,Y,0
819,1,Be,1870
819,1,Bw,100582
819,1,X,100590
819,1,Y,0
820,1,Be,1861
820,1,Bw,100602
820,1,X,100609
820,1,Y,0
821,1,Be,1918
821,1,Bw,100864
821,1,X,100870
821,1,Y,0
822,1,Be,1972
822,1,Bw,100787
822,1,X,100796
822,1,Y,0
823,1,Be,1960
823,1,Bw,101169
823,1,X,101175
823,1,Y,0
824,1,Be,1954
824,1,Bw,101014
824,1,X,101018
824,1,Y,0
825,1,Be,1922
825,1,Bw,101057
825,1,X,101061
825,1,Y,0
826,1,Be,1940
826,1,Bw,100959
826,1,X,100965
826,1,Y,0
827,1,Be,1908
827,1,Bw,100910
827,1,X,100917
827,1,Y,0
828,1,Be,1895
828,1,Bw,100927
828,1,X,100936
828,1,Y,0
829,1,Be,1927
829,1,Bw,101045
829,1,X,101053
829,1,Y,0
830,1,Be,1905
830,1,Bw,100865
830,1,X,100877
830,1,Y,0
831,1,Be,1913
831,1,Bw,100615
831,1,X,100624
831,1,Y,0
832,1,Be,1962
832,1,Bw,100584
832,1,X,100594
832,1,Y,0
833,1,Be,1987
833,1,Bw,100529
833,1,X,100544
833,1,Y,0
834,1,Be,2035
834,1,Bw,100518
834,1,X,100536
834,1,Y,0
835,1,Be,2081
835,1,Bw,100523
835,1,X,100537
835,1,Y,0
836,1,Be,2061
836,1,Bw,100340
836,1,X,100354
836,1,Y,0
837,1,Be,2023
837,1,Bw,100162
837,1,X,100175
837,1,Y,0
838,1,Be,2029
838,1,Bw,100357
838,1,X,100368
838,1,Y,0
839,1,Be,2032
839,1,Bw,100364
839,1,X,100375
839,1,Y,0
840,1,Be,2044
840,1,Bw,100558
840,1,X,100568
840,1,Y,0
841,1,Be,2008
841,1,Bw,100622
841,1,X,100632
841,1,Y,0
842,1,Be,1996
842,1,Bw,100824
842,1,X,100834
842,1,Y,0
843,1,Be,1951
843,1,Bw,100628
843,1,X,100637
843,1,Y,0
844,1,Be,1965
844,1,Bw,100958
844,1,X,100970
844,1,Y,0
845,1,Be,2013
845,1,Bw,100861
845,1,X,100873
845,1,Y,0
846,1,Be,1997
846,1,Bw,100625
846,1,X,100635
846,1,Y,0
847,1,Be,1958
847,1,Bw,100885
847,1,X,100896
847,1,Y,0
848,1,Be,1973
848,1,Bw,100949
848,1,X,100958
848,1,Y,0
849,1,Be,2013
849,1,Bw,100812
849,1,X,100818
849,1,Y,0
850,1,Be,2000
850,1,Bw,100845
850,1,X,100851
850,1,Y,0
851,1,Be,2030
851,1,Bw,101108
851,1,X,101115
851,1,Y,0
852,1,Be,2032
852,1,Bw,101060
852,1,X,101069
852,1,Y,0
853,1,Be,2029
853,1,Bw,101142
853,1,X,101150
853,1,Y,0
854,1,Be,2010
854,1,Bw,101136
854,1,X,101143
854,1,Y,0
855,1,Be,1990
855,1,Bw,100914
855,1,X,100922
855,1,Y,0
856,1,Be,1953
856,1,Bw,100919
856,1,X,100926
856,1,Y,0
857,1,Be,1943
857,1,Bw,100797
857,1,X,100804
857,1,Y,0
858,1,Be,1895
858,1,Bw,100974
858,1,X,100981
858,1,Y,0
859,1,Be,1910
859,1,Bw,100850
859,1,X,100857
859,1,Y,0
860,1,Be,1942
860,1,Bw,100963
860,1,X,100969
860,1,Y,0
861,1,Be,1905
861,1,Bw,100638
861,1,X,100646
861,1,Y,0
862,1,Be,1903
862,1,Bw,100656
862,1,X,100664
862,1,Y,0
863,1,Be,1896
863,1,Bw,100740
863,1,X,100747
863,1,Y,0
864,1,Be,1880
864,1,Bw,100566
864,1,X,100570
864,1,Y,0
865,1,Be,1847
865,1,Bw,100571
865,1,X,100575
865,1,Y,0
866,1,Be,1873
866,1,Bw,100619
866,1,X,100622
866,1,Y,0
867,1,Be,1932
867,1,Bw,100861
867,1,X,100864
867,1,Y,0
868,1,Be,1920
868,1,Bw,100844
868,1,X,100847
868,1,Y,0
869,1,Be,1913
869,1,Bw,100696
869,1,X,100699
869,1,Y,0
870,1,Be,1894
870,1,Bw,100827
870,1,X,100830
870,1,Y,0
871,1,Be,1905
871,1,Bw,101042
871,1,X,101047
871,1,Y,0
872,1,Be,1950
872,1,Bw,101194
872,1,X,101198
872,1,Y,0
873,1,Be,1923
873,1,Bw,101061
873,1,X,101064
873,1,Y,0
874,1,Be,1880
874,1,Bw,100849
874,1,X,100852
874,1,Y,0
875,1,Be,1915
875,1,Bw,100854
875,1,X,100857
875,1,Y,0
876,1,Be,1947
876,1,Bw,100600
876,1,X,100602
876,1,Y,0
877,1,Be,1977
877,1,Bw,100830
877,1,X,100834
877,1,Y,0
878,1,Be,1946
878,1,Bw,100848
878,1,X,100854
878,1,Y,0
879,1,Be,1972
879,1,Bw,100511
879,1,X,100519
879,1,Y,0
880,1,Be,1977
880,1,Bw,100596
880,1,X,100604
880,1,Y,0
881,1,Be,2028
881,1,Bw,100692
881,1,X,100699
881,1,Y,0
882,1,Be,2037
882,1,Bw,100653
882,1,X,100658
882,1,Y,0
883,1,Be,2026
883,1,Bw,100809
883,1,X,100813
883,1,Y,0
884,1,Be,2070
884,1,Bw,100740
884,1,X,100743
884,1,Y,0
885,1,Be,2020
885,1,Bw,100882
885,1,X,100886
885,1,Y,0
886,1,Be,2007
886,1,Bw,100885
886,1,X,100888
886,1,Y,0
887,1,Be,2042
887,1,Bw,100991
887,1,X,100994
887,1,Y,0
888,1,Be,2046
888,1,Bw,100742
888,1,X,100748
888,1,Y,0
889,1,Be,2049
889,1,Bw,100963
889,1,X,100968
889,1,Y,0
890,1,Be,2084
890,1,Bw,100726
890,1,X,100731
890,1,Y,0
891,1,Be,2066
891,1,Bw,100760
891,1,X,100766
891,1,Y,0
892,1,Be,2033
892,1,Bw,100971
892,1,X,100976
892,1,Y,0
893,1,Be,2039
893,1,Bw,100891
893,1,X,100895
893,1,Y,0
894,1,Be,2027
894,1,Bw,100815
894,1,X,100821
894,1,Y,0
895,1,Be,2018
895,1,Bw,100757
895,1,X,100763
895,1,Y,0
896,1,Be,2005
896,1,Bw,101125
896,1,X,101131
896,1,Y,0
897,1,Be,2001
897,1,Bw,101229
897,1,X,101234
897,1,Y,0
898,1,Be,1950
898,1,Bw,100950
898,1,X,100953
898,1,Y,0
899,1,Be,1996
899,1,Bw,100914
899,1,X,100917
899,1,Y,0
900,1,Be,1999
900,1,Bw,101017
900,1,X,101020
900,1,Y,0
901,1,Be,1906
901,1,Bw,100737
901,1,X,100740
901,1,Y,0
902,1,Be,1890
902,1,Bw,100713
902,1,X,100717
902,1,Y,0
903,1,Be,1924
903,1,Bw,101054
903,1,X,101060
903,1,Y,0
904,1,Be,1931
904,1,Bw,101072
904,1,X,101080
904,1,Y,0
905,1,Be,1919
905,1,Bw,101049
905,1,X,101056
905,1,Y,0
906,1,Be,1982
906,1,Bw,101043
906,1,X,101049
906,1,Y,0
907,1,Be,2021
907,1,Bw,101067
907,1,X,101073
907,1,Y,0
908,1,Be,2017
908,1,Bw,100802
908,1,X,100808
908,1,Y,0
909,1,Be,2026
909,1,Bw,100872
909,1,X,100878
909,1,Y,0
910,1,Be,2104
910,1,Bw,101189
910,1,X,101196
910,1,Y,0
911,1,Be,2167
911,1,Bw,101241
911,1,X,101251
911,1,Y,0
912,1,Be,2207
912,1,Bw,101037
912,1,X,101049
912,1,Y,0
913,1,Be,2140
913,1,Bw,100736
913,1,X,100745
913,1,Y,0
914,1,Be,2143
914,1,Bw,100783
914,1,X,100792
914,1,Y,0
915,1,Be,2108
915,1,Bw,100722
915,1,X,100730
915,1,Y,0
916,1,Be,2123
916,1,Bw,100644
916,1,X,100651
916,1,Y,0
917,1,Be,2104
917,1,Bw,100601
917,1,X,100610
917,1,Y,0
918,1,Be,2089
918,1,Bw,100527
918,1,X,100537
918,1,Y,0
919,1,Be,2092
919,1,Bw,100549
919,1,X,100559
919,1,Y,0
920,1,Be,2079
920,1,Bw,100726
920,1,X,100736
920,1,Y,0
921,1,Be,2037
921,1,Bw,100722
921,1,X,100733
921,1,Y,0
922,1,Be,2035
922,1,Bw,100915
922,1,X,100926
922,1,Y,0
923,1,Be,1982
923,1,Bw,100829
923,1,X,100836
923,1,Y,0
924,1,Be,1955
924,1,Bw,100821
924,1,X,100829
924,1,Y,0
925,1,Be,1941
925,1,Bw,100883
925,1,X,100894
925,1,Y,0
926,1,Be,1942
926,1,Bw,100783
926,1,X,100792
926,1,Y,0
927,1,Be,1951
927,1,Bw,100703
927,1,X,100709
927,1,Y,0
928,1,Be,1943
928,1,Bw,100687
928,1,X,100693
928,1,Y,0
929,1,Be,1978
929,1,Bw,100742
929,1,X,100751
929,1,Y,0
930,1,Be,1985
930,1,Bw,100859
930,1,X,100868
930,1,Y,0
931,1,Be,2003
931,1,Bw,100893
931,1,X,100904
931,1,Y,0
932,1,Be,2010
932,1,Bw,100952
932,1,X,100962
932,1,Y,0
933,1,Be,2034
933,1,Bw,100730
933,1,X,100739
933,1,Y,0
934,1,Be,2057
934,1,Bw,100747
934,1,X,100757
934,1,Y,0
935,1,Be,1996
935,1,Bw,100970
935,1,X,100980
935,1,Y,0
936,1,Be,2013
936,1,Bw,100828
936,1,X,100836
936,1,Y,0
937,1,Be,2040
937,1,Bw,100798
937,1,X,100810
937,1,Y,0
938,1,Be,2097
938,1,Bw,100734
938,1,X,100746
938,1,Y,0
939,1,Be,2089
939,1,Bw,100706
939,1,X,100719
939,1,Y,0
940,1,Be,2121
940,1,Bw,100828
940,1,X,100839
940,1,Y,0
941,1,Be,2102
941,1,Bw,101019
941,1,X,101027
941,1,Y,0
942,1,Be,2092
942,1,Bw,100917
942,1,X,100925
942,1,Y,0
943,1,Be,2078
943,1,Bw,100976
943,1,X,100990
943,1,Y,0
944,1,Be,2096
944,1,Bw,101101
944,1,X,101113
944,1,Y,0
945,1,Be,2085
945,1,Bw,100761
945,1,X,100775
945,1,Y,0
946,1,Be,2062
946,1,Bw,100722
946,1,X,100734
946,1,Y,0
947,1,Be,2068
947,1,Bw,100960
947,1,X,100967
947,1,Y,0
948,1,Be,2029
948,1,Bw,101159
948,1,X,101167
948,1,Y,0
949,1,Be,1993
949,1,Bw,101020
949,1,X,101028
949,1,Y,0
950,1,Be,2024
950,1,Bw,100910
950,1,X,100923
950,1,Y,0
951,1,Be,2054
951,1,Bw,101010
951,1,X,101022
951,1,Y,0
952,1,Be,2030
952,1,Bw,100862
952,1,X,100873
952,1,Y,0
953,1,Be,1982
953,1,Bw,100910
953,1,X,100921
953,1,Y,0
954,1,Be,1947
954,1,Bw,100902
954,1,X,100913
954,1,Y,0
955,1,Be,1958
955,1,Bw,100887
955,1,X,100897
955,1,Y,0
956,1,Be,1895
956,1,Bw,100894
956,1,X,100903
956,1,Y,0
957,1,Be,1880
957,1,Bw,100850
957,1,X,100859
957,1,Y,0
958,1,Be,1906
958,1,Bw,100900
958,1,X,100911
958,1,Y,0
959,1,Be,1938
959,1,Bw,100920
959,1,X,100929
959,1,Y,0
960,1,Be,1982
960,1,Bw,101225
960,1,X,101233
960,1,Y,0
961,1,Be,1966
961,1,Bw,101293
961,1,X,101300
961,1,Y,0
962,1,Be,1988
962,1,Bw,100940
962,1,X,100947
962,1,Y,0
963,1,Be,1980
963,1,Bw,100897
963,1,X,100904
963,1,Y,0
964,1,Be,2010
964,1,Bw,101001
964,1,X,101007
964,1,Y,0
965,1,Be,2039
965,1,Bw,100864
965,1,X,100868
965,1,Y,0
966,1,Be,2046
966,1,Bw,101084
966,1,X,101091
966,1,Y,0
967,1,Be,2097
967,1,Bw,100855
967,1,X,100864
967,1,Y,0
968,1,Be,2122
968,1,Bw,100871
968,1,X,100884
968,1,Y,0
969,1,Be,2145
969,1,Bw,100871
969,1,X,100885
969,1,Y,0
970,1,Be,2074
970,1,Bw,100859
970,1,X,100872
970,1,Y,0
971,1,Be,2130
971,1,Bw,100974
971,1,X,100989
971,1,Y,0
972,1,Be,2135
972,1,Bw,100952
972,1,X,100970
972,1,Y,0
973,1,Be,2070
973,1,Bw,100868
973,1,X,100889
973,1,Y,0
974,1,Be,2037
974,1,Bw,100736
974,1,X,100755
974,1,Y,0
975,1,Be,2051
975,1,Bw,100840
975,1,X,100858
975,1,Y,0
976,1,Be,2071
976,1,Bw,101005
976,1,X,101025
976,1,Y,0
977,1,Be,2099
977,1,Bw,101194
977,1,X,101212
977,1,Y,0
978,1,Be,2027
978,1,Bw,101015
978,1,X,101030
978,1,Y,0
979,1,Be,2068
979,1,Bw,100815
979,1,X,100829
979,1,Y,0
980,1,Be,2032
980,1,Bw,100737
980,1,X,100751
980,1,Y,0
981,1,Be,2041
981,1,Bw,100676
981,1,X,100690
981,1,Y,0
982,1,Be,2013
982,1,Bw,100590
982,1,X,100605
982,1,Y,0
983,1,Be,2003
983,1,Bw,100540
983,1,X,100554
983,1,Y,0
984,1,Be,2010
984,1,Bw,100333
984,1,X,100346
984,1,Y,0
985,1,Be,1976
985,1,Bw,100335
985,1,X,100348
985,1,Y,0
986,1,Be,2032
986,1,Bw,100332
986,1,X,100347
986,1,Y,0
987,1,Be,2055
987,1,Bw,100227
987,1,X,100244
987,1,Y,0
988,1,Be,2035
988,1,Bw,100241
988,1,X,100257
988,1,Y,0
989,1,Be,2039
989,1,Bw,100573
989,1,X,100589
989,1,Y,0
990,1,Be,2039
990,1,Bw,100682
990,1,X,100694
990,1,Y,0
991,1,Be,2015
991,1,Bw,100691
991,1,X,100705
991,1,Y,0
992,1,Be,1970
992,1,Bw,100611
992,1,X,100624
992,1,Y,0
993,1,Be,2018
993,1,Bw,100575
993,1,X,100589
993,1,Y,0
994,1,Be,1982
994,1,Bw,100623
994,1,X,100641
994,1,Y,0
995,1,Be,1969
995,1,Bw,100648
995,1,X,100663
995,1,Y,0
996,1,Be,1926
996,1,Bw,100621
996,1,X,100635
996,1,Y,0
997,1,Be,1938
997,1,Bw,100891
997,1,X,100903
997,1,Y,0
998,1,Be,1924
998,1,Bw,100911
998,1,X,100920
998,1,Y,0
999,1,Be,1930
999,1,Bw,100795
999,1,X,100803
999,1,Y,0
1000,1,Be,1958
1000,1,Bw,101045
1000,1,X,101056
1000,1,Y,0
1001,1,Be,1952
1001,1,Bw,101072
1001,1,X,101081
1001,1,Y,0
1002,1,Be,1915
1002,1,Bw,100905
1002,1,X,100914
1002,1,Y,0
1003,1,Be,1943
1003,1,Bw,101106
1003,1,X,101117
1003,1,Y,0
1004,1,Be,1953
1004,1,Bw,101231
1004,1,X,101241
1004,1,Y,0
1005,1,Be,1941
1005,1,Bw,101120
1005,1,X,101129
1005,1,Y,0
1006,1,Be,1979
1006,1,Bw,101119
1006,1,X,101126
1006,1,Y,0
1007,1,Be,1984
1007,1,Bw,100964
1007,1,X,100971
1007,1,Y,0
1008,1,Be,2010
1008,1,Bw,100834
1008,1,X,100843
1008,1,Y,0
1009,1,Be,2067
1009,1,Bw,100961
1009,1,X,100969
1009,1,Y,0
1010,1,Be,2067
1010,1,Bw,100985
1010,1,X,100992
1010,1,Y,0
1011,1,Be,2071
1011,1,Bw,101096
1011,1,X,101103
1011,1,Y,0
1012,1,Be,2096
1012,1,Bw,101327
1012,1,X,101334
1012,1,Y,0
1013,1,Be,2064
1013,1,Bw,101292
1013,1,X,101299
1013,1,Y,0
1014,1,Be,2074
1014,1,Bw,101375
1014,1,X,101384
1014,1,Y,0
1015,1,Be,2085
1015,1,Bw,101464
1015,1,X,101470
1015,1,Y,0
1016,1,Be,2125
1016,1,Bw,101507
1016,1,X,101512
1016,1,Y,0
1017,1,Be,2108
1017,1,Bw,101475
1017,1,X,101480
1017,1,Y,0
1018,1,Be,2149
1018,1,Bw,101673
1018,1,X,101678
1018,1,Y,0
1019,1,Be,2168
1019,1,Bw,101435
1019,1,X,101440
1019,1,Y,0
1020,1,Be,2208
1020,1,Bw,101394
1020,1,X,101399
1020,1,Y,0
1021,1,Be,2137
1021,1,Bw,101584
1021,1,X,101588
1021,1,Y,0
1022,1,Be,2087
1022,1,Bw,101443
1022,1,X,101446
1022,1,Y,0
1023,1,Be,2069
1023,1,Bw,101208
1023,1,X,101211
1023,1,Y,0
1024,1,Be,1997
1024,1,Bw,101112
1024,1,X,101115
1024,1,Y,0
1025,1,Be,2053
1025,1,Bw,101077
1025,1,X,101081
1025,1,Y,0
1026,1,Be,2045
1026,1,Bw,100999
1026,1,X,101006
1026,1,Y,0
1027,1,Be,2084
1027,1,Bw,101017
1027,1,X,101025
1027,1,Y,0
1028,1,Be,2068
1028,1,Bw,101179
1028,1,X,101191
1028,1,Y,0
1029,1,Be,2037
1029,1,Bw,101032
1029,1,X,101043
1029,1,Y,0
1030,1,Be,2041
1030,1,Bw,100877
1030,1,X,100887
1030,1,Y,0
1031,1,Be,2023
1031,1,Bw,100950
1031,1,X,100959
1031,1,Y,0
1032,1,Be,2015
1032,1,Bw,101071
1032,1,X,101080
1032,1,Y,0
1033,1,Be,2007
1033,1,Bw,100844
1033,1,X,100851
1033,1,Y,0
1034,1,Be,1983
1034,1,Bw,100713
1034,1,X,100724
1034,1,Y,0
1035,1,Be,2002
1035,1,Bw,100618
1035,1,X,100626
1035,1,Y,0
1036,1,Be,1974
1036,1,Bw,100588
1036,1,X,100594
1036,1,Y,0
1037,1,Be,1995
1037,1,Bw,100311
1037,1,X,100318
1037,1,Y,0
1038,1,Be,2058
1038,1,Bw,100418
1038,1,X,100429
1038,1,Y,0
1039,1,Be,2057
1039,1,Bw,100427
1039,1,X,100440
1039,1,Y,0
1040,1,Be,2100
1040,1,Bw,100437
1040,1,X,100450
1040,1,Y,0
1041,1,Be,2146
1041,1,Bw,100599
1041,1,X,100611
1041,1,Y,0
1042,1,Be,2089
1042,1,Bw,100844
1042,1,X,100856
1042,1,Y,0
1043,1,Be,2104
1043,1,Bw,100893
1043,1,X,100906
1043,1,Y,0
1044,1,Be,2102
1044,1,Bw,101178
1044,1,X,101190
1044,1,Y,0
1045,1,Be,2053
1045,1,Bw,101113
1045,1,X,101125
1045,1,Y,0
1046,1,Be,2032
1046,1,Bw,101087
1046,1,X,101099
1046,1,Y,0
1047,1,Be,1997
1047,1,Bw,100884
1047,1,X,100895
1047,1,Y,0
1048,1,Be,2004
1048,1,Bw,100733
1048,1,X,100743
1048,1,Y,0
1049,1,Be,1950
1049,1,Bw,100840
1049,1,X,100848
1049,1,Y,0
1050,1,Be,1989
1050,1,Bw,100756
1050,1,X,100766
1050,1,Y,0
1051,1,Be,2037
1051,1,Bw,100975
1051,1,X,100987
1051,1,Y,0
1052,1,Be,2036
1052,1,Bw,101013
1052,1,X,101024
1052,1,Y,0
1053,1,Be,2019
1053,1,Bw,101110
1053,1,X,101120
1053,1,Y,0
1054,1,Be,2063
1054,1,Bw,101200
1054,1,X,101209
1054,1,Y,0
1055,1,Be,2098
1055,1,Bw,101035
1055,1,X,101043
1055,1,Y,0
1056,1,Be,2117
1056,1,Bw,101106
1056,1,X,101114
1056,1,Y,0
1057,1,Be,2122
1057,1,Bw,101143
1057,1,X,101151
1057,1,Y,0
1058,1,Be,2073
1058,1,Bw,101215
1058,1,X,101221
1058,1,Y,0
1059,1,Be,2052
1059,1,Bw,101009
1059,1,X,101020
1059,1,Y,0
1060,1,Be,2063
1060,1,Bw,100863
1060,1,X,100876
1060,1,Y,0
1061,1,Be,2038
1061,1,Bw,100874
1061,1,X,100886
1061,1,Y,0
1062,1,Be,2059
1062,1,Bw,100961
1062,1,X,100971
1062,1,Y,0
1063,1,Be,2058
1063,1,Bw,101086
1063,1,X,101095
1063,1,Y,0
1064,1,Be,2110
1064,1,Bw,100918
1064,1,X,100933
1064,1,Y,0
1065,1,Be,2089
1065,1,Bw,101003
1065,1,X,101019
1065,1,Y,0
1066,1,Be,2043
1066,1,Bw,100740
1066,1,X,100754
1066,1,Y,0
1067,1,Be,2106
1067,1,Bw,100751
1067,1,X,100765
1067,1,Y,0
1068,1,Be,2137
1068,1,Bw,100868
1068,1,X,100882
1068,1,Y,0
1069,1,Be,2177
1069,1,Bw,100974
1069,1,X,100990
1069,1,Y,0
1070,1,Be,2129
1070,1,Bw,100732
1070,1,X,100748
1070,1,Y,0
1071,1,Be,2206
1071,1,Bw,100785
1071,1,X,100802
1071,1,Y,0
1072,1,Be,2153
1072,1,Bw,100588
1072,1,X,100602
1072,1,Y,0
1073,1,Be,2161
1073,1,Bw,100351
1073,1,X,100365
1073,1,Y,0
1074,1,Be,2082
1074,1,Bw,100182
1074,1,X,100199
1074,1,Y,0
1075,1,Be,2071
1075,1,Bw,100499
1075,1,X,100515
1075,1,Y,0
1076,1,Be,2043
1076,1,Bw,100748
1076,1,X,100766
1076,1,Y,0
1077,1,Be,2019
1077,1,Bw,100610
1077,1,X,100625
1077,1,Y,0
1078,1,Be,1969
1078,1,Bw,100562
1078,1,X,100573
1078,1,Y,0
1079,1,Be,1988
1079,1,Bw,100632
1079,1,X,100643
1079,1,Y,0
1080,1,Be,1963
1080,1,Bw,100723
1080,1,X,100732
1080,1,Y,0
1081,1,Be,1963
1081,1,Bw,100794
1081,1,X,100807
1081,1,Y,0
1082,1,Be,1928
1082,1,Bw,100701
1082,1,X,100715
1082,1,Y,0
1083,1,Be,2003
1083,1,Bw,100722
1083,1,X,100734
1083,1,Y,0
1084,1,Be,2023
1084,1,Bw,100604
1084,1,X,100615
1084,1,Y,0
1085,1,Be,2064
1085,1,Bw,100899
1085,1,X,100906
1085,1,Y,0
1086,1,Be,2079
1086,1,Bw,100827
1086,1,X,100834
1086,1,Y,0
1087,1,Be,2106
1087,1,Bw,100856
1087,1,X,100866
1087,1,Y,0
1088,1,Be,2071
1088,1,Bw,100990
1088,1,X,101001
1088,1,Y,0
1089,1,Be,2006
1089,1,Bw,100942
1089,1,X,100951
1089,1,Y,0
1090,1,Be,2035
1090,1,Bw,100986
1090,1,X,100996
1090,1,Y,0
1091,1,Be,2026
1091,1,Bw,101123
1091,1,X,101134
1091,1,Y,0
1092,1,Be,2086
1092,1,Bw,100874
1092,1,X,100886
1092,1,Y,0
1093,1,Be,2127
1093,1,Bw,101045
1093,1,X,101055
1093,1,Y,0
1094,1,Be,2111
1094,1,Bw,101015
1094,1,X,101027
1094,1,Y,0
1095,1,Be,2110
1095,1,Bw,100930
1095,1,X,100941
1095,1,Y,0
1096,1,Be,2166
1096,1,Bw,100694
1096,1,X,100704
1096,1,Y,0
1097,1,Be,2116
1097,1,Bw,100440
1097,1,X,100452
1097,1,Y,0
1098,1,Be,2069
1098,1,Bw,100625
1098,1,X,100637
1098,1,Y,0
1099,1,Be,2075
1099,1,Bw,100768
1099,1,X,100779
1099,1,Y,0
1100,1,Be,2044
1100,1,Bw,100837
1100,1,X,100843
1100,1,Y,0
1101,1,Be,1993
1101,1,Bw,100939
1101,1,X,100949
1101,1,Y,0
1102,1,Be,1985
1102,1,Bw,100911
1102,1,X,100920
1102,1,Y,0
1103,1,Be,2033
1103,1,Bw,100840
1103,1,X,100848
1103,1,Y,0
1104,1,Be,2065
1104,1,Bw,101024
1104,1,X,101032
1104,1,Y,0
1105,1,Be,2106
1105,1,Bw,100956
1105,1,X,100964
1105,1,Y,0
1106,1,Be,2074
1106,1,Bw,100909
1106,1,X,100916
1106,1,Y,0
1107,1,Be,2041
1107,1,Bw,100911
1107,1,X,100918
1107,1,Y,0
1108,1,Be,2061
1108,1,Bw,101021
1108,1,X,101027
1108,1,Y,0
1109,1,Be,2058
1109,1,Bw,100764
1109,1,X,100770
1109,1,Y,0
1110,1,Be,2033
1110,1,Bw,100936
1110,1,X,100941
1110,1,Y,0
1111,1,Be,2037
1111,1,Bw,101032
1111,1,X,101037
1111,1,Y,0
1112,1,Be,2114
1112,1,Bw,100738
1112,1,X,100743
1112,1,Y,0
1113,1,Be,2060
1113,1,Bw,100688
1113,1,X,100692
1113,1,Y,0
1114,1,Be,2040
1114,1,Bw,100682
1114,1,X,100686
1114,1,Y,0
1115,1,Be,2046
1115,1,Bw,100630
1115,1,X,100634
1115,1,Y,0
1116,1,Be,2080
1116,1,Bw,100581
1116,1,X,100585
1116,1,Y,0
1117,1,Be,2061
1117,1,Bw,100699
1117,1,X,100703
1117,1,Y,0
1118,1,Be,2098
1118,1,Bw,100770
1118,1,X,100774
1118,1,Y,0
1119,1,Be,2126
1119,1,Bw,100660
1119,1,X,100663
1119,1,Y,0
1120,1,Be,2083
1120,1,Bw,100842
1120,1,X,100846
1120,1,Y,0
1121,1,Be,2117
1121,1,Bw,100730
1121,1,X,100736
1121,1,Y,0
1122,1,Be,2104
1122,1,Bw,100749
1122,1,X,100755
1122,1,Y,0
1123,1,Be,2084
1123,1,Bw,100765
1123,1,X,100770
1123,1,Y,0
1124,1,Be,2089
1124,1,Bw,100727
1124,1,X,100732
1124,1,Y,0
1125,1,Be,2097
1125,1,Bw,100878
1125,1,X,100882
1125,1,Y,0
1126,1,Be,2081
1126,1,Bw,100852
1126,1,X,100859
1126,1,Y,0
1127,1,Be,2093
1127,1,Bw,100764
1127,1,X,100771
1127,1,Y,0
1128,1,Be,2061
1128,1,Bw,100951
1128,1,X,100960
1128,1,Y,0
1129,1,Be,2072
1129,1,Bw,100982
1129,1,X,100992
1129,1,Y,0
1130,1,Be,2023
1130,1,Bw,101240
1130,1,X,101250
1130,1,Y,0
1131,1,Be,2015
1131,1,Bw,101031
1131,1,X,101043
1131,1,Y,0
1132,1,Be,2009
1132,1,Bw,101060
1132,1,X,101071
1132,1,Y,0
1133,1,Be,2013
1133,1,Bw,101396
1133,1,X,101407
1133,1,Y,0
1134,1,Be,2021
1134,1,Bw,101339
1134,1,X,101351
1134,1,Y,0
1135,1,Be,1994
1135,1,Bw,101250
1135,1,X,101261
1135,1,Y,0
1136,1,Be,2074
1136,1,Bw,100951
1136,1,X,100964
1136,1,Y,0
1137,1,Be,2074
1137,1,Bw,101045
1137,1,X,101059
1137,1,Y,0
1138,1,Be,2095
1138,1,Bw,101020
1138,1,X,101033
1138,1,Y,0
1139,1,Be,2110
1139,1,Bw,101160
1139,1,X,101172
1139,1,Y,0
1140,1,Be,2098
1140,1,Bw,101223
1140,1,X,101237
1140,1,Y,0
1141,1,Be,2141
1141,1,Bw,101177
1141,1,X,101197
1141,1,Y,0
1142,1,Be,2159
1142,1,Bw,101444
1142,1,X,101463
1142,1,Y,0
1143,1,Be,2180
1143,1,Bw,101486
1143,1,X,101501
1143,1,Y,0
1144,1,Be,2208
1144,1,Bw,101185
1144,1,X,101198
1144,1,Y,0
1145,1,Be,2179
1145,1,Bw,101109
1145,1,X,101120
1145,1,Y,0
1146,1,Be,2124
1146,1,Bw,101145
1146,1,X,101155
1146,1,Y,0
1147,1,Be,2119
1147,1,Bw,101005
1147,1,X,101014
1147,1,Y,0
1148,1,Be,2132
1148,1,Bw,101126
1148,1,X,101136
1148,1,Y,0
1149,1,Be,2162
1149,1,Bw,100740
1149,1,X,100750
1149,1,Y,0
1150,1,Be,2125
1150,1,Bw,100796
1150,1,X,100806
1150,1,Y,0
1151,1,Be,2076
1151,1,Bw,100931
1151,1,X,100939
1151,1,Y,0
1152,1,Be,1974
1152,1,Bw,100934
1152,1,X,100941
1152,1,Y,0
1153,1,Be,1972
1153,1,Bw,101163
1153,1,X,101170
1153,1,Y,0
1154,1,Be,1993
1154,1,Bw,101301
1154,1,X,101310
1154,1,Y,0
1155,1,Be,2009
1155,1,Bw,101090
1155,1,X,101099
1155,1,Y,0
1156,1,Be,2016
1156,1,Bw,101226
1156,1,X,101235
1156,1,Y,0
1157,1,Be,2040
1157,1,Bw,100992
1157,1,X,101001
1157,1,Y,0
1158,1,Be,2084
1158,1,Bw,101135
1158,1,X,101147
1158,1,Y,0
1159,1,Be,2039
1159,1,Bw,101157
1159,1,X,101166
1159,1,Y,0
1160,1,Be,2051
1160,1,Bw,101005
1160,1,X,101015
1160,1,Y,0
1161,1,Be,2026
1161,1,Bw,101060
1161,1,X,101070
1161,1,Y,0
1162,1,Be,2045
1162,1,Bw,100985
1162,1,X,100995
1162,1,Y,0
1163,1,Be,2056
1163,1,Bw,101109
1163,1,X,101121
1163,1,Y,0
1164,1,Be,2047
1164,1,Bw,101177
1164,1,X,101189
1164,1,Y,0
1165,1,Be,2066
1165,1,Bw,101198
1165,1,X,101210
1165,1,Y,0
1166,1,Be,2126
1166,1,Bw,101172
1166,1,X,101188
1166,1,Y,0
1167,1,Be,2104
1167,1,Bw,101005
1167,1,X,101023
1167,1,Y,0
1168,1,Be,2109
1168,1,Bw,100850
1168,1,X,100868
1168,1,Y,0
1169,1,Be,2107
1169,1,Bw,100988
1169,1,X,101006
1169,1,Y,0
1170,1,Be,2128
1170,1,Bw,100804
1170,1,X,100823
1170,1,Y,0
1171,1,Be,2120
1171,1,Bw,100893
1171,1,X,100909
1171,1,Y,0
1172,1,Be,2138
1172,1,Bw,101121
1172,1,X,101137
1172,1,Y,0
1173,1,Be,2130
1173,1,Bw,101115
1173,1,X,101130
1173,1,Y,0
1174,1,Be,2112
1174,1,Bw,101158
1174,1,X,101173
1174,1,Y,0
1175,1,Be,2098
1175,1,Bw,101010
1175,1,X,101022
1175,1,Y,0
1176,1,Be,2133
1176,1,Bw,101059
1176,1,X,101069
1176,1,Y,0
1177,1,Be,2133
1177,1,Bw,101098
1177,1,X,101106
1177,1,Y,0
1178,1,Be,2072
1178,1,Bw,101160
1178,1,X,101169
1178,1,Y,0
1179,1,Be,2052
1179,1,Bw,101178
1179,1,X,101188
1179,1,Y,0
1180,1,Be,2017
1180,1,Bw,101030
1180,1,X,101040
1180,1,Y,0
1181,1,Be,2019
1181,1,Bw,101131
1181,1,X,101141
1181,1,Y,0
1182,1,Be,2064
1182,1,Bw,100903
1182,1,X,100916
1182,1,Y,0
1183,1,Be,2036
1183,1,Bw,101009
1183,1,X,101020
1183,1,Y,0
1184,1,Be,2020
1184,1,Bw,101040
1184,1,X,101050
1184,1,Y,0
1185,1,Be,2016
1185,1,Bw,100869
1185,1,X,100877
1185,1,Y,0
1186,1,Be,2021
1186,1,Bw,100610
1186,1,X,100616
1186,1,Y,0
1187,1,Be,2036
1187,1,Bw,100785
1187,1,X,100795
1187,1,Y,0
1188,1,Be,1989
1188,1,Bw,100809
1188,1,X,100817
1188,1,Y,0
1189,1,Be,1997
1189,1,Bw,100858
1189,1,X,100867
1189,1,Y,0
1190,1,Be,1989
1190,1,Bw,100942
1190,1,X,100949
1190,1,Y,0
1191,1,Be,2035
1191,1,Bw,100905
1191,1,X,100913
1191,1,Y,0
1192,1,Be,2036
1192,1,Bw,100924
1192,1,X,100931
1192,1,Y,0
1193,1,Be,2047
1193,1,Bw,100983
1193,1,X,100987
1193,1,Y,0
1194,1,Be,2071
1194,1,Bw,101214
1194,1,X,101220
1194,1,Y,0
1195,1,Be,2068
1195,1,Bw,101113
1195,1,X,101118
1195,1,Y,0
1196,1,Be,2036
1196,1,Bw,101055
1196,1,X,101060
1196,1,Y,0
1197,1,Be,2104
1197,1,Bw,100877
1197,1,X,100883
1197,1,Y,0
1198,1,Be,2119
1198,1,Bw,100816
1198,1,X,100824
1198,1,Y,0
1199,1,Be,2110
1199,1,Bw,100929
1199,1,X,100935
1199,1,Y,0
1200,1,Be,2130
1200,1,Bw,101180
1200,1,X,101185
1200,1,Y,0
1201,1,Be,2159
1201,1,Bw,100875
1201,1,X,100881
1201,1,Y,0
1202,1,Be,2144
1202,1,Bw,100775
1202,1,X,100782
1202,1,Y,0
1203,1,Be,2154
1203,1,Bw,101026
1203,1,X,101032
1203,1,Y,0
1204,1,Be,2117
1204,1,Bw,100980
1204,1,X,100984
1204,1,Y,0
1205,1,Be,2083
1205,1,Bw,100905
1205,1,X,100909
1205,1,Y,0
1206,1,Be,2069
1206,1,Bw,100886
1206,1,X,100891
1206,1,Y,0
1207,1,Be,2041
1207,1,Bw,101127
1207,1,X,101134
1207,1,Y,0
1208,1,Be,2088
1208,1,Bw,101157
1208,1,X,101163
1208,1,Y,0
1209,1,Be,2049
1209,1,Bw,101025
1209,1,X,101031
1209,1,Y,0
1210,1,Be,2066
1210,1,Bw,100982
1210,1,X,100990
1210,1,Y,0
1211,1,Be,2017
1211,1,Bw,101049
1211,1,X,101057
1211,1,Y,0
1212,1,Be,2010
1212,1,Bw,100881
1212,1,X,100889
1212,1,Y,0
1213,1,Be,2029
1213,1,Bw,100860
1213,1,X,100873
1213,1,Y,0
1214,1,Be,2026
1214,1,Bw,101075
1214,1,X,101089
1214,1,Y,0
1215,1,Be,2009
1215,1,Bw,101212
1215,1,X,101222
1215,1,Y,0
1216,1,Be,1946
1216,1,Bw,100984
1216,1,X,100992
1216,1,Y,0
1217,1,Be,1978
1217,1,Bw,101026
1217,1,X,101033
1217,1,Y,0
1218,1,Be,2032
1218,1,Bw,101233
1218,1,X,101241
1218,1,Y,0
1219,1,Be,2032
1219,1,Bw,101093
1219,1,X,101101
1219,1,Y,0
1220,1,Be,2054
1220,1,Bw,101146
1220,1,X,101160
1220,1,Y,0
1221,1,Be,2081
1221,1,Bw,101337
1221,1,X,101351
1221,1,Y,0
1222,1,Be,2043
1222,1,Bw,101276
1222,1,X,101289
1222,1,Y,0
1223,1,Be,2072
1223,1,Bw,101481
1223,1,X,101493
1223,1,Y,0
1224,1,Be,2057
1224,1,Bw,101381
1224,1,X,101394
1224,1,Y,0
1225,1,Be,2035
1225,1,Bw,101363
1225,1,X,101373
1225,1,Y,0
1226,1,Be,2076
1226,1,Bw,101390
1226,1,X,101398
1226,1,Y,0
1227,1,Be,2095
1227,1,Bw,101474
1227,1,X,101481
1227,1,Y,0
1228,1,Be,2080
1228,1,Bw,101706
1228,1,X,101713
1228,1,Y,0
1229,1,Be,2077
1229,1,Bw,101821
1229,1,X,101827
1229,1,Y,0
1230,1,Be,2053
1230,1,Bw,101783
1230,1,X,101786
1230,1,Y,0
1231,1,Be,2095
1231,1,Bw,101638
1231,1,X,101643
1231,1,Y,0
1232,1,Be,2146
1232,1,Bw,101486
1232,1,X,101491
1232,1,Y,0
1233,1,Be,2194
1233,1,Bw,101534
1233,1,X,101545
1233,1,Y,0
1234,1,Be,2160
1234,1,Bw,101746
1234,1,X,101757
1234,1,Y,0
1235,1,Be,2146
1235,1,Bw,101753
1235,1,X,101765
1235,1,Y,0
1236,1,Be,2183
1236,1,Bw,101649
1236,1,X,101664
1236,1,Y,0
1237,1,Be,2172
1237,1,Bw,101513
1237,1,X,101529
1237,1,Y,0
1238,1,Be,2139
1238,1,Bw,101580
1238,1,X,101599
1238,1,Y,0
1239,1,Be,2164
1239,1,Bw,101238
1239,1,X,101258
1239,1,Y,0
1240,1,Be,2145
1240,1,Bw,101355
1240,1,X,101372
1240,1,Y,0
1241,1,Be,2092
1241,1,Bw,101343
1241,1,X,101357
1241,1,Y,0
1242,1,Be,2078
1242,1,Bw,101251
1242,1,X,101265
1242,1,Y,0
1243,1,Be,2043
1243,1,Bw,101231
1243,1,X,101244
1243,1,Y,0
1244,1,Be,2019
1244,1,Bw,100900
1244,1,X,100913
1244,1,Y,0
1245,1,Be,2008
1245,1,Bw,100912
1245,1,X,100927
1245,1,Y,0
1246,1,Be,2020
1246,1,Bw,100826
1246,1,X,100842
1246,1,Y,0
1247,1,Be,2003
1247,1,Bw,100943
1247,1,X,100959
1247,1,Y,0
1248,1,Be,2072
1248,1,Bw,100869
1248,1,X,100887
1248,1,Y,0
1249,1,Be,2085
1249,1,Bw,100903
1249,1,X,100923
1249,1,Y,0
1250,1,Be,2068
1250,1,Bw,100891
1250,1,X,100908
1250,1,Y,0
1251,1,Be,2085
1251,1,Bw,100973
1251,1,X,100985
1251,1,Y,0
1252,1,Be,2115
1252,1,Bw,101253
1252,1,X,101265
1252,1,Y,0
1253,1,Be,2158
1253,1,Bw,101349
1253,1,X,101361
1253,1,Y,0
1254,1,Be,2143
1254,1,Bw,101399
1254,1,X,101411
1254,1,Y,0
1255,1,Be,2154
1255,1,Bw,101506
1255,1,X,101519
1255,1,Y,0
1256,1,Be,2170
1256,1,Bw,101406
1256,1,X,101420
1256,1,Y,0
1257,1,Be,2130
1257,1,Bw,100993
1257,1,X,101006
1257,1,Y,0
1258,1,Be,2128
1258,1,Bw,100986
1258,1,X,100997
1258,1,Y,0
1259,1,Be,2085
1259,1,Bw,100660
1259,1,X,100671
1259,1,Y,0
1260,1,Be,2103
1260,1,Bw,100886
1260,1,X,100896
1260,1,Y,0
1261,1,Be,2119
1261,1,Bw,100892
1261,1,X,100905
1261,1,Y,0
1262,1,Be,2186
1262,1,Bw,101206
1262,1,X,101220
1262,1,Y,0
1263,1,Be,2176
1263,1,Bw,101091
1263,1,X,101106
1263,1,Y,0
1264,1,Be,2139
1264,1,Bw,100915
1264,1,X,100931
1264,1,Y,0
1265,1,Be,2156
1265,1,Bw,100826
1265,1,X,100839
1265,1,Y,0
1266,1,Be,2177
1266,1,Bw,100556
1266,1,X,100570
1266,1,Y,0
1267,1,Be,2178
1267,1,Bw,100763
1267,1,X,100779
1267,1,Y,0
1268,1,Be,2175
1268,1,Bw,100691
1268,1,X,100707
1268,1,Y,0
1269,1,Be,2144
1269,1,Bw,100606
1269,1,X,100624
1269,1,Y,0
1270,1,Be,2102
1270,1,Bw,100762
1270,1,X,100788
1270,1,Y,0
1271,1,Be,2117
1271,1,Bw,100654
1271,1,X,100676
1271,1,Y,0
1272,1,Be,2100
1272,1,Bw,100774
1272,1,X,100797
1272,1,Y,0
1273,1,Be,2100
1273,1,Bw,100954
1273,1,X,100975
1273,1,Y,0
1274,1,Be,2118
1274,1,Bw,100751
1274,1,X,100771
1274,1,Y,0
1275,1,Be,2113
1275,1,Bw,100815
1275,1,X,100834
1275,1,Y,0
1276,1,Be,2124
1276,1,Bw,100804
1276,1,X,100823
1276,1,Y,0
1277,1,Be,2124
1277,1,Bw,100982
1277,1,X,100998
1277,1,Y,0
1278,1,Be,2064
1278,1,Bw,100768
1278,1,X,100784
1278,1,Y,0
1279,1,Be,2086
1279,1,Bw,100797
1279,1,X,100815
1279,1,Y,0
1280,1,Be,2105
1280,1,Bw,100731
1280,1,X,100747
1280,1,Y,0
1281,1,Be,2103
1281,1,Bw,100676
1281,1,X,100694
1281,1,Y,0
1282,1,Be,2114
1282,1,Bw,100509
1282,1,X,100527
1282,1,Y,0
1283,1,Be,2099
1283,1,Bw,100704
1283,1,X,100719
1283,1,Y,0
1284,1,Be,2139
1284,1,Bw,100430
1284,1,X,100445
1284,1,Y,0
1285,1,Be,2142
1285,1,Bw,100353
1285,1,X,100367
1285,1,Y,0
1286,1,Be,2123
1286,1,Bw,100410
1286,1,X,100426
1286,1,Y,0
1287,1,Be,2128
1287,1,Bw,100348
1287,1,X,100367
1287,1,Y,0
1288,1,Be,2127
1288,1,Bw,100533
1288,1,X,100552
1288,1,Y,0
1289,1,Be,2097
1289,1,Bw,100519
1289,1,X,100536
1289,1,Y,0
1290,1,Be,2091
1290,1,Bw,100915
1290,1,X,100932
1290,1,Y,0
1291,1,Be,2090
1291,1,Bw,101006
1291,1,X,101021
1291,1,Y,0
1292,1,Be,2088
1292,1,Bw,101121
1292,1,X,101136
1292,1,Y,0
1293,1,Be,2078
1293,1,Bw,101105
1293,1,X,101121
1293,1,Y,0
1294,1,Be,2167
1294,1,Bw,100836
1294,1,X,100853
1294,1,Y,0
1295,1,Be,2148
1295,1,Bw,101083
1295,1,X,101098
1295,1,Y,0
1296,1,Be,2114
1296,1,Bw,100994
1296,1,X,101002
1296,1,Y,0
1297,1,Be,2086
1297,1,Bw,101002
1297,1,X,101012
1297,1,Y,0
1298,1,Be,2040
1298,1,Bw,100925
1298,1,X,100936
1298,1,Y,0
1299,1,Be,2042
1299,1,Bw,100885
1299,1,X,100894
1299,1,Y,0
1300,1,Be,2035
1300,1,Bw,100838
1300,1,X,100848
1300,1,Y,0
1301,1,Be,2145
1301,1,Bw,100883
1301,1,X,100895
1301,1,Y,0
1302,1,Be,2164
1302,1,Bw,100490
1302,1,X,100499
1302,1,Y,0
1303,1,Be,2150
1303,1,Bw,100729
1303,1,X,100737
1303,1,Y,0
1304,1,Be,2142
1304,1,Bw,100517
1304,1,X,100530
1304,1,Y,0
1305,1,Be,2119
1305,1,Bw,100360
1305,1,X,100373
1305,1,Y,0
1306,1,Be,2103
1306,1,Bw,100430
1306,1,X,100442
1306,1,Y,0
1307,1,Be,2097
1307,1,Bw,100442
1307,1,X,100454
1307,1,Y,0
1308,1,Be,2123
1308,1,Bw,100424
1308,1,X,100435
1308,1,Y,0
1309,1,Be,2103
1309,1,Bw,100486
1309,1,X,100496
1309,1,Y,0
1310,1,Be,2104
1310,1,Bw,100445
1310,1,X,100458
1310,1,Y,0
1311,1,Be,2094
1311,1,Bw,100710
1311,1,X,100722
1311,1,Y,0
1312,1,Be,2072
1312,1,Bw,100851
1312,1,X,100862
1312,1,Y,0
1313,1,Be,2126
1313,1,Bw,101112
1313,1,X,101122
1313,1,Y,0
1314,1,Be,2119
1314,1,Bw,101148
1314,1,X,101158
1314,1,Y,0
1315,1,Be,2105
1315,1,Bw,101156
1315,1,X,101164
1315,1,Y,0
1316,1,Be,2105
1316,1,Bw,101062
1316,1,X,101070
1316,1,Y,0
1317,1,Be,2074
1317,1,Bw,100927
1317,1,X,100936
1317,1,Y,0
1318,1,Be,2094
1318,1,Bw,100910
1318,1,X,100918
1318,1,Y,0
1319,1,Be,2124
1319,1,Bw,100717
1319,1,X,100728
1319,1,Y,0
1320,1,Be,2134
1320,1,Bw,100833
1320,1,X,100845
1320,1,Y,0
1321,1,Be,2124
1321,1,Bw,101109
1321,1,X,101123
1321,1,Y,0
1322,1,Be,2103
1322,1,Bw,101083
1322,1,X,101102
1322,1,Y,0
1323,1,Be,2111
1323,1,Bw,100998
1323,1,X,101016
1323,1,Y,0
1324,1,Be,2075
1324,1,Bw,100809
1324,1,X,100827
1324,1,Y,0
1325,1,Be,2043
1325,1,Bw,100864
1325,1,X,100883
1325,1,Y,0
1326,1,Be,2043
1326,1,Bw,100779
1326,1,X,100799
1326,1,Y,0
1327,1,Be,2033
1327,1,Bw,100750
1327,1,X,100768
1327,1,Y,0
1328,1,Be,2032
1328,1,Bw,100678
1328,1,X,100696
1328,1,Y,0
1329,1,Be,2035
1329,1,Bw,100449
1329,1,X,100466
1329,1,Y,0
1330,1,Be,2026
1330,1,Bw,100624
1330,1,X,100640
1330,1,Y,0
1331,1,Be,2003
1331,1,Bw,100724
1331,1,X,100740
1331,1,Y,0
1332,1,Be,2015
1332,1,Bw,100934
1332,1,X,100948
1332,1,Y,0
1333,1,Be,1968
1333,1,Bw,100785
1333,1,X,100800
1333,1,Y,0
1334,1,Be,1958
1334,1,Bw,100841
1334,1,X,100855
1334,1,Y,0
1335,1,Be,1991
1335,1,Bw,100920
1335,1,X,100935
1335,1,Y,0
1336,1,Be,1973
1336,1,Bw,100884
1336,1,X,100903
1336,1,Y,0
1337,1,Be,1978
1337,1,Bw,101193
1337,1,X,101212
1337,1,Y,0
1338,1,Be,2027
1338,1,Bw,101093
1338,1,X,101110
1338,1,Y,0
1339,1,Be,2022
1339,1,Bw,101236
1339,1,X,101252
1339,1,Y,0
1340,1,Be,2016
1340,1,Bw,101120
1340,1,X,101135
1340,1,Y,0
1341,1,Be,2006
1341,1,Bw,101134
1341,1,X,101148
1341,1,Y,0
1342,1,Be,1998
1342,1,Bw,101064
1342,1,X,101078
1342,1,Y,0
1343,1,Be,2016
1343,1,Bw,100817
1343,1,X,100828
1343,1,Y,0
1344,1,Be,2063
1344,1,Bw,100805
1344,1,X,100814
1344,1,Y,0
1345,1,Be,2092
1345,1,Bw,100778
1345,1,X,100788
1345,1,Y,0
1346,1,Be,2066
1346,1,Bw,100911
1346,1,X,100924
1346,1,Y,0
1347,1,Be,2101
1347,1,Bw,101124
1347,1,X,101137
1347,1,Y,0
1348,1,Be,2071
1348,1,Bw,100943
1348,1,X,100956
1348,1,Y,0
1349,1,Be,2085
1349,1,Bw,100831
1349,1,X,100841
1349,1,Y,0
1350,1,Be,2093
1350,1,Bw,100721
1350,1,X,100731
1350,1,Y,0
1351,1,Be,2074
1351,1,Bw,100556
1351,1,X,100563
1351,1,Y,0
1352,1,Be,2042
1352,1,Bw,100546
1352,1,X,100552
1352,1,Y,0
1353,1,Be,2039
1353,1,Bw,100675
1353,1,X,100682
1353,1,Y,0
1354,1,Be,2015
1354,1,Bw,100484
1354,1,X,100490
1354,1,Y,0
1355,1,Be,1967
1355,1,Bw,100579
1355,1,X,100586
1355,1,Y,0
1356,1,Be,1991
1356,1,Bw,100862
1356,1,X,100869
1356,1,Y,0
1357,1,Be,2011
1357,1,Bw,100886
1357,1,X,100892
1357,1,Y,0
1358,1,Be,2010
1358,1,Bw,100650
1358,1,X,100655
1358,1,Y,0
1359,1,Be,2015
1359,1,Bw,100685
1359,1,X,100692
1359,1,Y,0
1360,1,Be,1973
1360,1,Bw,100731
1360,1,X,100739
1360,1,Y,0
1361,1,Be,1980
1361,1,Bw,100691
1361,1,X,100699
1361,1,Y,0
1362,1,Be,1971
1362,1,Bw,100811
1362,1,X,100819
1362,1,Y,0
1363,1,Be,1912
1363,1,Bw,100484
1363,1,X,100494
1363,1,Y,0
1364,1,Be,1941
1364,1,Bw,100760
1364,1,X,100768
1364,1,Y,0
1365,1,Be,1939
1365,1,Bw,100786
1365,1,X,100794
1365,1,Y,0
1366,1,Be,1935
1366,1,Bw,100580
1366,1,X,100586
1366,1,Y,0
1367,1,Be,1974
1367,1,Bw,100768
1367,1,X,100777
1367,1,Y,0
1368,1,Be,1990
1368,1,Bw,100771
1368,1,X,100779
1368,1,Y,0
1369,1,Be,1974
1369,1,Bw,100696
1369,1,X,100704
1369,1,Y,0
1370,1,Be,2007
1370,1,Bw,100706
1370,1,X,100716
1370,1,Y,0
1371,1,Be,2037
1371,1,Bw,100675
1371,1,X,100689
1371,1,Y,0
1372,1,Be,2014
1372,1,Bw,100478
1372,1,X,100492
1372,1,Y,0
1373,1,Be,2037
1373,1,Bw,100600
1373,1,X,100612
1373,1,Y,0
1374,1,Be,2107
1374,1,Bw,100601
1374,1,X,100613
1374,1,Y,0
1375,1,Be,2072
1375,1,Bw,100895
1375,1,X,100906
1375,1,Y,0
1376,1,Be,2058
1376,1,Bw,100891
1376,1,X,100900
1376,1,Y,0
1377,1,Be,2103
1377,1,Bw,101074
1377,1,X,101086
1377,1,Y,0
1378,1,Be,2097
1378,1,Bw,100839
1378,1,X,100853
1378,1,Y,0
1379,1,Be,2084
1379,1,Bw,101003
1379,1,X,101013
1379,1,Y,0
1380,1,Be,2091
1380,1,Bw,100886
1380,1,X,100896
1380,1,Y,0
1381,1,Be,2081
1381,1,Bw,100839
1381,1,X,100848
1381,1,Y,0
1382,1,Be,2090
1382,1,Bw,100896
1382,1,X,100907
1382,1,Y,0
1383,1,Be,2059
1383,1,Bw,100718
1383,1,X,100727
1383,1,Y,0
1384,1,Be,2079
1384,1,Bw,100985
1384,1,X,100997
1384,1,Y,0
1385,1,Be,2055
1385,1,Bw,100879
1385,1,X,100891
1385,1,Y,0
1386,1,Be,2157
1386,1,Bw,101108
1386,1,X,101121
1386,1,Y,0
1387,1,Be,2154
1387,1,Bw,101012
1387,1,X,101024
1387,1,Y,0
1388,1,Be,2113
1388,1,Bw,101274
1388,1,X,101284
1388,1,Y,0
1389,1,Be,2126
1389,1,Bw,101308
1389,1,X,101316
1389,1,Y,0
1390,1,Be,2105
1390,1,Bw,101276
1390,1,X,101282
1390,1,Y,0
1391,1,Be,2081
1391,1,Bw,101460
1391,1,X,101465
1391,1,Y,0
1392,1,Be,2080
1392,1,Bw,101389
1392,1,X,101394
1392,1,Y,0
1393,1,Be,2026
1393,1,Bw,101339
1393,1,X,101343
1393,1,Y,0
1394,1,Be,2056
1394,1,Bw,101257
1394,1,X,101265
1394,1,Y,0
1395,1,Be,2032
1395,1,Bw,101604
1395,1,X,101611
1395,1,Y,0
1396,1,Be,2022
1396,1,Bw,101205
1396,1,X,101217
1396,1,Y,0
1397,1,Be,2002
1397,1,Bw,101156
1397,1,X,101167
1397,1,Y,0
1398,1,Be,2028
1398,1,Bw,100965
1398,1,X,100976
1398,1,Y,0
1399,1,Be,2020
1399,1,Bw,101118
1399,1,X,101128
1399,1,Y,0
1400,1,Be,1999
1400,1,Bw,101165
1400,1,X,101177
1400,1,Y,0
1401,1,Be,2009
1401,1,Bw,101055
1401,1,X,101067
1401,1,Y,0
1402,1,Be,2047
1402,1,Bw,101216
1402,1,X,101231
1402,1,Y,0
1403,1,Be,2114
1403,1,Bw,101221
1403,1,X,101234
1403,1,Y,0
1404,1,Be,2134
1404,1,Bw,101364
1404,1,X,101376
1404,1,Y,0
1405,1,Be,2185
1405,1,Bw,101361
1405,1,X,101373
1405,1,Y,0
1406,1,Be,2163
1406,1,Bw,101290
1406,1,X,101302
1406,1,Y,0
1407,1,Be,2191
1407,1,Bw,101071
1407,1,X,101086
1407,1,Y,0
1408,1,Be,2172
1408,1,Bw,100967
1408,1,X,100982
1408,1,Y,0
1409,1,Be,2127
1409,1,Bw,100937
1409,1,X,100950
1409,1,Y,0
1410,1,Be,2198
1410,1,Bw,101043
1410,1,X,101056
1410,1,Y,0
1411,1,Be,2125
1411,1,Bw,101041
1411,1,X,101052
1411,1,Y,0
1412,1,Be,2152
1412,1,Bw,101087
1412,1,X,101097
1412,1,Y,0
1413,1,Be,2205
1413,1,Bw,101114
1413,1,X,101124
1413,1,Y,0
1414,1,Be,2233
1414,1,Bw,101048
1414,1,X,101056
1414,1,Y,0
1415,1,Be,2218
1415,1,Bw,101079
1415,1,X,101085
1415,1,Y,0
1416,1,Be,2226
1416,1,Bw,101418
1416,1,X,101425
1416,1,Y,0
1417,1,Be,2235
1417,1,Bw,101302
1417,1,X,101309
1417,1,Y,0
1418,1,Be,2205
1418,1,Bw,101243
1418,1,X,101249
1418,1,Y,0
1419,1,Be,2155
1419,1,Bw,101099
1419,1,X,101105
1419,1,Y,0
1420,1,Be,2156
1420,1,Bw,101122
1420,1,X,101129
1420,1,Y,0
1421,1,Be,2111
1421,1,Bw,101081
1421,1,X,101089
1421,1,Y,0
1422,1,Be,2089
1422,1,Bw,100972
1422,1,X,100977
1422,1,Y,0
1423,1,Be,2067
1423,1,Bw,101006
1423,1,X,101010
1423,1,Y,0
1424,1,Be,2036
1424,1,Bw,100618
1424,1,X,100624
1424,1,Y,0
1425,1,Be,2043
1425,1,Bw,100924
1425,1,X,100930
1425,1,Y,0
1426,1,Be,1986
1426,1,Bw,100928
1426,1,X,100937
1426,1,Y,0
1427,1,Be,1990
1427,1,Bw,101003
1427,1,X,101011
1427,1,Y,0
1428,1,Be,1998
1428,1,Bw,101091
1428,1,X,101099
1428,1,Y,0
1429,1,Be,2019
1429,1,Bw,101094
1429,1,X,101102
1429,1,Y,0
1430,1,Be,2016
1430,1,Bw,101033
1430,1,X,101042
1430,1,Y,0
1431,1,Be,2077
1431,1,Bw,101019
1431,1,X,101028
1431,1,Y,0
1432,1,Be,2044
1432,1,Bw,101118
1432,1,X,101128
1432,1,Y,0
1433,1,Be,2099
1433,1,Bw,101014
1433,1,X,101024
1433,1,Y,0
1434,1,Be,2089
1434,1,Bw,101092
1434,1,X,101104
1434,1,Y,0
1435,1,Be,2113
1435,1,Bw,101060
1435,1,X,101073
1435,1,Y,0
1436,1,Be,2133
1436,1,Bw,101123
1436,1,X,101135
1436,1,Y,0
1437,1,Be,2136
1437,1,Bw,101090
1437,1,X,101103
1437,1,Y,0
1438,1,Be,2152
1438,1,Bw,101315
1438,1,X,101328
1438,1,Y,0
1439,1,Be,2236
1439,1,Bw,101327
1439,1,X,101341
1439,1,Y,0
1440,1,Be,2248
1440,1,Bw,101245
1440,1,X,101259
1440,1,Y,0
1441,1,Be,2282
1441,1,Bw,101226
1441,1,X,101240
1441,1,Y,0
1442,1,Be,2288
1442,1,Bw,101005
1442,1,X,101018
1442,1,Y,0
1443,1,Be,2280
1443,1,Bw,100973
1443,1,X,100985
1443,1,Y,0
1444,1,Be,2296
1444,1,Bw,100927
1444,1,X,100937
1444,1,Y,0
1445,1,Be,2325
1445,1,Bw,100841
1445,1,X,100854
1445,1,Y,0
1446,1,Be,2275
1446,1,Bw,100881
1446,1,X,100893
1446,1,Y,0
1447,1,Be,2199
1447,1,Bw,100701
1447,1,X,100711
1447,1,Y,0
1448,1,Be,2163
1448,1,Bw,100759
1448,1,X,100770
1448,1,Y,0
1449,1,Be,2139
1449,1,Bw,100799
1449,1,X,100809
1449,1,Y,0
1450,1,Be,2062
1450,1,Bw,100832
1450,1,X,100840
1450,1,Y,0
1451,1,Be,2059
1451,1,Bw,100848
1451,1,X,100859
1451,1,Y,0
1452,1,Be,2089
1452,1,Bw,100755
1452,1,X,100769
1452,1,Y,0
1453,1,Be,2116
1453,1,Bw,100744
1453,1,X,100763
1453,1,Y,0
1454,1,Be,2122
1454,1,Bw,100883
1454,1,X,100901
1454,1,Y,0
1455,1,Be,2118
1455,1,Bw,100610
1455,1,X,100626
1455,1,Y,0
1456,1,Be,2125
1456,1,Bw,100733
1456,1,X,100748
1456,1,Y,0
1457,1,Be,2105
1457,1,Bw,100811
1457,1,X,100825
1457,1,Y,0
1458,1,Be,2111
1458,1,Bw,100926
1458,1,X,100938
1458,1,Y,0
1459,1,Be,2094
1459,1,Bw,101120
1459,1,X,101130
1459,1,Y,0
