Time,NodeID,Alleles,STATE_MALE
0,1,Ad,0
0,1,Aw,8954
0,1,X,8954
0,1,Y,8954
1,1,Ad,0
1,1,Aw,7990
1,1,X,7990
1,1,Y,7990
2,1,Ad,0
2,1,Aw,7096
2,1,X,7096
2,1,Y,7096
3,1,Ad,0
3,1,Aw,6324
3,1,X,6324
3,1,Y,6324
4,1,Ad,0
4,1,Aw,5617
4,1,X,5617
4,1,Y,5617
5,1,Ad,0
5,1,Aw,4974
5,1,X,4974
5,1,Y,4974
6,1,Ad,0
6,1,Aw,4383
6,1,X,4383
6,1,Y,4383
7,1,Ad,0
7,1,Aw,3849
7,1,X,3849
7,1,Y,3849
8,1,Ad,0
8,1,Aw,3336
8,1,X,3336
8,1,Y,3336
9,1,Ad,0
9,1,Aw,2883
9,1,X,2883
9,1,Y,2883
10,1,Ad,0
10,1,Aw,2505
10,1,X,2505
10,1,Y,2505
11,1,Ad,0
11,1,Aw,2154
11,1,X,2154
11,1,Y,2154
12,1,Ad,0
12,1,Aw,1819
12,1,X,1819
12,1,Y,1819
13,1,Ad,0
13,1,Aw,1530
13,1,X,1530
13,1,Y,1530
14,1,Ad,0
14,1,Aw,1286
14,1,X,1286
14,1,Y,1286
15,1,Ad,0
15,1,Aw,1087
15,1,X,1087
15,1,Y,1087
16,1,Ad,0
16,1,Aw,886
16,1,X,886
16,1,Y,886
17,1,Ad,0
17,1,Aw,724
17,1,X,724
17,1,Y,724
18,1,Ad,0
18,1,Aw,607
18,1,X,607
18,1,Y,607
19,1,Ad,0
19,1,Aw,484
19,1,X,484
19,1,Y,484
20,1,Ad,0
20,1,Aw,365
20,1,X,365
20,1,Y,365
21,1,Ad,0
21,1,Aw,294
21,1,X,294
21,1,Y,294
22,1,Ad,0
22,1,Aw,35742
22,1,X,35742
22,1,Y,35742
23,1,Ad,0
23,1,Aw,65341
23,1,X,65341
23,1,Y,65341
24,1,Ad,0
24,1,Aw,88654
24,1,X,88654
24,1,Y,88654
25,1,Ad,0
25,1,Aw,80686
25,1,X,80686
25,1,Y,80686
26,1,Ad,0
26,1,Aw,74655
26,1,X,74655
26,1,Y,74655
27,1,Ad,0
27,1,Aw,69489
27,1,X,69489
27,1,Y,69489
28,1,Ad,0
28,1,Aw,64580
28,1,X,64580
28,1,Y,64580
29,1,Ad,0
29,1,Aw,59434
29,1,X,59434
29,1,Y,59434
30,1,Ad,0
30,1,Aw,54834
30,1,X,54834
30,1,Y,54834
31,1,Ad,0
31,1,Aw,50366
31,1,X,50366
31,1,Y,50366
32,1,Ad,0
32,1,Aw,45723
32,1,X,45723
32,1,Y,45723
33,1,Ad,0
33,1,Aw,41006
33,1,X,41006
33,1,Y,41006
34,1,Ad,0
34,1,Aw,36834
34,1,X,36834
34,1,Y,36834
35,1,Ad,0
35,1,Aw,32848
35,1,X,32848
35,1,Y,32848
36,1,Ad,0
36,1,Aw,29079
36,1,X,29079
36,1,Y,29079
37,1,Ad,0
37,1,Aw,25703
37,1,X,25703
37,1,Y,25703
38,1,Ad,0
38,1,Aw,22595
38,1,X,22595
38,1,Y,22595
39,1,Ad,0
39,1,Aw,19717
39,1,X,19717
39,1,Y,19717
40,1,Ad,0
40,1,Aw,17138
40,1,X,17138
40,1,Y,17138
41,1,Ad,0
41,1,Aw,14833
41,1,X,14833
41,1,Y,14833
42,1,Ad,0
42,1,Aw,12810
42,1,X,12810
42,1,Y,12810
43,1,Ad,0
43,1,Aw,10973
43,1,X,10973
43,1,Y,10973
44,1,Ad,0
44,1,Aw,9402
44,1,X,9402
44,1,Y,9402
45,1,Ad,0
45,1,Aw,7984
45,1,X,7984
45,1,Y,7984
46,1,Ad,0
46,1,Aw,6724
46,1,X,6724
46,1,Y,6724
47,1,Ad,0
47,1,Aw,5747
47,1,X,5747
47,1,Y,5747
48,1,Ad,0
48,1,Aw,19069
48,1,X,19069
48,1,Y,19069
49,1,Ad,0
49,1,Aw,40892
49,1,X,40892
49,1,Y,40892
50,1,Ad,0
50,1,Aw,69387
50,1,X,69387
50,1,Y,69387
51,1,Ad,0
51,1,Aw,90797
51,1,X,90797
51,1,Y,90797
52,1,Ad,0
52,1,Aw,107173
52,1,X,107173
52,1,Y,107173
53,1,Ad,0
53,1,Aw,105073
53,1,X,105073
53,1,Y,105073
54,1,Ad,0
54,1,Aw,104146
54,1,X,104146
54,1,Y,104146
55,1,Ad,0
55,1,Aw,103312
55,1,X,103312
55,1,Y,103312
56,1,Ad,0
56,1,Aw,102082
56,1,X,102082
56,1,Y,102082
57,1,Ad,0
57,1,Aw,100732
57,1,X,100732
57,1,Y,100732
58,1,Ad,0
58,1,Aw,99702
58,1,X,99702
58,1,Y,99702
59,1,Ad,0
59,1,Aw,98542
59,1,X,98542
59,1,Y,98542
60,1,Ad,0
60,1,Aw,97349
60,1,X,97349
60,1,Y,97349
61,1,Ad,0
61,1,Aw,95841
61,1,X,95841
61,1,Y,95841
62,1,Ad,0
62,1,Aw,93642
62,1,X,93642
62,1,Y,93642
63,1,Ad,0
63,1,Aw,89839
63,1,X,89839
63,1,Y,89839
64,1,Ad,0
64,1,Aw,85641
64,1,X,85641
64,1,Y,85641
65,1,Ad,0
65,1,Aw,80477
65,1,X,80477
65,1,Y,80477
66,1,Ad,0
66,1,Aw,75251
66,1,X,75251
66,1,Y,75251
67,1,Ad,0
67,1,Aw,70509
67,1,X,70509
67,1,Y,70509
68,1,Ad,0
68,1,Aw,65034
68,1,X,65034
68,1,Y,65034
69,1,Ad,0
69,1,Aw,59565
69,1,X,59565
69,1,Y,59565
70,1,Ad,0
70,1,Aw,54539
70,1,X,54539
70,1,Y,54539
71,1,Ad,0
71,1,Aw,49413
71,1,X,49413
71,1,Y,49413
72,1,Ad,0
72,1,Aw,44646
72,1,X,44646
72,1,Y,44646
73,1,Ad,0
73,1,Aw,39960
73,1,X,39960
73,1,Y,39960
74,1,Ad,0
74,1,Aw,41663
74,1,X,41663
74,1,Y,41663
75,1,Ad,0
75,1,Aw,50951
75,1,X,50951
75,1,Y,50951
76,1,Ad,0
76,1,Aw,70274
76,1,X,70274
76,1,Y,70274
77,1,Ad,0
77,1,Aw,95391
77,1,X,95391
77,1,Y,95391
78,1,Ad,0
78,1,Aw,106531
78,1,X,106531
78,1,Y,106531
79,1,Ad,0
79,1,Aw,105402
79,1,X,105402
79,1,Y,105402
80,1,Ad,0
80,1,Aw,105147
80,1,X,105147
80,1,Y,105147
81,1,Ad,0
81,1,Aw,104721
81,1,X,104721
81,1,Y,104721
82,1,Ad,0
82,1,Aw,104001
82,1,X,104001
82,1,Y,104001
83,1,Ad,0
83,1,Aw,103097
83,1,X,103097
83,1,Y,103097
84,1,Ad,0
84,1,Aw,101970
84,1,X,101970
84,1,Y,101970
85,1,Ad,0
85,1,Aw,101306
85,1,X,101306
85,1,Y,101306
86,1,Ad,0
86,1,Aw,100153
86,1,X,100153
86,1,Y,100153
87,1,Ad,0
87,1,Aw,99244
87,1,X,99244
87,1,Y,99244
88,1,Ad,0
88,1,Aw,98048
88,1,X,98048
88,1,Y,98048
89,1,Ad,0
89,1,Aw,96643
89,1,X,96643
89,1,Y,96643
90,1,Ad,0
90,1,Aw,95290
90,1,X,95290
90,1,Y,95290
91,1,Ad,0
91,1,Aw,94190
91,1,X,94190
91,1,Y,94190
92,1,Ad,0
92,1,Aw,94064
92,1,X,94064
92,1,Y,94064
93,1,Ad,0
93,1,Aw,95483
93,1,X,95483
93,1,Y,95483
94,1,Ad,0
94,1,Aw,98674
94,1,X,98674
94,1,Y,98674
95,1,Ad,0
95,1,Aw,102409
95,1,X,102409
95,1,Y,102409
96,1,Ad,0
96,1,Aw,103551
96,1,X,103551
96,1,Y,103551
97,1,Ad,0
97,1,Aw,102827
97,1,X,102827
97,1,Y,102827
98,1,Ad,0
98,1,Aw,102565
98,1,X,102565
98,1,Y,102565
99,1,Ad,0
99,1,Aw,102226
99,1,X,102226
99,1,Y,102226
100,1,Ad,0
100,1,Aw,101791
100,1,X,101791
100,1,Y,101791
101,1,Ad,0
101,1,Aw,101441
101,1,X,101441
101,1,Y,101441
102,1,Ad,0
102,1,Aw,101197
102,1,X,101197
102,1,Y,101197
103,1,Ad,0
103,1,Aw,101012
103,1,X,101012
103,1,Y,101012
104,1,Ad,0
104,1,Aw,100832
104,1,X,100832
104,1,Y,100832
105,1,Ad,0
105,1,Aw,100618
105,1,X,100618
105,1,Y,100618
106,1,Ad,0
106,1,Aw,100409
106,1,X,100409
106,1,Y,100409
107,1,Ad,0
107,1,Aw,100088
107,1,X,100088
107,1,Y,100088
108,1,Ad,0
108,1,Aw,100034
108,1,X,100034
108,1,Y,100034
109,1,Ad,0
109,1,Aw,99757
109,1,X,99757
109,1,Y,99757
110,1,Ad,0
110,1,Aw,99854
110,1,X,99854
110,1,Y,99854
111,1,Ad,0
111,1,Aw,100174
111,1,X,100174
111,1,Y,100174
112,1,Ad,0
112,1,Aw,100761
112,1,X,100761
112,1,Y,100761
113,1,Ad,0
113,1,Aw,101325
113,1,X,101325
113,1,Y,101325
114,1,Ad,0
114,1,Aw,101334
114,1,X,101334
114,1,Y,101334
115,1,Ad,0
115,1,Aw,101340
115,1,X,101340
115,1,Y,101340
116,1,Ad,0
116,1,Aw,101105
116,1,X,101105
116,1,Y,101105
117,1,Ad,0
117,1,Aw,100657
117,1,X,100657
117,1,Y,100657
118,1,Ad,0
118,1,Aw,100814
118,1,X,100814
118,1,Y,100814
119,1,Ad,0
119,1,Aw,101020
119,1,X,101020
119,1,Y,101020
120,1,Ad,0
120,1,Aw,100917
120,1,X,100917
120,1,Y,100917
121,1,Ad,0
121,1,Aw,101140
121,1,X,101140
121,1,Y,101140
122,1,Ad,0
122,1,Aw,100824
122,1,X,100824
122,1,Y,100824
123,1,Ad,0
123,1,Aw,100717
123,1,X,100717
123,1,Y,100717
124,1,Ad,0
124,1,Aw,100488
124,1,X,100488
124,1,Y,100488
125,1,Ad,0
125,1,Aw,100794
125,1,X,100794
125,1,Y,100794
126,1,Ad,0
126,1,Aw,100864
126,1,X,100864
126,1,Y,100864
127,1,Ad,0
127,1,Aw,100563
127,1,X,100563
127,1,Y,100563
128,1,Ad,0
128,1,Aw,100707
128,1,X,100707
128,1,Y,100707
129,1,Ad,0
129,1,Aw,100884
129,1,X,100884
129,1,Y,100884
130,1,Ad,0
130,1,Aw,100989
130,1,X,100989
130,1,Y,100989
131,1,Ad,0
131,1,Aw,101209
131,1,X,101209
131,1,Y,101209
132,1,Ad,0
132,1,Aw,101128
132,1,X,101128
132,1,Y,101128
133,1,Ad,0
133,1,Aw,100894
133,1,X,100894
133,1,Y,100894
134,1,Ad,0
134,1,Aw,100720
134,1,X,100720
134,1,Y,100720
135,1,Ad,0
135,1,Aw,100481
135,1,X,100481
135,1,Y,100481
136,1,Ad,0
136,1,Aw,100705
136,1,X,100705
136,1,Y,100705
137,1,Ad,0
137,1,Aw,100459
137,1,X,100459
137,1,Y,100459
138,1,Ad,0
138,1,Aw,100683
138,1,X,100683
138,1,Y,100683
139,1,Ad,0
139,1,Aw,100858
139,1,X,100858
139,1,Y,100858
140,1,Ad,0
140,1,Aw,100673
140,1,X,100673
140,1,Y,100673
141,1,Ad,0
141,1,Aw,100648
141,1,X,100648
141,1,Y,100648
142,1,Ad,0
142,1,Aw,100536
142,1,X,100536
142,1,Y,100536
143,1,Ad,0
143,1,Aw,100723
143,1,X,100723
143,1,Y,100723
144,1,Ad,0
144,1,Aw,100791
144,1,X,100791
144,1,Y,100791
145,1,Ad,0
145,1,Aw,100806
145,1,X,100806
145,1,Y,100806
146,1,Ad,0
146,1,Aw,100771
146,1,X,100771
146,1,Y,100771
147,1,Ad,0
147,1,Aw,100739
147,1,X,100739
147,1,Y,100739
148,1,Ad,0
148,1,Aw,100769
148,1,X,100769
148,1,Y,100769
149,1,Ad,0
149,1,Aw,100753
149,1,X,100753
149,1,Y,100753
150,1,Ad,0
150,1,Aw,100870
150,1,X,100870
150,1,Y,100870
151,1,Ad,0
151,1,Aw,100677
151,1,X,100677
151,1,Y,100677
152,1,Ad,0
152,1,Aw,100694
152,1,X,100694
152,1,Y,100694
153,1,Ad,0
153,1,Aw,100827
153,1,X,100827
153,1,Y,100827
154,1,Ad,0
154,1,Aw,100786
154,1,X,100786
154,1,Y,100786
155,1,Ad,0
155,1,Aw,100933
155,1,X,100933
155,1,Y,100933
156,1,Ad,0
156,1,Aw,100920
156,1,X,100920
156,1,Y,100920
157,1,Ad,0
157,1,Aw,100965
157,1,X,100965
157,1,Y,100965
158,1,Ad,0
158,1,Aw,101068
158,1,X,101068
158,1,Y,101068
159,1,Ad,0
159,1,Aw,101226
159,1,X,101226
159,1,Y,101226
160,1,Ad,0
160,1,Aw,101062
160,1,X,101062
160,1,Y,101062
161,1,Ad,0
161,1,Aw,100988
161,1,X,100988
161,1,Y,100988
162,1,Ad,0
162,1,Aw,101232
162,1,X,101232
162,1,Y,101232
163,1,Ad,0
163,1,Aw,101198
163,1,X,101198
163,1,Y,101198
164,1,Ad,0
164,1,Aw,101124
164,1,X,101124
164,1,Y,101124
165,1,Ad,0
165,1,Aw,101118
165,1,X,101118
165,1,Y,101118
166,1,Ad,0
166,1,Aw,101256
166,1,X,101256
166,1,Y,101256
167,1,Ad,0
167,1,Aw,101267
167,1,X,101267
167,1,Y,101267
168,1,Ad,0
168,1,Aw,101275
168,1,X,101275
168,1,Y,101275
169,1,Ad,0
169,1,Aw,100937
169,1,X,100937
169,1,Y,100937
170,1,Ad,0
170,1,Aw,100920
170,1,X,100920
170,1,Y,100920
171,1,Ad,0
171,1,Aw,101150
171,1,X,101150
171,1,Y,101150
172,1,Ad,0
172,1,Aw,101089
172,1,X,101089
172,1,Y,101089
173,1,Ad,0
173,1,Aw,100991
173,1,X,100991
173,1,Y,100991
174,1,Ad,0
174,1,Aw,101101
174,1,X,101101
174,1,Y,101101
175,1,Ad,0
175,1,Aw,100845
175,1,X,100845
175,1,Y,100845
176,1,Ad,0
176,1,Aw,100913
176,1,X,100913
176,1,Y,100913
177,1,Ad,0
177,1,Aw,101119
177,1,X,101119
177,1,Y,101119
178,1,Ad,0
178,1,Aw,101138
178,1,X,101138
178,1,Y,101138
179,1,Ad,0
179,1,Aw,101065
179,1,X,101065
179,1,Y,101065
180,1,Ad,0
180,1,Aw,101060
180,1,X,101060
180,1,Y,101060
181,1,Ad,0
181,1,Aw,101066
181,1,X,101066
181,1,Y,101066
182,1,Ad,0
182,1,Aw,100971
182,1,X,100971
182,1,Y,100971
183,1,Ad,0
183,1,Aw,100911
183,1,X,100911
183,1,Y,100911
184,1,Ad,0
184,1,Aw,100897
184,1,X,100897
184,1,Y,100897
185,1,Ad,0
185,1,Aw,100980
185,1,X,100980
185,1,Y,100980
186,1,Ad,0
186,1,Aw,100841
186,1,X,100841
186,1,Y,100841
187,1,Ad,0
187,1,Aw,100913
187,1,X,100913
187,1,Y,100913
188,1,Ad,0
188,1,Aw,101148
188,1,X,101148
188,1,Y,101148
189,1,Ad,0
189,1,Aw,100919
189,1,X,100919
189,1,Y,100919
190,1,Ad,0
190,1,Aw,100847
190,1,X,100847
190,1,Y,100847
191,1,Ad,0
191,1,Aw,100918
191,1,X,100918
191,1,Y,100918
192,1,Ad,0
192,1,Aw,100905
192,1,X,100905
192,1,Y,100905
193,1,Ad,0
193,1,Aw,100879
193,1,X,100879
193,1,Y,100879
194,1,Ad,0
194,1,Aw,100754
194,1,X,100754
194,1,Y,100754
195,1,Ad,0
195,1,Aw,100660
195,1,X,100660
195,1,Y,100660
196,1,Ad,0
196,1,Aw,100777
196,1,X,100777
196,1,Y,100777
197,1,Ad,0
197,1,Aw,100687
197,1,X,100687
197,1,Y,100687
198,1,Ad,0
198,1,Aw,100650
198,1,X,100650
198,1,Y,100650
199,1,Ad,0
199,1,Aw,101011
199,1,X,101011
199,1,Y,101011
200,1,Ad,0
200,1,Aw,101258
200,1,X,101258
200,1,Y,101258
201,1,Ad,0
201,1,Aw,101167
201,1,X,101167
201,1,Y,101167
202,1,Ad,0
202,1,Aw,101012
202,1,X,101012
202,1,Y,101012
203,1,Ad,0
203,1,Aw,101019
203,1,X,101019
203,1,Y,101019
204,1,Ad,0
204,1,Aw,100931
204,1,X,100931
204,1,Y,100931
205,1,Ad,0
205,1,Aw,100693
205,1,X,100693
205,1,Y,100693
206,1,Ad,0
206,1,Aw,100848
206,1,X,100848
206,1,Y,100848
207,1,Ad,0
207,1,Aw,100821
207,1,X,100821
207,1,Y,100821
208,1,Ad,0
208,1,Aw,101021
208,1,X,101021
208,1,Y,101021
209,1,Ad,0
209,1,Aw,100801
209,1,X,100801
209,1,Y,100801
210,1,Ad,0
210,1,Aw,100947
210,1,X,100947
210,1,Y,100947
211,1,Ad,0
211,1,Aw,100992
211,1,X,100992
211,1,Y,100992
212,1,Ad,0
212,1,Aw,100983
212,1,X,100983
212,1,Y,100983
213,1,Ad,0
213,1,Aw,101032
213,1,X,101032
213,1,Y,101032
214,1,Ad,0
214,1,Aw,101002
214,1,X,101002
214,1,Y,101002
215,1,Ad,0
215,1,Aw,100941
215,1,X,100941
215,1,Y,100941
216,1,Ad,0
216,1,Aw,100701
216,1,X,100701
216,1,Y,100701
217,1,Ad,0
217,1,Aw,100428
217,1,X,100428
217,1,Y,100428
218,1,Ad,0
218,1,Aw,100637
218,1,X,100637
218,1,Y,100637
219,1,Ad,0
219,1,Aw,100796
219,1,X,100796
219,1,Y,100796
220,1,Ad,0
220,1,Aw,100879
220,1,X,100879
220,1,Y,100879
221,1,Ad,0
221,1,Aw,100934
221,1,X,100934
221,1,Y,100934
222,1,Ad,0
222,1,Aw,101002
222,1,X,101002
222,1,Y,101002
223,1,Ad,0
223,1,Aw,101069
223,1,X,101069
223,1,Y,101069
224,1,Ad,0
224,1,Aw,101147
224,1,X,101147
224,1,Y,101147
225,1,Ad,0
225,1,Aw,100925
225,1,X,100925
225,1,Y,100925
226,1,Ad,0
226,1,Aw,100778
226,1,X,100778
226,1,Y,100778
227,1,Ad,0
227,1,Aw,100947
227,1,X,100947
227,1,Y,100947
228,1,Ad,0
228,1,Aw,100677
228,1,X,100677
228,1,Y,100677
229,1,Ad,0
229,1,Aw,100666
229,1,X,100666
229,1,Y,100666
230,1,Ad,0
230,1,Aw,101000
230,1,X,101000
230,1,Y,101000
231,1,Ad,0
231,1,Aw,100554
231,1,X,100554
231,1,Y,100554
232,1,Ad,0
232,1,Aw,100612
232,1,X,100612
232,1,Y,100612
233,1,Ad,0
233,1,Aw,100635
233,1,X,100635
233,1,Y,100635
234,1,Ad,0
234,1,Aw,100712
234,1,X,100712
234,1,Y,100712
235,1,Ad,0
235,1,Aw,100946
235,1,X,100946
235,1,Y,100946
236,1,Ad,0
236,1,Aw,101144
236,1,X,101144
236,1,Y,101144
237,1,Ad,0
237,1,Aw,100808
237,1,X,100808
237,1,Y,100808
238,1,Ad,0
238,1,Aw,100811
238,1,X,100811
238,1,Y,100811
239,1,Ad,0
239,1,Aw,100775
239,1,X,100775
239,1,Y,100775
240,1,Ad,0
240,1,Aw,100684
240,1,X,100684
240,1,Y,100684
241,1,Ad,0
241,1,Aw,100458
241,1,X,100458
241,1,Y,100458
242,1,Ad,0
242,1,Aw,100751
242,1,X,100751
242,1,Y,100751
243,1,Ad,0
243,1,Aw,100848
243,1,X,100848
243,1,Y,100848
244,1,Ad,0
244,1,Aw,100595
244,1,X,100595
244,1,Y,100595
245,1,Ad,0
245,1,Aw,100615
245,1,X,100615
245,1,Y,100615
246,1,Ad,0
246,1,Aw,100474
246,1,X,100474
246,1,Y,100474
247,1,Ad,0
247,1,Aw,100490
247,1,X,100490
247,1,Y,100490
248,1,Ad,0
248,1,Aw,100582
248,1,X,100582
248,1,Y,100582
249,1,Ad,0
249,1,Aw,100556
249,1,X,100556
249,1,Y,100556
250,1,Ad,0
250,1,Aw,100467
250,1,X,100467
250,1,Y,100467
251,1,Ad,0
251,1,Aw,100551
251,1,X,100551
251,1,Y,100551
252,1,Ad,0
252,1,Aw,100633
252,1,X,100633
252,1,Y,100633
253,1,Ad,0
253,1,Aw,100811
253,1,X,100811
253,1,Y,100811
254,1,Ad,0
254,1,Aw,100801
254,1,X,100801
254,1,Y,100801
255,1,Ad,0
255,1,Aw,101057
255,1,X,101057
255,1,Y,101057
256,1,Ad,0
256,1,Aw,100947
256,1,X,100947
256,1,Y,100947
257,1,Ad,0
257,1,Aw,100897
257,1,X,100897
257,1,Y,100897
258,1,Ad,0
258,1,Aw,100875
258,1,X,100875
258,1,Y,100875
259,1,Ad,0
259,1,Aw,100957
259,1,X,100957
259,1,Y,100957
260,1,Ad,0
260,1,Aw,100972
260,1,X,100972
260,1,Y,100972
261,1,Ad,0
261,1,Aw,101168
261,1,X,101168
261,1,Y,101168
262,1,Ad,0
262,1,Aw,101261
262,1,X,101261
262,1,Y,101261
263,1,Ad,0
263,1,Aw,101242
263,1,X,101242
263,1,Y,101242
264,1,Ad,0
264,1,Aw,101277
264,1,X,101277
264,1,Y,101277
265,1,Ad,0
265,1,Aw,101419
265,1,X,101419
265,1,Y,101419
266,1,Ad,0
266,1,Aw,101556
266,1,X,101556
266,1,Y,101556
267,1,Ad,0
267,1,Aw,101478
267,1,X,101478
267,1,Y,101478
268,1,Ad,0
268,1,Aw,101349
268,1,X,101349
268,1,Y,101349
269,1,Ad,0
269,1,Aw,101111
269,1,X,101111
269,1,Y,101111
270,1,Ad,0
270,1,Aw,101080
270,1,X,101080
270,1,Y,101080
271,1,Ad,0
271,1,Aw,100772
271,1,X,100772
271,1,Y,100772
272,1,Ad,0
272,1,Aw,100831
272,1,X,100831
272,1,Y,100831
273,1,Ad,0
273,1,Aw,100711
273,1,X,100711
273,1,Y,100711
274,1,Ad,0
274,1,Aw,100796
274,1,X,100796
274,1,Y,100796
275,1,Ad,0
275,1,Aw,100846
275,1,X,100846
275,1,Y,100846
276,1,Ad,0
276,1,Aw,100778
276,1,X,100778
276,1,Y,100778
277,1,Ad,0
277,1,Aw,100868
277,1,X,100868
277,1,Y,100868
278,1,Ad,0
278,1,Aw,100968
278,1,X,100968
278,1,Y,100968
279,1,Ad,0
279,1,Aw,101164
279,1,X,101164
279,1,Y,101164
280,1,Ad,0
280,1,Aw,101162
280,1,X,101162
280,1,Y,101162
281,1,Ad,0
281,1,Aw,101391
281,1,X,101391
281,1,Y,101391
282,1,Ad,0
282,1,Aw,101371
282,1,X,101371
282,1,Y,101371
283,1,Ad,0
283,1,Aw,101147
283,1,X,101147
283,1,Y,101147
284,1,Ad,0
284,1,Aw,100908
284,1,X,100908
284,1,Y,100908
285,1,Ad,0
285,1,Aw,101139
285,1,X,101139
285,1,Y,101139
286,1,Ad,0
286,1,Aw,101358
286,1,X,101358
286,1,Y,101358
287,1,Ad,0
287,1,Aw,101406
287,1,X,101406
287,1,Y,101406
288,1,Ad,0
288,1,Aw,101367
288,1,X,101367
288,1,Y,101367
289,1,Ad,0
289,1,Aw,101521
289,1,X,101521
289,1,Y,101521
290,1,Ad,0
290,1,Aw,101612
290,1,X,101612
290,1,Y,101612
291,1,Ad,0
291,1,Aw,101703
291,1,X,101703
291,1,Y,101703
292,1,Ad,0
292,1,Aw,101689
292,1,X,101689
292,1,Y,101689
293,1,Ad,0
293,1,Aw,101558
293,1,X,101558
293,1,Y,101558
294,1,Ad,0
294,1,Aw,101359
294,1,X,101359
294,1,Y,101359
295,1,Ad,0
295,1,Aw,101282
295,1,X,101282
295,1,Y,101282
296,1,Ad,0
296,1,Aw,101297
296,1,X,101297
296,1,Y,101297
297,1,Ad,0
297,1,Aw,101127
297,1,X,101127
297,1,Y,101127
298,1,Ad,0
298,1,Aw,101193
298,1,X,101193
298,1,Y,101193
299,1,Ad,0
299,1,Aw,101076
299,1,X,101076
299,1,Y,101076
300,1,Ad,0
300,1,Aw,100747
300,1,X,100747
300,1,Y,100747
301,1,Ad,0
301,1,Aw,100575
301,1,X,100575
301,1,Y,100575
302,1,Ad,0
302,1,Aw,100530
302,1,X,100530
302,1,Y,100530
303,1,Ad,0
303,1,Aw,100635
303,1,X,100635
303,1,Y,100635
304,1,Ad,0
304,1,Aw,100595
304,1,X,100595
304,1,Y,100595
305,1,Ad,0
305,1,Aw,100720
305,1,X,100720
305,1,Y,100720
306,1,Ad,0
306,1,Aw,100655
306,1,X,100655
306,1,Y,100655
307,1,Ad,0
307,1,Aw,100516
307,1,X,100516
307,1,Y,100516
308,1,Ad,0
308,1,Aw,100679
308,1,X,100679
308,1,Y,100679
309,1,Ad,0
309,1,Aw,100740
309,1,X,100740
309,1,Y,100740
310,1,Ad,0
310,1,Aw,100875
310,1,X,100875
310,1,Y,100875
311,1,Ad,0
311,1,Aw,100773
311,1,X,100773
311,1,Y,100773
312,1,Ad,0
312,1,Aw,100650
312,1,X,100650
312,1,Y,100650
313,1,Ad,0
313,1,Aw,100463
313,1,X,100463
313,1,Y,100463
314,1,Ad,0
314,1,Aw,100435
314,1,X,100435
314,1,Y,100435
315,1,Ad,0
315,1,Aw,100508
315,1,X,100508
315,1,Y,100508
316,1,Ad,0
316,1,Aw,100588
316,1,X,100588
316,1,Y,100588
317,1,Ad,0
317,1,Aw,100595
317,1,X,100595
317,1,Y,100595
318,1,Ad,0
318,1,Aw,100475
318,1,X,100475
318,1,Y,100475
319,1,Ad,0
319,1,Aw,100407
319,1,X,100407
319,1,Y,100407
320,1,Ad,0
320,1,Aw,100584
320,1,X,100584
320,1,Y,100584
321,1,Ad,0
321,1,Aw,100578
321,1,X,100578
321,1,Y,100578
322,1,Ad,0
322,1,Aw,100876
322,1,X,100876
322,1,Y,100876
323,1,Ad,0
323,1,Aw,100930
323,1,X,100930
323,1,Y,100930
324,1,Ad,0
324,1,Aw,100897
324,1,X,100897
324,1,Y,100897
325,1,Ad,0
325,1,Aw,100883
325,1,X,100883
325,1,Y,100883
326,1,Ad,0
326,1,Aw,100835
326,1,X,100835
326,1,Y,100835
327,1,Ad,0
327,1,Aw,101186
327,1,X,101186
327,1,Y,101186
328,1,Ad,0
328,1,Aw,101140
328,1,X,101140
328,1,Y,101140
329,1,Ad,0
329,1,Aw,101163
329,1,X,101163
329,1,Y,101163
330,1,Ad,0
330,1,Aw,101181
330,1,X,101181
330,1,Y,101181
331,1,Ad,0
331,1,Aw,100898
331,1,X,100898
331,1,Y,100898
332,1,Ad,0
332,1,Aw,100860
332,1,X,100860
332,1,Y,100860
333,1,Ad,0
333,1,Aw,100871
333,1,X,100871
333,1,Y,100871
334,1,Ad,0
334,1,Aw,101117
334,1,X,101117
334,1,Y,101117
335,1,Ad,0
335,1,Aw,101421
335,1,X,101421
335,1,Y,101421
336,1,Ad,0
336,1,Aw,101458
336,1,X,101458
336,1,Y,101458
337,1,Ad,0
337,1,Aw,101189
337,1,X,101189
337,1,Y,101189
338,1,Ad,0
338,1,Aw,100838
338,1,X,100838
338,1,Y,100838
339,1,Ad,0
339,1,Aw,100871
339,1,X,100871
339,1,Y,100871
340,1,Ad,0
340,1,Aw,101091
340,1,X,101091
340,1,Y,101091
341,1,Ad,0
341,1,Aw,101272
341,1,X,101272
341,1,Y,101272
342,1,Ad,0
342,1,Aw,101209
342,1,X,101209
342,1,Y,101209
343,1,Ad,0
343,1,Aw,100981
343,1,X,100981
343,1,Y,100981
344,1,Ad,0
344,1,Aw,101025
344,1,X,101025
344,1,Y,101025
345,1,Ad,0
345,1,Aw,101260
345,1,X,101260
345,1,Y,101260
346,1,Ad,0
346,1,Aw,101529
346,1,X,101529
346,1,Y,101529
347,1,Ad,0
347,1,Aw,101191
347,1,X,101191
347,1,Y,101191
348,1,Ad,0
348,1,Aw,100981
348,1,X,100981
348,1,Y,100981
349,1,Ad,0
349,1,Aw,100750
349,1,X,100750
349,1,Y,100750
350,1,Ad,0
350,1,Aw,100633
350,1,X,100633
350,1,Y,100633
351,1,Ad,0
351,1,Aw,100750
351,1,X,100750
351,1,Y,100750
352,1,Ad,0
352,1,Aw,100866
352,1,X,100866
352,1,Y,100866
353,1,Ad,0
353,1,Aw,101024
353,1,X,101024
353,1,Y,101024
354,1,Ad,0
354,1,Aw,100953
354,1,X,100953
354,1,Y,100953
355,1,Ad,0
355,1,Aw,100843
355,1,X,100843
355,1,Y,100843
356,1,Ad,0
356,1,Aw,100800
356,1,X,100800
356,1,Y,100800
357,1,Ad,0
357,1,Aw,100871
357,1,X,100871
357,1,Y,100871
358,1,Ad,0
358,1,Aw,100856
358,1,X,100856
358,1,Y,100856
359,1,Ad,0
359,1,Aw,100888
359,1,X,100888
359,1,Y,100888
360,1,Ad,0
360,1,Aw,101087
360,1,X,101087
360,1,Y,101087
361,1,Ad,0
361,1,Aw,100939
361,1,X,100939
361,1,Y,100939
362,1,Ad,0
362,1,Aw,101163
362,1,X,101163
362,1,Y,101163
363,1,Ad,0
363,1,Aw,101412
363,1,X,101412
363,1,Y,101412
364,1,Ad,0
364,1,Aw,101022
364,1,X,101022
364,1,Y,101022
365,1,Ad,0
365,1,Aw,100906
365,1,X,100906
365,1,Y,100906
366,1,Ad,0
366,1,Aw,100873
366,1,X,100873
366,1,Y,100873
367,1,Ad,0
367,1,Aw,100630
367,1,X,100630
367,1,Y,100630
368,1,Ad,0
368,1,Aw,100621
368,1,X,100621
368,1,Y,100621
369,1,Ad,0
369,1,Aw,100755
369,1,X,100755
369,1,Y,100755
370,1,Ad,0
370,1,Aw,100601
370,1,X,100601
370,1,Y,100601
371,1,Ad,0
371,1,Aw,100382
371,1,X,100382
371,1,Y,100382
372,1,Ad,0
372,1,Aw,100329
372,1,X,100329
372,1,Y,100329
373,1,Ad,0
373,1,Aw,100767
373,1,X,100767
373,1,Y,100767
374,1,Ad,0
374,1,Aw,100758
374,1,X,100758
374,1,Y,100758
375,1,Ad,0
375,1,Aw,100626
375,1,X,100626
375,1,Y,100626
376,1,Ad,0
376,1,Aw,100563
376,1,X,100563
376,1,Y,100563
377,1,Ad,0
377,1,Aw,100556
377,1,X,100556
377,1,Y,100556
378,1,Ad,0
378,1,Aw,100416
378,1,X,100416
378,1,Y,100416
379,1,Ad,0
379,1,Aw,100380
379,1,X,100380
379,1,Y,100380
380,1,Ad,0
380,1,Aw,100446
380,1,X,100446
380,1,Y,100446
381,1,Ad,0
381,1,Aw,100621
381,1,X,100621
381,1,Y,100621
382,1,Ad,0
382,1,Aw,100601
382,1,X,100601
382,1,Y,100601
383,1,Ad,0
383,1,Aw,100640
383,1,X,100640
383,1,Y,100640
384,1,Ad,0
384,1,Aw,100611
384,1,X,100611
384,1,Y,100611
385,1,Ad,0
385,1,Aw,100656
385,1,X,100656
385,1,Y,100656
386,1,Ad,0
386,1,Aw,100935
386,1,X,100935
386,1,Y,100935
387,1,Ad,0
387,1,Aw,101017
387,1,X,101017
387,1,Y,101017
388,1,Ad,0
388,1,Aw,100949
388,1,X,100949
388,1,Y,100949
389,1,Ad,0
389,1,Aw,100793
389,1,X,100793
389,1,Y,100793
390,1,Ad,0
390,1,Aw,100691
390,1,X,100691
390,1,Y,100691
391,1,Ad,0
391,1,Aw,100699
391,1,X,100699
391,1,Y,100699
392,1,Ad,0
392,1,Aw,100730
392,1,X,100730
392,1,Y,100730
393,1,Ad,0
393,1,Aw,100701
393,1,X,100701
393,1,Y,100701
394,1,Ad,0
394,1,Aw,100692
394,1,X,100692
394,1,Y,100692
395,1,Ad,0
395,1,Aw,100558
395,1,X,100558
395,1,Y,100558
396,1,Ad,0
396,1,Aw,100607
396,1,X,100607
396,1,Y,100607
397,1,Ad,0
397,1,Aw,100553
397,1,X,100553
397,1,Y,100553
398,1,Ad,0
398,1,Aw,100682
398,1,X,100682
398,1,Y,100682
399,1,Ad,0
399,1,Aw,100886
399,1,X,100886
399,1,Y,100886
400,1,Ad,920
400,1,Aw,100815
400,1,X,101735
400,1,Y,101735
401,1,Ad,810
401,1,Aw,100906
401,1,X,101716
401,1,Y,101716
402,1,Ad,727
402,1,Aw,100868
402,1,X,101595
402,1,Y,101595
403,1,Ad,642
403,1,Aw,100805
403,1,X,101447
403,1,Y,101447
404,1,Ad,579
404,1,Aw,100944
404,1,X,101523
404,1,Y,101523
405,1,Ad,511
405,1,Aw,101082
405,1,X,101593
405,1,Y,101593
406,1,Ad,455
406,1,Aw,100980
406,1,X,101435
406,1,Y,101435
407,1,Ad,401
407,1,Aw,101077
407,1,X,101478
407,1,Y,101478
408,1,Ad,350
408,1,Aw,101146
408,1,X,101496
408,1,Y,101496
409,1,Ad,318
409,1,Aw,101023
409,1,X,101341
409,1,Y,101341
410,1,Ad,278
410,1,Aw,101182
410,1,X,101460
410,1,Y,101460
411,1,Ad,243
411,1,Aw,101128
411,1,X,101371
411,1,Y,101371
412,1,Ad,199
412,1,Aw,101326
412,1,X,101525
412,1,Y,101525
413,1,Ad,168
413,1,Aw,101474
413,1,X,101642
413,1,Y,101642
414,1,Ad,140
414,1,Aw,101881
414,1,X,102021
414,1,Y,102021
415,1,Ad,113
415,1,Aw,102284
415,1,X,102397
415,1,Y,102397
416,1,Ad,95
416,1,Aw,101992
416,1,X,102087
416,1,Y,102087
417,1,Ad,76
417,1,Aw,101967
417,1,X,102043
417,1,Y,102043
418,1,Ad,68
418,1,Aw,101648
418,1,X,101716
418,1,Y,101716
419,1,Ad,53
419,1,Aw,101445
419,1,X,101498
419,1,Y,101498
420,1,Ad,49
420,1,Aw,101332
420,1,X,101381
420,1,Y,101381
421,1,Ad,40
421,1,Aw,101293
421,1,X,101333
421,1,Y,101333
422,1,Ad,32
422,1,Aw,101203
422,1,X,101235
422,1,Y,101235
423,1,Ad,26
423,1,Aw,101199
423,1,X,101225
423,1,Y,101225
424,1,Ad,19
424,1,Aw,101082
424,1,X,101101
424,1,Y,101101
425,1,Ad,14
425,1,Aw,101053
425,1,X,101067
425,1,Y,101067
426,1,Ad,35
426,1,Aw,100824
426,1,X,100835
426,1,Y,100835
427,1,Ad,46
427,1,Aw,101075
427,1,X,101084
427,1,Y,101084
428,1,Ad,67
428,1,Aw,101164
428,1,X,101169
428,1,Y,101169
429,1,Ad,88
429,1,Aw,101020
429,1,X,101023
429,1,Y,101023
430,1,Ad,99
430,1,Aw,101054
430,1,X,101057
430,1,Y,101057
431,1,Ad,130
431,1,Aw,100791
431,1,X,100794
431,1,Y,100794
432,1,Ad,176
432,1,Aw,100848
432,1,X,100850
432,1,Y,100850
433,1,Ad,210
433,1,Aw,100783
433,1,X,100785
433,1,Y,100785
434,1,Ad,223
434,1,Aw,100998
434,1,X,101000
434,1,Y,101000
435,1,Ad,267
435,1,Aw,101324
435,1,X,101326
435,1,Y,101326
436,1,Ad,284
436,1,Aw,101364
436,1,X,101366
436,1,Y,101366
437,1,Ad,288
437,1,Aw,101405
437,1,X,101406
437,1,Y,101406
438,1,Ad,277
438,1,Aw,101362
438,1,X,101363
438,1,Y,101363
439,1,Ad,285
439,1,Aw,101048
439,1,X,101049
439,1,Y,101049
440,1,Ad,269
440,1,Aw,101030
440,1,X,101031
440,1,Y,101031
441,1,Ad,291
441,1,Aw,101034
441,1,X,101034
441,1,Y,101034
442,1,Ad,302
442,1,Aw,101166
442,1,X,101166
442,1,Y,101166
443,1,Ad,270
443,1,Aw,101273
443,1,X,101273
443,1,Y,101273
444,1,Ad,255
444,1,Aw,101294
444,1,X,101294
444,1,Y,101294
445,1,Ad,229
445,1,Aw,101170
445,1,X,101170
445,1,Y,101170
446,1,Ad,215
446,1,Aw,100978
446,1,X,100978
446,1,Y,100978
447,1,Ad,196
447,1,Aw,101172
447,1,X,101172
447,1,Y,101172
448,1,Ad,174
448,1,Aw,100973
448,1,X,100973
448,1,Y,100973
449,1,Ad,166
449,1,Aw,100940
449,1,X,100940
449,1,Y,100940
450,1,Ad,166
450,1,Aw,100800
450,1,X,100800
450,1,Y,100800
451,1,Ad,151
451,1,Aw,100740
451,1,X,100740
451,1,Y,100740
452,1,Ad,143
452,1,Aw,100828
452,1,X,100828
452,1,Y,100828
453,1,Ad,128
453,1,Aw,100718
453,1,X,100718
453,1,Y,100718
454,1,Ad,131
454,1,Aw,100793
454,1,X,100793
454,1,Y,100793
455,1,Ad,118
455,1,Aw,100707
455,1,X,100707
455,1,Y,100707
456,1,Ad,125
456,1,Aw,100817
456,1,X,100817
456,1,Y,100817
457,1,Ad,131
457,1,Aw,100772
457,1,X,100772
457,1,Y,100772
458,1,Ad,134
458,1,Aw,100437
458,1,X,100437
458,1,Y,100437
459,1,Ad,162
459,1,Aw,100656
459,1,X,100656
459,1,Y,100656
460,1,Ad,177
460,1,Aw,100845
460,1,X,100845
460,1,Y,100845
461,1,Ad,196
461,1,Aw,101006
461,1,X,101006
461,1,Y,101006
462,1,Ad,229
462,1,Aw,100766
462,1,X,100766
462,1,Y,100766
463,1,Ad,260
463,1,Aw,100658
463,1,X,100658
463,1,Y,100658
464,1,Ad,248
464,1,Aw,100512
464,1,X,100512
464,1,Y,100512
465,1,Ad,288
465,1,Aw,100469
465,1,X,100469
465,1,Y,100469
466,1,Ad,297
466,1,Aw,100582
466,1,X,100582
466,1,Y,100582
467,1,Ad,345
467,1,Aw,100667
467,1,X,100667
467,1,Y,100667
468,1,Ad,328
468,1,Aw,100872
468,1,X,100872
468,1,Y,100872
469,1,Ad,345
469,1,Aw,100730
469,1,X,100730
469,1,Y,100730
470,1,Ad,374
470,1,Aw,100688
470,1,X,100688
470,1,Y,100688
471,1,Ad,376
471,1,Aw,100748
471,1,X,100748
471,1,Y,100748
472,1,Ad,403
472,1,Aw,100808
472,1,X,100808
472,1,Y,100808
473,1,Ad,386
473,1,Aw,100978
473,1,X,100978
473,1,Y,100978
474,1,Ad,385
474,1,Aw,100938
474,1,X,100938
474,1,Y,100938
475,1,Ad,379
475,1,Aw,101090
475,1,X,101090
475,1,Y,101090
476,1,Ad,354
476,1,Aw,100993
476,1,X,100993
476,1,Y,100993
477,1,Ad,350
477,1,Aw,101177
477,1,X,101177
477,1,Y,101177
478,1,Ad,321
478,1,Aw,101350
478,1,X,101350
478,1,Y,101350
479,1,Ad,312
479,1,Aw,101279
479,1,X,101279
479,1,Y,101279
480,1,Ad,301
480,1,Aw,100855
480,1,X,100855
480,1,Y,100855
481,1,Ad,280
481,1,Aw,100678
481,1,X,100678
481,1,Y,100678
482,1,Ad,268
482,1,Aw,100510
482,1,X,100510
482,1,Y,100510
483,1,Ad,254
483,1,Aw,100578
483,1,X,100578
483,1,Y,100578
484,1,Ad,222
484,1,Aw,100682
484,1,X,100682
484,1,Y,100682
485,1,Ad,213
485,1,Aw,100600
485,1,X,100600
485,1,Y,100600
486,1,Ad,234
486,1,Aw,100548
486,1,X,100548
486,1,Y,100548
487,1,Ad,255
487,1,Aw,100532
487,1,X,100532
487,1,Y,100532
488,1,Ad,240
488,1,Aw,100288
488,1,X,100288
488,1,Y,100288
489,1,Ad,332
489,1,Aw,100120
489,1,X,100120
489,1,Y,100120
490,1,Ad,338
490,1,Aw,100317
490,1,X,100317
490,1,Y,100317
491,1,Ad,346
491,1,Aw,100287
491,1,X,100287
491,1,Y,100287
492,1,Ad,379
492,1,Aw,100290
492,1,X,100290
492,1,Y,100290
493,1,Ad,390
493,1,Aw,100152
493,1,X,100152
493,1,Y,100152
494,1,Ad,423
494,1,Aw,100261
494,1,X,100261
494,1,Y,100261
495,1,Ad,483
495,1,Aw,100498
495,1,X,100498
495,1,Y,100498
496,1,Ad,517
496,1,Aw,100329
496,1,X,100329
496,1,Y,100329
497,1,Ad,513
497,1,Aw,100725
497,1,X,100725
497,1,Y,100725
498,1,Ad,514
498,1,Aw,100709
498,1,X,100709
498,1,Y,100709
499,1,Ad,543
499,1,Aw,100757
499,1,X,100757
499,1,Y,100757
500,1,Ad,563
500,1,Aw,100925
500,1,X,100925
500,1,Y,100925
501,1,Ad,610
501,1,Aw,101021
501,1,X,101021
501,1,Y,101021
502,1,Ad,570
502,1,Aw,101073
502,1,X,101073
502,1,Y,101073
503,1,Ad,564
503,1,Aw,101162
503,1,X,101162
503,1,Y,101162
504,1,Ad,546
504,1,Aw,101117
504,1,X,101117
504,1,Y,101117
505,1,Ad,524
505,1,Aw,100889
505,1,X,100889
505,1,Y,100889
506,1,Ad,559
506,1,Aw,100822
506,1,X,100822
506,1,Y,100822
507,1,Ad,549
507,1,Aw,100871
507,1,X,100871
507,1,Y,100871
508,1,Ad,507
508,1,Aw,101022
508,1,X,101022
508,1,Y,101022
509,1,Ad,510
509,1,Aw,101117
509,1,X,101117
509,1,Y,101117
510,1,Ad,512
510,1,Aw,100781
510,1,X,100781
510,1,Y,100781
511,1,Ad,509
511,1,Aw,100739
511,1,X,100739
511,1,Y,100739
512,1,Ad,484
512,1,Aw,101001
512,1,X,101001
512,1,Y,101001
513,1,Ad,501
513,1,Aw,101074
513,1,X,101074
513,1,Y,101074
514,1,Ad,503
514,1,Aw,101245
514,1,X,101245
514,1,Y,101245
515,1,Ad,520
515,1,Aw,101443
515,1,X,101443
515,1,Y,101443
516,1,Ad,492
516,1,Aw,101370
516,1,X,101370
516,1,Y,101370
517,1,Ad,459
517,1,Aw,101445
517,1,X,101445
517,1,Y,101445
518,1,Ad,450
518,1,Aw,101336
518,1,X,101336
518,1,Y,101336
519,1,Ad,451
519,1,Aw,101309
519,1,X,101309
519,1,Y,101309
520,1,Ad,490
520,1,Aw,101049
520,1,X,101049
520,1,Y,101049
521,1,Ad,528
521,1,Aw,101016
521,1,X,101016
521,1,Y,101016
522,1,Ad,569
522,1,Aw,100890
522,1,X,100890
522,1,Y,100890
523,1,Ad,581
523,1,Aw,100592
523,1,X,100592
523,1,Y,100592
524,1,Ad,607
524,1,Aw,100573
524,1,X,100573
524,1,Y,100573
525,1,Ad,642
525,1,Aw,100599
525,1,X,100599
525,1,Y,100599
526,1,Ad,667
526,1,Aw,100779
526,1,X,100779
526,1,Y,100779
527,1,Ad,730
527,1,Aw,100790
527,1,X,100790
527,1,Y,100790
528,1,Ad,737
528,1,Aw,100793
528,1,X,100793
528,1,Y,100793
529,1,Ad,749
529,1,Aw,100857
529,1,X,100857
529,1,Y,100857
530,1,Ad,804
530,1,Aw,100765
530,1,X,100765
530,1,Y,100765
531,1,Ad,782
531,1,Aw,100853
531,1,X,100853
531,1,Y,100853
532,1,Ad,768
532,1,Aw,100832
532,1,X,100832
532,1,Y,100832
533,1,Ad,791
533,1,Aw,101062
533,1,X,101062
533,1,Y,101062
534,1,Ad,815
534,1,Aw,101131
534,1,X,101134
534,1,Y,101134
535,1,Ad,789
535,1,Aw,101257
535,1,X,101259
535,1,Y,101259
536,1,Ad,844
536,1,Aw,101297
536,1,X,101299
536,1,Y,101299
537,1,Ad,867
537,1,Aw,101384
537,1,X,101386
537,1,Y,101386
538,1,Ad,830
538,1,Aw,101505
538,1,X,101507
538,1,Y,101507
539,1,Ad,826
539,1,Aw,101423
539,1,X,101425
539,1,Y,101425
540,1,Ad,807
540,1,Aw,101129
540,1,X,101131
540,1,Y,101131
541,1,Ad,819
541,1,Aw,101013
541,1,X,101015
541,1,Y,101015
542,1,Ad,831
542,1,Aw,101173
542,1,X,101175
542,1,Y,101175
543,1,Ad,845
543,1,Aw,101309
543,1,X,101311
543,1,Y,101311
544,1,Ad,880
544,1,Aw,101262
544,1,X,101264
544,1,Y,101264
545,1,Ad,881
545,1,Aw,101035
545,1,X,101037
545,1,Y,101037
546,1,Ad,938
546,1,Aw,100613
546,1,X,100615
546,1,Y,100615
547,1,Ad,919
547,1,Aw,100601
547,1,X,100603
547,1,Y,100603
548,1,Ad,878
548,1,Aw,100491
548,1,X,100493
548,1,Y,100493
549,1,Ad,876
549,1,Aw,100203
549,1,X,100204
549,1,Y,100204
550,1,Ad,871
550,1,Aw,100450
550,1,X,100451
550,1,Y,100451
551,1,Ad,898
551,1,Aw,100384
551,1,X,100385
551,1,Y,100385
552,1,Ad,934
552,1,Aw,100163
552,1,X,100164
552,1,Y,100164
553,1,Ad,980
553,1,Aw,100214
553,1,X,100215
553,1,Y,100215
554,1,Ad,984
554,1,Aw,100227
554,1,X,100228
554,1,Y,100228
555,1,Ad,983
555,1,Aw,100228
555,1,X,100229
555,1,Y,100229
556,1,Ad,1012
556,1,Aw,100245
556,1,X,100246
556,1,Y,100246
557,1,Ad,1055
557,1,Aw,100433
557,1,X,100434
557,1,Y,100434
558,1,Ad,1070
558,1,Aw,100452
558,1,X,100452
558,1,Y,100452
559,1,Ad,1120
559,1,Aw,100653
559,1,X,100662
559,1,Y,100662
560,1,Ad,1151
560,1,Aw,100635
560,1,X,100644
560,1,Y,100644
561,1,Ad,1183
561,1,Aw,100818
561,1,X,100825
561,1,Y,100825
562,1,Ad,1199
562,1,Aw,100688
562,1,X,100694
562,1,Y,100694
563,1,Ad,1279
563,1,Aw,100689
563,1,X,100700
563,1,Y,100700
564,1,Ad,1347
564,1,Aw,100916
564,1,X,100940
564,1,Y,100940
565,1,Ad,1403
565,1,Aw,100789
565,1,X,100806
565,1,Y,100806
566,1,Ad,1436
566,1,Aw,100747
566,1,X,100762
566,1,Y,100762
567,1,Ad,1416
567,1,Aw,100576
567,1,X,100591
567,1,Y,100591
568,1,Ad,1392
568,1,Aw,100519
568,1,X,100531
568,1,Y,100531
569,1,Ad,1411
569,1,Aw,100390
569,1,X,100401
569,1,Y,100401
570,1,Ad,1367
570,1,Aw,100380
570,1,X,100390
570,1,Y,100390
571,1,Ad,1364
571,1,Aw,100025
571,1,X,100034
571,1,Y,100034
572,1,Ad,1447
572,1,Aw,100156
572,1,X,100163
572,1,Y,100163
573,1,Ad,1468
573,1,Aw,100285
573,1,X,100292
573,1,Y,100292
574,1,Ad,1464
574,1,Aw,100637
574,1,X,100644
574,1,Y,100644
575,1,Ad,1482
575,1,Aw,100650
575,1,X,100656
575,1,Y,100656
576,1,Ad,1461
576,1,Aw,100738
576,1,X,100743
576,1,Y,100743
577,1,Ad,1461
577,1,Aw,100802
577,1,X,100806
577,1,Y,100806
578,1,Ad,1505
578,1,Aw,101018
578,1,X,101023
578,1,Y,101023
579,1,Ad,1509
579,1,Aw,100954
579,1,X,100958
579,1,Y,100958
580,1,Ad,1517
580,1,Aw,100712
580,1,X,100715
580,1,Y,100715
581,1,Ad,1510
581,1,Aw,100659
581,1,X,100662
581,1,Y,100662
582,1,Ad,1549
582,1,Aw,100775
582,1,X,100778
582,1,Y,100778
583,1,Ad,1581
583,1,Aw,100870
583,1,X,100873
583,1,Y,100873
584,1,Ad,1623
584,1,Aw,100979
584,1,X,100981
584,1,Y,100981
585,1,Ad,1677
585,1,Aw,101289
585,1,X,101291
585,1,Y,101291
586,1,Ad,1667
586,1,Aw,101001
586,1,X,101003
586,1,Y,101003
587,1,Ad,1668
587,1,Aw,100691
587,1,X,100693
587,1,Y,100693
588,1,Ad,1681
588,1,Aw,100772
588,1,X,100776
588,1,Y,100776
589,1,Ad,1704
589,1,Aw,100885
589,1,X,100889
589,1,Y,100889
590,1,Ad,1686
590,1,Aw,100795
590,1,X,100798
590,1,Y,100798
591,1,Ad,1767
591,1,Aw,100732
591,1,X,100736
591,1,Y,100736
592,1,Ad,1881
592,1,Aw,100849
592,1,X,100858
592,1,Y,100858
593,1,Ad,1871
593,1,Aw,100715
593,1,X,100724
593,1,Y,100724
594,1,Ad,1918
594,1,Aw,100794
594,1,X,100802
594,1,Y,100802
595,1,Ad,1975
595,1,Aw,100721
595,1,X,100727
595,1,Y,100727
596,1,Ad,2078
596,1,Aw,100858
596,1,X,100869
596,1,Y,100869
597,1,Ad,2138
597,1,Aw,100825
597,1,X,100836
597,1,Y,100836
598,1,Ad,2100
598,1,Aw,100689
598,1,X,100700
598,1,Y,100700
599,1,Ad,2126
599,1,Aw,100731
599,1,X,100741
599,1,Y,100741
600,1,Ad,2258
600,1,Aw,100974
600,1,X,100990
600,1,Y,100990
601,1,Ad,2297
601,1,Aw,101255
601,1,X,101270
601,1,Y,101270
602,1,Ad,2330
602,1,Aw,101334
602,1,X,101351
602,1,Y,101351
603,1,Ad,2368
603,1,Aw,101515
603,1,X,101530
603,1,Y,101530
604,1,Ad,2361
604,1,Aw,101303
604,1,X,101322
604,1,Y,101322
605,1,Ad,2344
605,1,Aw,101492
605,1,X,101510
605,1,Y,101510
606,1,Ad,2373
606,1,Aw,101436
606,1,X,101453
606,1,Y,101453
607,1,Ad,2375
607,1,Aw,101323
607,1,X,101338
607,1,Y,101338
608,1,Ad,2439
608,1,Aw,101138
608,1,X,101155
608,1,Y,101155
609,1,Ad,2518
609,1,Aw,101295
609,1,X,101313
609,1,Y,101313
610,1,Ad,2515
610,1,Aw,101290
610,1,X,101305
610,1,Y,101305
611,1,Ad,2506
611,1,Aw,101258
611,1,X,101280
611,1,Y,101280
612,1,Ad,2605
612,1,Aw,101511
612,1,X,101531
612,1,Y,101531
613,1,Ad,2670
613,1,Aw,101642
613,1,X,101660
613,1,Y,101660
614,1,Ad,2770
614,1,Aw,101563
614,1,X,101584
614,1,Y,101584
615,1,Ad,2711
615,1,Aw,101392
615,1,X,101415
615,1,Y,101415
616,1,Ad,2762
616,1,Aw,101341
616,1,X,101363
616,1,Y,101363
617,1,Ad,2771
617,1,Aw,101415
617,1,X,101431
617,1,Y,101431
618,1,Ad,2691
618,1,Aw,101186
618,1,X,101201
618,1,Y,101201
619,1,Ad,2727
619,1,Aw,100879
619,1,X,100898
619,1,Y,100898
620,1,Ad,2739
620,1,Aw,101027
620,1,X,101041
620,1,Y,101041
621,1,Ad,2800
621,1,Aw,101111
621,1,X,101125
621,1,Y,101125
622,1,Ad,2844
622,1,Aw,101152
622,1,X,101166
622,1,Y,101166
623,1,Ad,2931
623,1,Aw,101267
623,1,X,101290
623,1,Y,101290
624,1,Ad,2952
624,1,Aw,101390
624,1,X,101412
624,1,Y,101412
625,1,Ad,2930
625,1,Aw,101410
625,1,X,101432
625,1,Y,101432
626,1,Ad,3013
626,1,Aw,101491
626,1,X,101510
626,1,Y,101510
627,1,Ad,3094
627,1,Aw,101390
627,1,X,101411
627,1,Y,101411
628,1,Ad,3180
628,1,Aw,101310
628,1,X,101329
628,1,Y,101329
629,1,Ad,3373
629,1,Aw,101340
629,1,X,101358
629,1,Y,101358
630,1,Ad,3466
630,1,Aw,101357
630,1,X,101379
630,1,Y,101379
631,1,Ad,3552
631,1,Aw,101417
631,1,X,101440
631,1,Y,101440
632,1,Ad,3552
632,1,Aw,101259
632,1,X,101283
632,1,Y,101283
633,1,Ad,3667
633,1,Aw,101381
633,1,X,101404
633,1,Y,101404
634,1,Ad,3662
634,1,Aw,101381
634,1,X,101408
634,1,Y,101408
635,1,Ad,3698
635,1,Aw,101406
635,1,X,101436
635,1,Y,101436
636,1,Ad,3903
636,1,Aw,101308
636,1,X,101342
636,1,Y,101342
637,1,Ad,4003
637,1,Aw,101347
637,1,X,101374
637,1,Y,101374
638,1,Ad,4049
638,1,Aw,101505
638,1,X,101530
638,1,Y,101530
639,1,Ad,4110
639,1,Aw,101616
639,1,X,101643
639,1,Y,101643
640,1,Ad,4085
640,1,Aw,101120
640,1,X,101160
640,1,Y,101160
641,1,Ad,4162
641,1,Aw,101089
641,1,X,101123
641,1,Y,101123
642,1,Ad,4271
642,1,Aw,101397
642,1,X,101443
642,1,Y,101443
643,1,Ad,4249
643,1,Aw,101291
643,1,X,101334
643,1,Y,101334
644,1,Ad,4296
644,1,Aw,101231
644,1,X,101272
644,1,Y,101272
645,1,Ad,4294
645,1,Aw,101394
645,1,X,101432
645,1,Y,101432
646,1,Ad,4410
646,1,Aw,101152
646,1,X,101196
646,1,Y,101196
647,1,Ad,4476
647,1,Aw,101364
647,1,X,101414
647,1,Y,101414
648,1,Ad,4443
648,1,Aw,100868
648,1,X,100909
648,1,Y,100909
649,1,Ad,4537
649,1,Aw,100881
649,1,X,100924
649,1,Y,100924
650,1,Ad,4555
650,1,Aw,100753
650,1,X,100798
650,1,Y,100798
651,1,Ad,4731
651,1,Aw,100811
651,1,X,100865
651,1,Y,100865
652,1,Ad,4750
652,1,Aw,100648
652,1,X,100705
652,1,Y,100705
653,1,Ad,4741
653,1,Aw,100553
653,1,X,100604
653,1,Y,100604
654,1,Ad,4838
654,1,Aw,100522
654,1,X,100574
654,1,Y,100574
655,1,Ad,4836
655,1,Aw,100638
655,1,X,100687
655,1,Y,100687
656,1,Ad,5001
656,1,Aw,100535
656,1,X,100591
656,1,Y,100591
657,1,Ad,5077
657,1,Aw,100646
657,1,X,100698
657,1,Y,100698
658,1,Ad,5225
658,1,Aw,100534
658,1,X,100596
658,1,Y,100596
659,1,Ad,5359
659,1,Aw,100754
659,1,X,100812
659,1,Y,100812
660,1,Ad,5333
660,1,Aw,100755
660,1,X,100821
660,1,Y,100821
661,1,Ad,5420
661,1,Aw,100358
661,1,X,100438
661,1,Y,100438
662,1,Ad,5482
662,1,Aw,100510
662,1,X,100596
662,1,Y,100596
663,1,Ad,5550
663,1,Aw,100422
663,1,X,100502
663,1,Y,100502
664,1,Ad,5730
664,1,Aw,100468
664,1,X,100551
664,1,Y,100551
665,1,Ad,5832
665,1,Aw,100684
665,1,X,100770
665,1,Y,100770
666,1,Ad,5870
666,1,Aw,100628
666,1,X,100720
666,1,Y,100720
667,1,Ad,5950
667,1,Aw,100635
667,1,X,100730
667,1,Y,100730
668,1,Ad,6031
668,1,Aw,100727
668,1,X,100821
668,1,Y,100821
669,1,Ad,6022
669,1,Aw,100729
669,1,X,100809
669,1,Y,100809
670,1,Ad,6195
670,1,Aw,100913
670,1,X,100996
670,1,Y,100996
671,1,Ad,6197
671,1,Aw,100738
671,1,X,100821
671,1,Y,100821
672,1,Ad,6353
672,1,Aw,100751
672,1,X,100838
672,1,Y,100838
673,1,Ad,6555
673,1,Aw,100668
673,1,X,100778
673,1,Y,100778
674,1,Ad,6668
674,1,Aw,100784
674,1,X,100896
674,1,Y,100896
675,1,Ad,6765
675,1,Aw,100914
675,1,X,101016
675,1,Y,101016
676,1,Ad,6867
676,1,Aw,100882
676,1,X,100990
676,1,Y,100990
677,1,Ad,7069
677,1,Aw,100760
677,1,X,100868
677,1,Y,100868
678,1,Ad,7053
678,1,Aw,100672
678,1,X,100782
678,1,Y,100782
679,1,Ad,7169
679,1,Aw,100881
679,1,X,100986
679,1,Y,100986
680,1,Ad,7369
680,1,Aw,100915
680,1,X,101016
680,1,Y,101016
681,1,Ad,7343
681,1,Aw,100925
681,1,X,101020
681,1,Y,101020
682,1,Ad,7421
682,1,Aw,100918
682,1,X,101011
682,1,Y,101011
683,1,Ad,7532
683,1,Aw,100882
683,1,X,100993
683,1,Y,100993
684,1,Ad,7574
684,1,Aw,100800
684,1,X,100926
684,1,Y,100926
685,1,Ad,7770
685,1,Aw,100774
685,1,X,100891
685,1,Y,100891
686,1,Ad,7789
686,1,Aw,100885
686,1,X,100999
686,1,Y,100999
687,1,Ad,7908
687,1,Aw,100736
687,1,X,100857
687,1,Y,100857
688,1,Ad,7996
688,1,Aw,100583
688,1,X,100709
688,1,Y,100709
689,1,Ad,8193
689,1,Aw,100351
689,1,X,100466
689,1,Y,100466
690,1,Ad,8364
690,1,Aw,100407
690,1,X,100537
690,1,Y,100537
691,1,Ad,8540
691,1,Aw,100550
691,1,X,100688
691,1,Y,100688
692,1,Ad,8674
692,1,Aw,100649
692,1,X,100810
692,1,Y,100810
693,1,Ad,8777
693,1,Aw,100798
693,1,X,100972
693,1,Y,100972
694,1,Ad,8840
694,1,Aw,100775
694,1,X,100956
694,1,Y,100956
695,1,Ad,8977
695,1,Aw,100818
695,1,X,101018
695,1,Y,101018
696,1,Ad,9086
696,1,Aw,100999
696,1,X,101190
696,1,Y,101190
697,1,Ad,9194
697,1,Aw,100827
697,1,X,101020
697,1,Y,101020
698,1,Ad,9237
698,1,Aw,100448
698,1,X,100653
698,1,Y,100653
699,1,Ad,9492
699,1,Aw,100465
699,1,X,100700
699,1,Y,100700
700,1,Ad,9657
700,1,Aw,100649
700,1,X,100866
700,1,Y,100866
701,1,Ad,9889
701,1,Aw,100639
701,1,X,100856
701,1,Y,100856
702,1,Ad,9996
702,1,Aw,100504
702,1,X,100726
702,1,Y,100726
703,1,Ad,10071
703,1,Aw,100502
703,1,X,100712
703,1,Y,100712
704,1,Ad,10084
704,1,Aw,100528
704,1,X,100745
704,1,Y,100745
705,1,Ad,10225
705,1,Aw,100432
705,1,X,100664
705,1,Y,100664
706,1,Ad,10378
706,1,Aw,100627
706,1,X,100866
706,1,Y,100866
707,1,Ad,10439
707,1,Aw,100561
707,1,X,100796
707,1,Y,100796
708,1,Ad,10561
708,1,Aw,100421
708,1,X,100658
708,1,Y,100658
709,1,Ad,10743
709,1,Aw,100436
709,1,X,100677
709,1,Y,100677
710,1,Ad,10992
710,1,Aw,100746
710,1,X,101034
710,1,Y,101034
711,1,Ad,11223
711,1,Aw,100771
711,1,X,101067
711,1,Y,101067
712,1,Ad,11424
712,1,Aw,100641
712,1,X,100946
712,1,Y,100946
713,1,Ad,11582
713,1,Aw,100765
713,1,X,101082
713,1,Y,101082
714,1,Ad,11791
714,1,Aw,100595
714,1,X,100957
714,1,Y,100957
715,1,Ad,11983
715,1,Aw,100507
715,1,X,100887
715,1,Y,100887
716,1,Ad,12042
716,1,Aw,100656
716,1,X,101065
716,1,Y,101065
717,1,Ad,12179
717,1,Aw,100422
717,1,X,100831
717,1,Y,100831
718,1,Ad,12310
718,1,Aw,100407
718,1,X,100823
718,1,Y,100823
719,1,Ad,12496
719,1,Aw,100421
719,1,X,100839
719,1,Y,100839
720,1,Ad,12851
720,1,Aw,100504
720,1,X,100933
720,1,Y,100933
721,1,Ad,13114
721,1,Aw,100717
721,1,X,101141
721,1,Y,101141
722,1,Ad,13338
722,1,Aw,100637
722,1,X,101081
722,1,Y,101081
723,1,Ad,13481
723,1,Aw,100651
723,1,X,101134
723,1,Y,101134
724,1,Ad,13719
724,1,Aw,100699
724,1,X,101175
724,1,Y,101175
725,1,Ad,13988
725,1,Aw,100518
725,1,X,101031
725,1,Y,101031
726,1,Ad,14276
726,1,Aw,100592
726,1,X,101139
726,1,Y,101139
727,1,Ad,14557
727,1,Aw,100825
727,1,X,101374
727,1,Y,101374
728,1,Ad,14695
728,1,Aw,100755
728,1,X,101309
728,1,Y,101309
729,1,Ad,14935
729,1,Aw,100708
729,1,X,101290
729,1,Y,101290
730,1,Ad,15223
730,1,Aw,100568
730,1,X,101205
730,1,Y,101205
731,1,Ad,15415
731,1,Aw,100519
731,1,X,101157
731,1,Y,101157
732,1,Ad,15544
732,1,Aw,100448
732,1,X,101079
732,1,Y,101079
733,1,Ad,15669
733,1,Aw,100370
733,1,X,101022
733,1,Y,101022
734,1,Ad,15776
734,1,Aw,99987
734,1,X,100684
734,1,Y,100684
735,1,Ad,16008
735,1,Aw,99931
735,1,X,100652
735,1,Y,100652
736,1,Ad,16233
736,1,Aw,99946
736,1,X,100658
736,1,Y,100658
737,1,Ad,16388
737,1,Aw,99941
737,1,X,100669
737,1,Y,100669
738,1,Ad,16475
738,1,Aw,99873
738,1,X,100617
738,1,Y,100617
739,1,Ad,16574
739,1,Aw,99647
739,1,X,100396
739,1,Y,100396
740,1,Ad,16918
740,1,Aw,99631
740,1,X,100398
740,1,Y,100398
741,1,Ad,17216
741,1,Aw,99803
741,1,X,100573
741,1,Y,100573
742,1,Ad,17549
742,1,Aw,99778
742,1,X,100542
742,1,Y,100542
743,1,Ad,17837
743,1,Aw,99822
743,1,X,100617
743,1,Y,100617
744,1,Ad,17950
744,1,Aw,99773
744,1,X,100602
744,1,Y,100602
745,1,Ad,18381
745,1,Aw,99952
745,1,X,100842
745,1,Y,100842
746,1,Ad,18574
746,1,Aw,100006
746,1,X,100889
746,1,Y,100889
747,1,Ad,18958
747,1,Aw,100275
747,1,X,101172
747,1,Y,101172
748,1,Ad,19087
748,1,Aw,100282
748,1,X,101181
748,1,Y,101181
749,1,Ad,19323
749,1,Aw,100320
749,1,X,101237
749,1,Y,101237
750,1,Ad,19549
750,1,Aw,100273
750,1,X,101235
750,1,Y,101235
751,1,Ad,19740
751,1,Aw,99725
751,1,X,100735
751,1,Y,100735
752,1,Ad,19992
752,1,Aw,99900
752,1,X,100989
752,1,Y,100989
753,1,Ad,20304
753,1,Aw,99610
753,1,X,100721
753,1,Y,100721
754,1,Ad,20773
754,1,Aw,99731
754,1,X,100870
754,1,Y,100870
755,1,Ad,20998
755,1,Aw,99482
755,1,X,100662
755,1,Y,100662
756,1,Ad,21481
756,1,Aw,99395
756,1,X,100682
756,1,Y,100682
757,1,Ad,21854
757,1,Aw,99382
757,1,X,100787
757,1,Y,100787
758,1,Ad,22196
758,1,Aw,99248
758,1,X,100691
758,1,Y,100691
759,1,Ad,22477
759,1,Aw,98957
759,1,X,100442
759,1,Y,100442
760,1,Ad,22664
760,1,Aw,99014
760,1,X,100539
760,1,Y,100539
761,1,Ad,23193
761,1,Aw,98947
761,1,X,100512
761,1,Y,100512
762,1,Ad,23575
762,1,Aw,99332
762,1,X,100954
762,1,Y,100954
763,1,Ad,23818
763,1,Aw,99465
763,1,X,101132
763,1,Y,101132
764,1,Ad,24175
764,1,Aw,99326
764,1,X,101051
764,1,Y,101051
765,1,Ad,24325
765,1,Aw,99224
765,1,X,100988
765,1,Y,100988
766,1,Ad,24813
766,1,Aw,99470
766,1,X,101283
766,1,Y,101283
767,1,Ad,25000
767,1,Aw,99173
767,1,X,101078
767,1,Y,101078
768,1,Ad,25377
768,1,Aw,99090
768,1,X,101047
768,1,Y,101047
769,1,Ad,25656
769,1,Aw,99047
769,1,X,101026
769,1,Y,101026
770,1,Ad,25894
770,1,Aw,99159
770,1,X,101153
770,1,Y,101153
771,1,Ad,26005
771,1,Aw,98856
771,1,X,100873
771,1,Y,100873
772,1,Ad,26332
772,1,Aw,99088
772,1,X,101064
772,1,Y,101064
773,1,Ad,26681
773,1,Aw,98945
773,1,X,101015
773,1,Y,101015
774,1,Ad,26963
774,1,Aw,99163
774,1,X,101286
774,1,Y,101286
775,1,Ad,27315
775,1,Aw,99272
775,1,X,101454
775,1,Y,101454
776,1,Ad,27554
776,1,Aw,99295
776,1,X,101516
776,1,Y,101516
777,1,Ad,27967
777,1,Aw,99234
777,1,X,101592
777,1,Y,101592
778,1,Ad,28293
778,1,Aw,98896
778,1,X,101320
778,1,Y,101320
779,1,Ad,28556
779,1,Aw,98748
779,1,X,101243
779,1,Y,101243
780,1,Ad,29148
780,1,Aw,98853
780,1,X,101434
780,1,Y,101434
781,1,Ad,29519
781,1,Aw,98918
781,1,X,101574
781,1,Y,101574
782,1,Ad,29973
782,1,Aw,98686
782,1,X,101424
782,1,Y,101424
783,1,Ad,30335
783,1,Aw,98609
783,1,X,101322
783,1,Y,101322
784,1,Ad,30573
784,1,Aw,98501
784,1,X,101290
784,1,Y,101290
785,1,Ad,30917
785,1,Aw,98465
785,1,X,101303
785,1,Y,101303
786,1,Ad,31493
786,1,Aw,98467
786,1,X,101410
786,1,Y,101410
787,1,Ad,31869
787,1,Aw,98239
787,1,X,101159
787,1,Y,101159
788,1,Ad,32332
788,1,Aw,97977
788,1,X,100967
788,1,Y,100967
789,1,Ad,32599
789,1,Aw,97705
789,1,X,100775
789,1,Y,100775
790,1,Ad,33250
790,1,Aw,97758
790,1,X,101054
790,1,Y,101054
791,1,Ad,33785
791,1,Aw,97697
791,1,X,101098
791,1,Y,101098
792,1,Ad,34089
792,1,Aw,97617
792,1,X,101100
792,1,Y,101100
793,1,Ad,34627
793,1,Aw,97437
793,1,X,101045
793,1,Y,101045
794,1,Ad,34975
794,1,Aw,97059
794,1,X,100804
794,1,Y,100804
795,1,Ad,35613
795,1,Aw,97164
795,1,X,100988
795,1,Y,100988
796,1,Ad,36187
796,1,Aw,96948
796,1,X,100932
796,1,Y,100932
797,1,Ad,36534
797,1,Aw,96766
797,1,X,100917
797,1,Y,100917
798,1,Ad,36971
798,1,Aw,96826
798,1,X,100989
798,1,Y,100989
799,1,Ad,37278
799,1,Aw,96661
799,1,X,101010
799,1,Y,101010
800,1,Ad,37694
800,1,Aw,96763
800,1,X,101236
800,1,Y,101236
801,1,Ad,38095
801,1,Aw,96744
801,1,X,101324
801,1,Y,101324
802,1,Ad,38462
802,1,Aw,96411
802,1,X,101088
802,1,Y,101088
803,1,Ad,38710
803,1,Aw,96010
803,1,X,100807
803,1,Y,100807
804,1,Ad,39232
804,1,Aw,96007
804,1,X,100901
804,1,Y,100901
805,1,Ad,39626
805,1,Aw,95609
805,1,X,100609
805,1,Y,100609
806,1,Ad,40040
806,1,Aw,95561
806,1,X,100741
806,1,Y,100741
807,1,Ad,40614
807,1,Aw,95534
807,1,X,100931
807,1,Y,100931
808,1,Ad,41080
808,1,Aw,95518
808,1,X,101049
808,1,Y,101049
809,1,Ad,41555
809,1,Aw,95445
809,1,X,101034
809,1,Y,101034
810,1,Ad,42124
810,1,Aw,95093
810,1,X,100910
810,1,Y,100910
811,1,Ad,42667
811,1,Aw,94991
811,1,X,100974
811,1,Y,100974
812,1,Ad,43241
812,1,Aw,94877
812,1,X,100931
812,1,Y,100931
813,1,Ad,43816
813,1,Aw,94937
813,1,X,101033
813,1,Y,101033
814,1,Ad,44400
814,1,Aw,94851
814,1,X,101105
814,1,Y,101105
815,1,Ad,45079
815,1,Aw,94987
815,1,X,101555
815,1,Y,101555
816,1,Ad,45635
816,1,Aw,94732
816,1,X,101534
816,1,Y,101534
817,1,Ad,46176
817,1,Aw,94475
817,1,X,101498
817,1,Y,101498
818,1,Ad,46756
818,1,Aw,94559
818,1,X,101696
818,1,Y,101696
819,1,Ad,46923
819,1,Aw,94431
819,1,X,101661
819,1,Y,101661
820,1,Ad,47376
820,1,Aw,93910
820,1,X,101407
820,1,Y,101407
821,1,Ad,47796
821,1,Aw,93340
821,1,X,101118
821,1,Y,101118
822,1,Ad,48052
822,1,Aw,93157
822,1,X,100868
822,1,Y,100868
823,1,Ad,48657
823,1,Aw,93000
823,1,X,100891
823,1,Y,100891
824,1,Ad,49337
824,1,Aw,92931
824,1,X,101135
824,1,Y,101135
825,1,Ad,50131
825,1,Aw,92837
825,1,X,101245
825,1,Y,101245
826,1,Ad,50655
826,1,Aw,92725
826,1,X,101346
826,1,Y,101346
827,1,Ad,51102
827,1,Aw,92240
827,1,X,101041
827,1,Y,101041
828,1,Ad,51443
828,1,Aw,92083
828,1,X,101038
828,1,Y,101038
829,1,Ad,51915
829,1,Aw,91516
829,1,X,100777
829,1,Y,100777
830,1,Ad,52224
830,1,Aw,91247
830,1,X,100716
830,1,Y,100716
831,1,Ad,52808
831,1,Aw,90966
831,1,X,100741
831,1,Y,100741
832,1,Ad,53259
832,1,Aw,90845
832,1,X,100820
832,1,Y,100820
833,1,Ad,53943
833,1,Aw,90892
833,1,X,101087
833,1,Y,101087
834,1,Ad,54305
834,1,Aw,90591
834,1,X,100906
834,1,Y,100906
835,1,Ad,55268
835,1,Aw,90502
835,1,X,101284
835,1,Y,101284
836,1,Ad,55564
836,1,Aw,90270
836,1,X,101242
836,1,Y,101242
837,1,Ad,55952
837,1,Aw,90119
837,1,X,101373
837,1,Y,101373
838,1,Ad,56676
838,1,Aw,90059
838,1,X,101597
838,1,Y,101597
839,1,Ad,57371
839,1,Aw,89744
839,1,X,101555
839,1,Y,101555
840,1,Ad,57865
840,1,Aw,89394
840,1,X,101591
840,1,Y,101591
841,1,Ad,58314
841,1,Aw,88901
841,1,X,101397
841,1,Y,101397
842,1,Ad,58859
842,1,Aw,88500
842,1,X,101206
842,1,Y,101206
843,1,Ad,59540
843,1,Aw,88135
843,1,X,101322
843,1,Y,101322
844,1,Ad,60098
844,1,Aw,87777
844,1,X,101236
844,1,Y,101236
845,1,Ad,60600
845,1,Aw,87644
845,1,X,101314
845,1,Y,101314
846,1,Ad,61162
846,1,Aw,87438
846,1,X,101461
846,1,Y,101461
847,1,Ad,61646
847,1,Aw,87139
847,1,X,101397
847,1,Y,101397
848,1,Ad,62071
848,1,Aw,86925
848,1,X,101426
848,1,Y,101426
849,1,Ad,62602
849,1,Aw,86643
849,1,X,101581
849,1,Y,101581
850,1,Ad,63037
850,1,Aw,86375
850,1,X,101570
850,1,Y,101570
851,1,Ad,63265
851,1,Aw,85679
851,1,X,101255
851,1,Y,101255
852,1,Ad,63927
852,1,Aw,85224
852,1,X,101291
852,1,Y,101291
853,1,Ad,64564
853,1,Aw,84999
853,1,X,101417
853,1,Y,101417
854,1,Ad,65326
854,1,Aw,84564
854,1,X,101393
854,1,Y,101393
855,1,Ad,65845
855,1,Aw,84121
855,1,X,101328
855,1,Y,101328
856,1,Ad,66141
856,1,Aw,83751
856,1,X,101275
856,1,Y,101275
857,1,Ad,66580
857,1,Aw,83085
857,1,X,100937
857,1,Y,100937
858,1,Ad,67097
858,1,Aw,82606
858,1,X,100924
858,1,Y,100924
859,1,Ad,67889
859,1,Aw,82337
859,1,X,101115
859,1,Y,101115
860,1,Ad,68701
860,1,Aw,82264
860,1,X,101434
860,1,Y,101434
861,1,Ad,69291
861,1,Aw,81766
861,1,X,101429
861,1,Y,101429
862,1,Ad,69599
862,1,Aw,81173
862,1,X,101157
862,1,Y,101157
863,1,Ad,69997
863,1,Aw,80555
863,1,X,101092
863,1,Y,101092
864,1,Ad,70394
864,1,Aw,80141
864,1,X,101057
864,1,Y,101057
865,1,Ad,70611
865,1,Aw,79599
865,1,X,100874
865,1,Y,100874
866,1,Ad,71138
866,1,Aw,79084
866,1,X,100759
866,1,Y,100759
867,1,Ad,71852
867,1,Aw,78538
867,1,X,100765
867,1,Y,100765
868,1,Ad,72315
868,1,Aw,78227
868,1,X,100857
868,1,Y,100857
869,1,Ad,72826
869,1,Aw,77678
869,1,X,100741
869,1,Y,100741
870,1,Ad,73439
870,1,Aw,77301
870,1,X,100812
870,1,Y,100812
871,1,Ad,73942
871,1,Aw,76628
871,1,X,100580
871,1,Y,100580
872,1,Ad,74310
872,1,Aw,76028
872,1,X,100324
872,1,Y,100324
873,1,Ad,74769
873,1,Aw,75239
873,1,X,100277
873,1,Y,100277
874,1,Ad,75213
874,1,Aw,74806
874,1,X,100239
874,1,Y,100239
875,1,Ad,75548
875,1,Aw,74051
875,1,X,100052
875,1,Y,100052
876,1,Ad,75918
876,1,Aw,73679
876,1,X,100064
876,1,Y,100064
877,1,Ad,76480
877,1,Aw,73240
877,1,X,100172
877,1,Y,100172
878,1,Ad,77052
878,1,Aw,72831
878,1,X,100314
878,1,Y,100314
879,1,Ad,77440
879,1,Aw,72478
879,1,X,100327
879,1,Y,100327
880,1,Ad,78101
880,1,Aw,71973
880,1,X,100572
880,1,Y,100572
881,1,Ad,78860
881,1,Aw,71676
881,1,X,100821
881,1,Y,100821
882,1,Ad,79457
882,1,Aw,71174
882,1,X,101037
882,1,Y,101037
883,1,Ad,79928
883,1,Aw,70611
883,1,X,101056
883,1,Y,101056
884,1,Ad,80528
884,1,Aw,70122
884,1,X,101159
884,1,Y,101159
885,1,Ad,81010
885,1,Aw,69616
885,1,X,101161
885,1,Y,101161
886,1,Ad,81701
886,1,Aw,69063
886,1,X,101338
886,1,Y,101338
887,1,Ad,82257
887,1,Aw,68535
887,1,X,101361
887,1,Y,101361
888,1,Ad,82561
888,1,Aw,67725
888,1,X,101142
888,1,Y,101142
889,1,Ad,83082
889,1,Aw,67381
889,1,X,101333
889,1,Y,101333
890,1,Ad,83394
890,1,Aw,66732
890,1,X,101079
890,1,Y,101079
891,1,Ad,83527
891,1,Aw,65939
891,1,X,100944
891,1,Y,100944
892,1,Ad,83741
892,1,Aw,65477
892,1,X,100863
892,1,Y,100863
893,1,Ad,84225
893,1,Aw,64702
893,1,X,100679
893,1,Y,100679
894,1,Ad,84847
894,1,Aw,64311
894,1,X,101041
894,1,Y,101041
895,1,Ad,85018
895,1,Aw,63655
895,1,X,100789
895,1,Y,100789
896,1,Ad,85505
896,1,Aw,62927
896,1,X,100866
896,1,Y,100866
897,1,Ad,85799
897,1,Aw,62098
897,1,X,100774
897,1,Y,100774
898,1,Ad,86327
898,1,Aw,61459
898,1,X,100866
898,1,Y,100866
899,1,Ad,86661
899,1,Aw,60877
899,1,X,100907
899,1,Y,100907
900,1,Ad,87258
900,1,Aw,60378
900,1,X,101061
900,1,Y,101061
901,1,Ad,87327
901,1,Aw,59854
901,1,X,100777
901,1,Y,100777
902,1,Ad,88029
902,1,Aw,59310
902,1,X,101048
902,1,Y,101048
903,1,Ad,88296
903,1,Aw,58851
903,1,X,101088
903,1,Y,101088
904,1,Ad,88407
904,1,Aw,58165
904,1,X,100821
904,1,Y,100821
905,1,Ad,88656
905,1,Aw,57379
905,1,X,100679
905,1,Y,100679
906,1,Ad,88948
906,1,Aw,56349
906,1,X,100622
906,1,Y,100622
907,1,Ad,89326
907,1,Aw,55744
907,1,X,100683
907,1,Y,100683
908,1,Ad,89730
908,1,Aw,55056
908,1,X,100684
908,1,Y,100684
909,1,Ad,90052
909,1,Aw,54327
909,1,X,100685
909,1,Y,100685
910,1,Ad,90145
910,1,Aw,53629
910,1,X,100517
910,1,Y,100517
911,1,Ad,90309
911,1,Aw,53011
911,1,X,100478
911,1,Y,100478
912,1,Ad,90666
912,1,Aw,52331
912,1,X,100384
912,1,Y,100384
913,1,Ad,90983
913,1,Aw,51438
913,1,X,100304
913,1,Y,100304
914,1,Ad,91158
914,1,Aw,50687
914,1,X,100286
914,1,Y,100286
915,1,Ad,91428
915,1,Aw,50103
915,1,X,100358
915,1,Y,100358
916,1,Ad,91892
916,1,Aw,49616
916,1,X,100623
916,1,Y,100623
917,1,Ad,92289
917,1,Aw,49126
917,1,X,100637
917,1,Y,100637
918,1,Ad,92592
918,1,Aw,48379
918,1,X,100647
918,1,Y,100647
919,1,Ad,92807
919,1,Aw,47651
919,1,X,100594
919,1,Y,100594
920,1,Ad,93153
920,1,Aw,47235
920,1,X,100748
920,1,Y,100748
921,1,Ad,93478
921,1,Aw,46561
921,1,X,100835
921,1,Y,100835
922,1,Ad,93493
922,1,Aw,45683
922,1,X,100597
922,1,Y,100597
923,1,Ad,93903
923,1,Aw,44917
923,1,X,100792
923,1,Y,100792
924,1,Ad,94222
924,1,Aw,44479
924,1,X,100936
924,1,Y,100936
925,1,Ad,94575
925,1,Aw,43736
925,1,X,101026
925,1,Y,101026
926,1,Ad,94917
926,1,Aw,43146
926,1,X,101125
926,1,Y,101125
927,1,Ad,95060
927,1,Aw,42482
927,1,X,100991
927,1,Y,100991
928,1,Ad,95098
928,1,Aw,41829
928,1,X,100825
928,1,Y,100825
929,1,Ad,95256
929,1,Aw,41296
929,1,X,100822
929,1,Y,100822
930,1,Ad,95614
930,1,Aw,40771
930,1,X,100957
930,1,Y,100957
931,1,Ad,95681
931,1,Aw,40034
931,1,X,100862
931,1,Y,100862
932,1,Ad,95753
932,1,Aw,39120
932,1,X,100702
932,1,Y,100702
933,1,Ad,95873
933,1,Aw,38296
933,1,X,100628
933,1,Y,100628
934,1,Ad,96057
934,1,Aw,37646
934,1,X,100663
934,1,Y,100663
935,1,Ad,96549
935,1,Aw,36993
935,1,X,100951
935,1,Y,100951
936,1,Ad,96556
936,1,Aw,36373
936,1,X,100826
936,1,Y,100826
937,1,Ad,96517
937,1,Aw,35717
937,1,X,100559
937,1,Y,100559
938,1,Ad,96703
938,1,Aw,35155
938,1,X,100649
938,1,Y,100649
939,1,Ad,96761
939,1,Aw,34422
939,1,X,100566
939,1,Y,100566
940,1,Ad,96632
940,1,Aw,33646
940,1,X,100295
940,1,Y,100295
941,1,Ad,96594
941,1,Aw,33058
941,1,X,100168
941,1,Y,100168
942,1,Ad,96654
942,1,Aw,32360
942,1,X,100058
942,1,Y,100058
943,1,Ad,97176
943,1,Aw,31923
943,1,X,100460
943,1,Y,100460
944,1,Ad,97268
944,1,Aw,31267
944,1,X,100390
944,1,Y,100390
945,1,Ad,97505
945,1,Aw,30551
945,1,X,100492
945,1,Y,100492
946,1,Ad,97628
946,1,Aw,29916
946,1,X,100469
946,1,Y,100469
947,1,Ad,97821
947,1,Aw,29340
947,1,X,100536
947,1,Y,100536
948,1,Ad,97825
948,1,Aw,28813
948,1,X,100454
948,1,Y,100454
949,1,Ad,97855
949,1,Aw,28264
949,1,X,100359
949,1,Y,100359
950,1,Ad,98122
950,1,Aw,27696
950,1,X,100500
950,1,Y,100500
951,1,Ad,98320
951,1,Aw,27138
951,1,X,100588
951,1,Y,100588
952,1,Ad,98469
952,1,Aw,26413
952,1,X,100634
952,1,Y,100634
953,1,Ad,98848
953,1,Aw,26071
953,1,X,100926
953,1,Y,100926
954,1,Ad,98912
954,1,Aw,25711
954,1,X,100876
954,1,Y,100876
955,1,Ad,99037
955,1,Aw,25319
955,1,X,100921
955,1,Y,100921
956,1,Ad,99259
956,1,Aw,24793
956,1,X,101071
956,1,Y,101071
957,1,Ad,99529
957,1,Aw,24278
957,1,X,101264
957,1,Y,101264
958,1,Ad,99603
958,1,Aw,23764
958,1,X,101257
958,1,Y,101257
959,1,Ad,99559
959,1,Aw,23168
959,1,X,101107
959,1,Y,101107
960,1,Ad,99552
960,1,Aw,22685
960,1,X,101045
960,1,Y,101045
961,1,Ad,99648
961,1,Aw,22221
961,1,X,101038
961,1,Y,101038
962,1,Ad,99767
962,1,Aw,21665
962,1,X,101076
962,1,Y,101076
963,1,Ad,99971
963,1,Aw,21216
963,1,X,101228
963,1,Y,101228
964,1,Ad,100194
964,1,Aw,21007
964,1,X,101413
964,1,Y,101413
965,1,Ad,100077
965,1,Aw,20444
965,1,X,101233
965,1,Y,101233
966,1,Ad,100083
966,1,Aw,19879
966,1,X,101185
966,1,Y,101185
967,1,Ad,99874
967,1,Aw,19350
967,1,X,100932
967,1,Y,100932
968,1,Ad,99902
968,1,Aw,18968
968,1,X,100931
968,1,Y,100931
969,1,Ad,99920
969,1,Aw,18501
969,1,X,100881
969,1,Y,100881
970,1,Ad,100167
970,1,Aw,18086
970,1,X,101070
970,1,Y,101070
971,1,Ad,100266
971,1,Aw,17507
971,1,X,101153
971,1,Y,101153
972,1,Ad,100128
972,1,Aw,17093
972,1,X,100969
972,1,Y,100969
973,1,Ad,100193
973,1,Aw,16664
973,1,X,101000
973,1,Y,101000
974,1,Ad,100410
974,1,Aw,16298
974,1,X,101177
974,1,Y,101177
975,1,Ad,100275
975,1,Aw,15895
975,1,X,101021
975,1,Y,101021
976,1,Ad,100225
976,1,Aw,15432
976,1,X,100928
976,1,Y,100928
977,1,Ad,100442
977,1,Aw,15086
977,1,X,101119
977,1,Y,101119
978,1,Ad,100363
978,1,Aw,14735
978,1,X,100980
978,1,Y,100980
979,1,Ad,100404
979,1,Aw,14272
979,1,X,100995
979,1,Y,100995
980,1,Ad,100470
980,1,Aw,13918
980,1,X,101032
980,1,Y,101032
981,1,Ad,100415
981,1,Aw,13592
981,1,X,100949
981,1,Y,100949
982,1,Ad,100538
982,1,Aw,13244
982,1,X,101053
982,1,Y,101053
983,1,Ad,100668
983,1,Aw,13042
983,1,X,101166
983,1,Y,101166
984,1,Ad,100641
984,1,Aw,12633
984,1,X,101090
984,1,Y,101090
985,1,Ad,100746
985,1,Aw,12389
985,1,X,101164
985,1,Y,101164
986,1,Ad,100687
986,1,Aw,12020
986,1,X,101082
986,1,Y,101082
987,1,Ad,100682
987,1,Aw,11672
987,1,X,101045
987,1,Y,101045
988,1,Ad,100577
988,1,Aw,11286
988,1,X,100903
988,1,Y,100903
989,1,Ad,100732
989,1,Aw,10938
989,1,X,101054
989,1,Y,101054
990,1,Ad,100853
990,1,Aw,10689
990,1,X,101160
990,1,Y,101160
991,1,Ad,101065
991,1,Aw,10386
991,1,X,101339
991,1,Y,101339
992,1,Ad,101345
992,1,Aw,10187
992,1,X,101616
992,1,Y,101616
993,1,Ad,101140
993,1,Aw,9760
993,1,X,101385
993,1,Y,101385
994,1,Ad,100893
994,1,Aw,9459
994,1,X,101127
994,1,Y,101127
995,1,Ad,101105
995,1,Aw,9262
995,1,X,101321
995,1,Y,101321
996,1,Ad,100791
996,1,Aw,8956
996,1,X,100982
996,1,Y,100982
997,1,Ad,100651
997,1,Aw,8674
997,1,X,100836
997,1,Y,100836
998,1,Ad,100560
998,1,Aw,8473
998,1,X,100737
998,1,Y,100737
999,1,Ad,100594
999,1,Aw,8263
999,1,X,100753
999,1,Y,100753
1000,1,Ad,100463
1000,1,Aw,8032
1000,1,X,100618
1000,1,Y,100618
1001,1,Ad,100581
1001,1,Aw,7798
1001,1,X,100731
1001,1,Y,100731
1002,1,Ad,100713
1002,1,Aw,7637
1002,1,X,100860
1002,1,Y,100860
1003,1,Ad,100606
1003,1,Aw,7391
1003,1,X,100744
1003,1,Y,100744
1004,1,Ad,100944
1004,1,Aw,7126
1004,1,X,101085
1004,1,Y,101085
1005,1,Ad,100697
1005,1,Aw,6898
1005,1,X,100837
1005,1,Y,100837
1006,1,Ad,100748
1006,1,Aw,6725
1006,1,X,100879
1006,1,Y,100879
1007,1,Ad,100941
1007,1,Aw,6540
1007,1,X,101069
1007,1,Y,101069
1008,1,Ad,100902
1008,1,Aw,6371
1008,1,X,101023
1008,1,Y,101023
1009,1,Ad,100807
1009,1,Aw,6113
1009,1,X,100915
1009,1,Y,100915
1010,1,Ad,100802
1010,1,Aw,5943
1010,1,X,100906
1010,1,Y,100906
1011,1,Ad,100648
1011,1,Aw,5813
1011,1,X,100743
1011,1,Y,100743
1012,1,Ad,100726
1012,1,Aw,5672
1012,1,X,100805
1012,1,Y,100805
1013,1,Ad,100896
1013,1,Aw,5454
1013,1,X,100963
1013,1,Y,100963
1014,1,Ad,100822
1014,1,Aw,5246
1014,1,X,100889
1014,1,Y,100889
1015,1,Ad,100776
1015,1,Aw,5127
1015,1,X,100842
1015,1,Y,100842
1016,1,Ad,100904
1016,1,Aw,4961
1016,1,X,100968
1016,1,Y,100968
1017,1,Ad,101135
1017,1,Aw,4851
1017,1,X,101197
1017,1,Y,101197
1018,1,Ad,101061
1018,1,Aw,4692
1018,1,X,101121
1018,1,Y,101121
1019,1,Ad,101266
1019,1,Aw,4586
1019,1,X,101324
1019,1,Y,101324
1020,1,Ad,101175
1020,1,Aw,4456
1020,1,X,101236
1020,1,Y,101236
1021,1,Ad,100617
1021,1,Aw,4240
1021,1,X,100671
1021,1,Y,100671
1022,1,Ad,100772
1022,1,Aw,4058
1022,1,X,100822
1022,1,Y,100822
1023,1,Ad,100787
1023,1,Aw,3882
1023,1,X,100839
1023,1,Y,100839
1024,1,Ad,100801
1024,1,Aw,3782
1024,1,X,100847
1024,1,Y,100847
1025,1,Ad,100712
1025,1,Aw,3715
1025,1,X,100759
1025,1,Y,100759
1026,1,Ad,100709
1026,1,Aw,3595
1026,1,X,100756
1026,1,Y,100756
1027,1,Ad,100700
1027,1,Aw,3460
1027,1,X,100747
1027,1,Y,100747
1028,1,Ad,100749
1028,1,Aw,3385
1028,1,X,100789
1028,1,Y,100789
1029,1,Ad,100685
1029,1,Aw,3333
1029,1,X,100716
1029,1,Y,100716
1030,1,Ad,100847
1030,1,Aw,3221
1030,1,X,100876
1030,1,Y,100876
1031,1,Ad,100859
1031,1,Aw,3093
1031,1,X,100888
1031,1,Y,100888
1032,1,Ad,101184
1032,1,Aw,3044
1032,1,X,101211
1032,1,Y,101211
1033,1,Ad,100979
1033,1,Aw,3021
1033,1,X,101003
1033,1,Y,101003
1034,1,Ad,101025
1034,1,Aw,2948
1034,1,X,101047
1034,1,Y,101047
1035,1,Ad,100897
1035,1,Aw,2812
1035,1,X,100919
1035,1,Y,100919
1036,1,Ad,101106
1036,1,Aw,2747
1036,1,X,101126
1036,1,Y,101126
1037,1,Ad,101119
1037,1,Aw,2633
1037,1,X,101136
1037,1,Y,101136
1038,1,Ad,101265
1038,1,Aw,2546
1038,1,X,101280
1038,1,Y,101280
1039,1,Ad,101223
1039,1,Aw,2401
1039,1,X,101235
1039,1,Y,101235
1040,1,Ad,101177
1040,1,Aw,2308
1040,1,X,101188
1040,1,Y,101188
1041,1,Ad,101148
1041,1,Aw,2227
1041,1,X,101159
1041,1,Y,101159
1042,1,Ad,101146
1042,1,Aw,2175
1042,1,X,101155
1042,1,Y,101155
1043,1,Ad,101096
1043,1,Aw,2162
1043,1,X,101104
1043,1,Y,101104
1044,1,Ad,100757
1044,1,Aw,2050
1044,1,X,100764
1044,1,Y,100764
1045,1,Ad,100615
1045,1,Aw,1970
1045,1,X,100622
1045,1,Y,100622
1046,1,Ad,100753
1046,1,Aw,1873
1046,1,X,100759
1046,1,Y,100759
1047,1,Ad,100916
1047,1,Aw,1812
1047,1,X,100922
1047,1,Y,100922
1048,1,Ad,101011
1048,1,Aw,1782
1048,1,X,101017
1048,1,Y,101017
1049,1,Ad,101235
1049,1,Aw,1748
1049,1,X,101241
1049,1,Y,101241
1050,1,Ad,101447
1050,1,Aw,1685
1050,1,X,101453
1050,1,Y,101453
1051,1,Ad,101297
1051,1,Aw,1659
1051,1,X,101302
1051,1,Y,101302
1052,1,Ad,101218
1052,1,Aw,1604
1052,1,X,101223
1052,1,Y,101223
1053,1,Ad,101052
1053,1,Aw,1549
1053,1,X,101057
1053,1,Y,101057
1054,1,Ad,101305
1054,1,Aw,1522
1054,1,X,101310
1054,1,Y,101310
1055,1,Ad,101145
1055,1,Aw,1438
1055,1,X,101148
1055,1,Y,101148
1056,1,Ad,101003
1056,1,Aw,1389
1056,1,X,101006
1056,1,Y,101006
1057,1,Ad,100873
1057,1,Aw,1352
1057,1,X,100876
1057,1,Y,100876
1058,1,Ad,101131
1058,1,Aw,1301
1058,1,X,101134
1058,1,Y,101134
1059,1,Ad,101296
1059,1,Aw,1265
1059,1,X,101299
1059,1,Y,101299
1060,1,Ad,101173
1060,1,Aw,1233
1060,1,X,101175
1060,1,Y,101175
1061,1,Ad,101161
1061,1,Aw,1193
1061,1,X,101163
1061,1,Y,101163
1062,1,Ad,101204
1062,1,Aw,1130
1062,1,X,101206
1062,1,Y,101206
1063,1,Ad,101595
1063,1,Aw,1109
1063,1,X,101596
1063,1,Y,101596
1064,1,Ad,101295
1064,1,Aw,1063
1064,1,X,101296
1064,1,Y,101296
1065,1,Ad,101423
1065,1,Aw,1018
1065,1,X,101424
1065,1,Y,101424
1066,1,Ad,101383
1066,1,Aw,977
1066,1,X,101383
1066,1,Y,101383
1067,1,Ad,101341
1067,1,Aw,959
1067,1,X,101341
1067,1,Y,101341
1068,1,Ad,101531
1068,1,Aw,950
1068,1,X,101531
1068,1,Y,101531
1069,1,Ad,101586
1069,1,Aw,918
1069,1,X,101586
1069,1,Y,101586
1070,1,Ad,101629
1070,1,Aw,875
1070,1,X,101630
1070,1,Y,101630
1071,1,Ad,101571
1071,1,Aw,863
1071,1,X,101573
1071,1,Y,101573
1072,1,Ad,101525
1072,1,Aw,842
1072,1,X,101527
1072,1,Y,101527
1073,1,Ad,101654
1073,1,Aw,820
1073,1,X,101656
1073,1,Y,101656
1074,1,Ad,101564
1074,1,Aw,789
1074,1,X,101566
1074,1,Y,101566
1075,1,Ad,101797
1075,1,Aw,774
1075,1,X,101799
1075,1,Y,101799
1076,1,Ad,101393
1076,1,Aw,732
1076,1,X,101394
1076,1,Y,101394
1077,1,Ad,101367
1077,1,Aw,695
1077,1,X,101367
1077,1,Y,101367
1078,1,Ad,101377
1078,1,Aw,670
1078,1,X,101377
1078,1,Y,101377
1079,1,Ad,101237
1079,1,Aw,640
1079,1,X,101237
1079,1,Y,101237
1080,1,Ad,101141
1080,1,Aw,605
1080,1,X,101141
1080,1,Y,101141
1081,1,Ad,101324
1081,1,Aw,591
1081,1,X,101324
1081,1,Y,101324
1082,1,Ad,101230
1082,1,Aw,564
1082,1,X,101230
1082,1,Y,101230
1083,1,Ad,101358
1083,1,Aw,569
1083,1,X,101358
1083,1,Y,101358
1084,1,Ad,101011
1084,1,Aw,561
1084,1,X,101011
1084,1,Y,101011
1085,1,Ad,101235
1085,1,Aw,567
1085,1,X,101235
1085,1,Y,101235
1086,1,Ad,100841
1086,1,Aw,552
1086,1,X,100843
1086,1,Y,100843
1087,1,Ad,100745
1087,1,Aw,540
1087,1,X,100746
1087,1,Y,100746
1088,1,Ad,101050
1088,1,Aw,500
1088,1,X,101051
1088,1,Y,101051
1089,1,Ad,101166
1089,1,Aw,502
1089,1,X,101167
1089,1,Y,101167
1090,1,Ad,100900
1090,1,Aw,494
1090,1,X,100901
1090,1,Y,100901
1091,1,Ad,100945
1091,1,Aw,479
1091,1,X,100946
1091,1,Y,100946
1092,1,Ad,100951
1092,1,Aw,450
1092,1,X,100952
1092,1,Y,100952
1093,1,Ad,101110
1093,1,Aw,437
1093,1,X,101111
1093,1,Y,101111
1094,1,Ad,101183
1094,1,Aw,410
1094,1,X,101184
1094,1,Y,101184
1095,1,Ad,101058
1095,1,Aw,382
1095,1,X,101059
1095,1,Y,101059
1096,1,Ad,101021
1096,1,Aw,362
1096,1,X,101022
1096,1,Y,101022
1097,1,Ad,100925
1097,1,Aw,357
1097,1,X,100926
1097,1,Y,100926
1098,1,Ad,100613
1098,1,Aw,336
1098,1,X,100614
1098,1,Y,100614
1099,1,Ad,100580
1099,1,Aw,335
1099,1,X,100581
1099,1,Y,100581
1100,1,Ad,100639
1100,1,Aw,337
1100,1,X,100640
1100,1,Y,100640
1101,1,Ad,100815
1101,1,Aw,326
1101,1,X,100816
1101,1,Y,100816
1102,1,Ad,100881
1102,1,Aw,314
1102,1,X,100882
1102,1,Y,100882
1103,1,Ad,100889
1103,1,Aw,313
1103,1,X,100889
1103,1,Y,100889
1104,1,Ad,101195
1104,1,Aw,290
1104,1,X,101195
1104,1,Y,101195
1105,1,Ad,101041
1105,1,Aw,282
1105,1,X,101041
1105,1,Y,101041
1106,1,Ad,101291
1106,1,Aw,255
1106,1,X,101291
1106,1,Y,101291
1107,1,Ad,101179
1107,1,Aw,262
1107,1,X,101179
1107,1,Y,101179
1108,1,Ad,101099
1108,1,Aw,255
1108,1,X,101099
1108,1,Y,101099
1109,1,Ad,101093
1109,1,Aw,242
1109,1,X,101093
1109,1,Y,101093
1110,1,Ad,100983
1110,1,Aw,240
1110,1,X,100983
1110,1,Y,100983
1111,1,Ad,100922
1111,1,Aw,232
1111,1,X,100922
1111,1,Y,100922
1112,1,Ad,101024
1112,1,Aw,227
1112,1,X,101024
1112,1,Y,101024
1113,1,Ad,101024
1113,1,Aw,216
1113,1,X,101024
1113,1,Y,101024
1114,1,Ad,101082
1114,1,Aw,211
1114,1,X,101082
1114,1,Y,101082
1115,1,Ad,101321
1115,1,Aw,195
1115,1,X,101321
1115,1,Y,101321
1116,1,Ad,101453
1116,1,Aw,185
1116,1,X,101453
1116,1,Y,101453
1117,1,Ad,101087
1117,1,Aw,177
1117,1,X,101087
1117,1,Y,101087
1118,1,Ad,101101
1118,1,Aw,186
1118,1,X,101101
1118,1,Y,101101
1119,1,Ad,101279
1119,1,Aw,184
1119,1,X,101279
1119,1,Y,101279
1120,1,Ad,101445
1120,1,Aw,181
1120,1,X,101445
1120,1,Y,101445
1121,1,Ad,101217
1121,1,Aw,178
1121,1,X,101217
1121,1,Y,101217
1122,1,Ad,101166
1122,1,Aw,160
1122,1,X,101166
1122,1,Y,101166
1123,1,Ad,101035
1123,1,Aw,151
1123,1,X,101035
1123,1,Y,101035
1124,1,Ad,100691
1124,1,Aw,146
1124,1,X,100691
1124,1,Y,100691
1125,1,Ad,100628
1125,1,Aw,140
1125,1,X,100628
1125,1,Y,100628
1126,1,Ad,100636
1126,1,Aw,133
1126,1,X,100636
1126,1,Y,100636
1127,1,Ad,101007
1127,1,Aw,140
1127,1,X,101007
1127,1,Y,101007
1128,1,Ad,100735
1128,1,Aw,139
1128,1,X,100735
1128,1,Y,100735
1129,1,Ad,100837
1129,1,Aw,137
1129,1,X,100837
1129,1,Y,100837
1130,1,Ad,100989
1130,1,Aw,129
1130,1,X,100989
1130,1,Y,100989
1131,1,Ad,101033
1131,1,Aw,132
1131,1,X,101033
1131,1,Y,101033
1132,1,Ad,100915
1132,1,Aw,130
1132,1,X,100915
1132,1,Y,100915
1133,1,Ad,100737
1133,1,Aw,118
1133,1,X,100737
1133,1,Y,100737
1134,1,Ad,100776
1134,1,Aw,120
1134,1,X,100776
1134,1,Y,100776
1135,1,Ad,100634
1135,1,Aw,115
1135,1,X,100634
1135,1,Y,100634
1136,1,Ad,100640
1136,1,Aw,115
1136,1,X,100640
1136,1,Y,100640
1137,1,Ad,100736
1137,1,Aw,108
1137,1,X,100736
1137,1,Y,100736
1138,1,Ad,100805
1138,1,Aw,102
1138,1,X,100805
1138,1,Y,100805
1139,1,Ad,100676
1139,1,Aw,100
1139,1,X,100676
1139,1,Y,100676
1140,1,Ad,100656
1140,1,Aw,96
1140,1,X,100656
1140,1,Y,100656
1141,1,Ad,100541
1141,1,Aw,90
1141,1,X,100541
1141,1,Y,100541
1142,1,Ad,100374
1142,1,Aw,83
1142,1,X,100374
1142,1,Y,100374
1143,1,Ad,100278
1143,1,Aw,79
1143,1,X,100278
1143,1,Y,100278
1144,1,Ad,100270
1144,1,Aw,81
1144,1,X,100270
1144,1,Y,100270
1145,1,Ad,100457
1145,1,Aw,85
1145,1,X,100457
1145,1,Y,100457
1146,1,Ad,100708
1146,1,Aw,86
1146,1,X,100708
1146,1,Y,100708
1147,1,Ad,100557
1147,1,Aw,81
1147,1,X,100557
1147,1,Y,100557
1148,1,Ad,100759
1148,1,Aw,77
1148,1,X,100759
1148,1,Y,100759
1149,1,Ad,100736
1149,1,Aw,78
1149,1,X,100736
1149,1,Y,100736
1150,1,Ad,100854
1150,1,Aw,68
1150,1,X,100854
1150,1,Y,100854
1151,1,Ad,100753
1151,1,Aw,67
1151,1,X,100753
1151,1,Y,100753
1152,1,Ad,100736
1152,1,Aw,72
1152,1,X,100736
1152,1,Y,100736
1153,1,Ad,100770
1153,1,Aw,68
1153,1,X,100770
1153,1,Y,100770
1154,1,Ad,100773
1154,1,Aw,62
1154,1,X,100773
1154,1,Y,100773
1155,1,Ad,100997
1155,1,Aw,57
1155,1,X,100997
1155,1,Y,100997
1156,1,Ad,101074
1156,1,Aw,57
1156,1,X,101074
1156,1,Y,101074
1157,1,Ad,101263
1157,1,Aw,56
1157,1,X,101263
1157,1,Y,101263
1158,1,Ad,101281
1158,1,Aw,54
1158,1,X,101281
1158,1,Y,101281
1159,1,Ad,101177
1159,1,Aw,50
1159,1,X,101177
1159,1,Y,101177
1160,1,Ad,101260
1160,1,Aw,44
1160,1,X,101260
1160,1,Y,101260
1161,1,Ad,101199
1161,1,Aw,44
1161,1,X,101199
1161,1,Y,101199
1162,1,Ad,100971
1162,1,Aw,46
1162,1,X,100971
1162,1,Y,100971
1163,1,Ad,101122
1163,1,Aw,44
1163,1,X,101122
1163,1,Y,101122
1164,1,Ad,101004
1164,1,Aw,44
1164,1,X,101004
1164,1,Y,101004
1165,1,Ad,101119
1165,1,Aw,44
1165,1,X,101119
1165,1,Y,101119
1166,1,Ad,101174
1166,1,Aw,42
1166,1,X,101174
1166,1,Y,101174
1167,1,Ad,101121
1167,1,Aw,36
1167,1,X,101121
1167,1,Y,101121
1168,1,Ad,101287
1168,1,Aw,34
1168,1,X,101287
1168,1,Y,101287
1169,1,Ad,100952
1169,1,Aw,39
1169,1,X,100952
1169,1,Y,100952
1170,1,Ad,101062
1170,1,Aw,41
1170,1,X,101062
1170,1,Y,101062
1171,1,Ad,100773
1171,1,Aw,39
1171,1,X,100773
1171,1,Y,100773
1172,1,Ad,100895
1172,1,Aw,40
1172,1,X,100895
1172,1,Y,100895
1173,1,Ad,100632
1173,1,Aw,42
1173,1,X,100632
1173,1,Y,100632
1174,1,Ad,100755
1174,1,Aw,39
1174,1,X,100755
1174,1,Y,100755
1175,1,Ad,100695
1175,1,Aw,39
1175,1,X,100695
1175,1,Y,100695
1176,1,Ad,100694
1176,1,Aw,35
1176,1,X,100694
1176,1,Y,100694
1177,1,Ad,100742
1177,1,Aw,30
1177,1,X,100742
1177,1,Y,100742
1178,1,Ad,100502
1178,1,Aw,27
1178,1,X,100502
1178,1,Y,100502
1179,1,Ad,100488
1179,1,Aw,29
1179,1,X,100488
1179,1,Y,100488
1180,1,Ad,100384
1180,1,Aw,31
1180,1,X,100384
1180,1,Y,100384
1181,1,Ad,100446
1181,1,Aw,30
1181,1,X,100446
1181,1,Y,100446
1182,1,Ad,100394
1182,1,Aw,29
1182,1,X,100394
1182,1,Y,100394
1183,1,Ad,100582
1183,1,Aw,29
1183,1,X,100582
1183,1,Y,100582
1184,1,Ad,100602
1184,1,Aw,30
1184,1,X,100602
1184,1,Y,100602
1185,1,Ad,100804
1185,1,Aw,30
1185,1,X,100804
1185,1,Y,100804
1186,1,Ad,100836
1186,1,Aw,27
1186,1,X,100836
1186,1,Y,100836
1187,1,Ad,100847
1187,1,Aw,28
1187,1,X,100847
1187,1,Y,100847
1188,1,Ad,100743
1188,1,Aw,25
1188,1,X,100743
1188,1,Y,100743
1189,1,Ad,100712
1189,1,Aw,25
1189,1,X,100712
1189,1,Y,100712
1190,1,Ad,100703
1190,1,Aw,23
1190,1,X,100703
1190,1,Y,100703
1191,1,Ad,100825
1191,1,Aw,23
1191,1,X,100825
1191,1,Y,100825
1192,1,Ad,100843
1192,1,Aw,22
1192,1,X,100843
1192,1,Y,100843
1193,1,Ad,100708
1193,1,Aw,21
1193,1,X,100708
1193,1,Y,100708
1194,1,Ad,100794
1194,1,Aw,23
1194,1,X,100794
1194,1,Y,100794
1195,1,Ad,100930
1195,1,Aw,20
1195,1,X,100930
1195,1,Y,100930
1196,1,Ad,101150
1196,1,Aw,18
1196,1,X,101150
1196,1,Y,101150
1197,1,Ad,100664
1197,1,Aw,18
1197,1,X,100664
1197,1,Y,100664
1198,1,Ad,100802
1198,1,Aw,15
1198,1,X,100802
1198,1,Y,100802
1199,1,Ad,100683
1199,1,Aw,13
1199,1,X,100683
1199,1,Y,100683
1200,1,Ad,100526
1200,1,Aw,10
1200,1,X,100526
1200,1,Y,100526
1201,1,Ad,100731
1201,1,Aw,8
1201,1,X,100731
1201,1,Y,100731
1202,1,Ad,100876
1202,1,Aw,11
1202,1,X,100876
1202,1,Y,100876
1203,1,Ad,100858
1203,1,Aw,15
1203,1,X,100858
1203,1,Y,100858
1204,1,Ad,100894
1204,1,Aw,19
1204,1,X,100894
1204,1,Y,100894
1205,1,Ad,101146
1205,1,Aw,17
1205,1,X,101146
1205,1,Y,101146
1206,1,Ad,101065
1206,1,Aw,17
1206,1,X,101065
1206,1,Y,101065
1207,1,Ad,101176
1207,1,Aw,14
1207,1,X,101176
1207,1,Y,101176
1208,1,Ad,101228
1208,1,Aw,13
1208,1,X,101228
1208,1,Y,101228
1209,1,Ad,101333
1209,1,Aw,14
1209,1,X,101333
1209,1,Y,101333
1210,1,Ad,101231
1210,1,Aw,13
1210,1,X,101231
1210,1,Y,101231
1211,1,Ad,101399
1211,1,Aw,13
1211,1,X,101399
1211,1,Y,101399
1212,1,Ad,101292
1212,1,Aw,13
1212,1,X,101292
1212,1,Y,101292
1213,1,Ad,101471
1213,1,Aw,13
1213,1,X,101471
1213,1,Y,101471
1214,1,Ad,101298
1214,1,Aw,13
1214,1,X,101298
1214,1,Y,101298
1215,1,Ad,101190
1215,1,Aw,12
1215,1,X,101190
1215,1,Y,101190
1216,1,Ad,101324
1216,1,Aw,10
1216,1,X,101324
1216,1,Y,101324
1217,1,Ad,101296
1217,1,Aw,9
1217,1,X,101296
1217,1,Y,101296
1218,1,Ad,101270
1218,1,Aw,5
1218,1,X,101270
1218,1,Y,101270
1219,1,Ad,101271
1219,1,Aw,6
1219,1,X,101271
1219,1,Y,101271
1220,1,Ad,101344
1220,1,Aw,6
1220,1,X,101344
1220,1,Y,101344
1221,1,Ad,101283
1221,1,Aw,7
1221,1,X,101283
1221,1,Y,101283
1222,1,Ad,101067
1222,1,Aw,5
1222,1,X,101067
1222,1,Y,101067
1223,1,Ad,101181
1223,1,Aw,5
1223,1,X,101181
1223,1,Y,101181
1224,1,Ad,101159
1224,1,Aw,7
1224,1,X,101159
1224,1,Y,101159
1225,1,Ad,101142
1225,1,Aw,6
1225,1,X,101142
1225,1,Y,101142
1226,1,Ad,101145
1226,1,Aw,7
1226,1,X,101145
1226,1,Y,101145
1227,1,Ad,101233
1227,1,Aw,6
1227,1,X,101233
1227,1,Y,101233
1228,1,Ad,101228
1228,1,Aw,6
1228,1,X,101228
1228,1,Y,101228
1229,1,Ad,101066
1229,1,Aw,6
1229,1,X,101066
1229,1,Y,101066
1230,1,Ad,101049
1230,1,Aw,6
1230,1,X,101049
1230,1,Y,101049
1231,1,Ad,101001
1231,1,Aw,7
1231,1,X,101001
1231,1,Y,101001
1232,1,Ad,101151
1232,1,Aw,6
1232,1,X,101151
1232,1,Y,101151
1233,1,Ad,101034
1233,1,Aw,4
1233,1,X,101034
1233,1,Y,101034
1234,1,Ad,101192
1234,1,Aw,5
1234,1,X,101192
1234,1,Y,101192
1235,1,Ad,101206
1235,1,Aw,5
1235,1,X,101206
1235,1,Y,101206
1236,1,Ad,101147
1236,1,Aw,3
1236,1,X,101147
1236,1,Y,101147
1237,1,Ad,101214
1237,1,Aw,2
1237,1,X,101214
1237,1,Y,101214
1238,1,Ad,101003
1238,1,Aw,1
1238,1,X,101003
1238,1,Y,101003
1239,1,Ad,101137
1239,1,Aw,3
1239,1,X,101137
1239,1,Y,101137
1240,1,Ad,101252
1240,1,Aw,2
1240,1,X,101252
1240,1,Y,101252
1241,1,Ad,101259
1241,1,Aw,2
1241,1,X,101259
1241,1,Y,101259
1242,1,Ad,101302
1242,1,Aw,2
1242,1,X,101302
1242,1,Y,101302
1243,1,Ad,101237
1243,1,Aw,2
1243,1,X,101237
1243,1,Y,101237
1244,1,Ad,100992
1244,1,Aw,4
1244,1,X,100992
1244,1,Y,100992
1245,1,Ad,100863
1245,1,Aw,4
1245,1,X,100863
1245,1,Y,100863
1246,1,Ad,100869
1246,1,Aw,5
1246,1,X,100869
1246,1,Y,100869
1247,1,Ad,101029
1247,1,Aw,5
1247,1,X,101029
1247,1,Y,101029
1248,1,Ad,100927
1248,1,Aw,5
1248,1,X,100927
1248,1,Y,100927
1249,1,Ad,100985
1249,1,Aw,5
1249,1,X,100985
1249,1,Y,100985
1250,1,Ad,100711
1250,1,Aw,5
1250,1,X,100711
1250,1,Y,100711
1251,1,Ad,101039
1251,1,Aw,5
1251,1,X,101039
1251,1,Y,101039
1252,1,Ad,101412
1252,1,Aw,5
1252,1,X,101412
1252,1,Y,101412
1253,1,Ad,101438
1253,1,Aw,5
1253,1,X,101438
1253,1,Y,101438
1254,1,Ad,101462
1254,1,Aw,5
1254,1,X,101462
1254,1,Y,101462
1255,1,Ad,101291
1255,1,Aw,5
1255,1,X,101291
1255,1,Y,101291
1256,1,Ad,101079
1256,1,Aw,4
1256,1,X,101079
1256,1,Y,101079
1257,1,Ad,100993
1257,1,Aw,3
1257,1,X,100993
1257,1,Y,100993
1258,1,Ad,100911
1258,1,Aw,2
1258,1,X,100911
1258,1,Y,100911
1259,1,Ad,101014
1259,1,Aw,2
1259,1,X,101014
1259,1,Y,101014
1260,1,Ad,100962
1260,1,Aw,2
1260,1,X,100962
1260,1,Y,100962
1261,1,Ad,101235
1261,1,Aw,2
1261,1,X,101235
1261,1,Y,101235
1262,1,Ad,101587
1262,1,Aw,2
1262,1,X,101587
1262,1,Y,101587
1263,1,Ad,101656
1263,1,Aw,2
1263,1,X,101656
1263,1,Y,101656
1264,1,Ad,101747
1264,1,Aw,2
1264,1,X,101747
1264,1,Y,101747
1265,1,Ad,101786
1265,1,Aw,2
1265,1,X,101786
1265,1,Y,101786
1266,1,Ad,101540
1266,1,Aw,1
1266,1,X,101540
1266,1,Y,101540
1267,1,Ad,101717
1267,1,Aw,1
1267,1,X,101717
1267,1,Y,101717
1268,1,Ad,101386
1268,1,Aw,1
1268,1,X,101386
1268,1,Y,101386
1269,1,Ad,101459
1269,1,Aw,1
1269,1,X,101459
1269,1,Y,101459
1270,1,Ad,101216
1270,1,Aw,1
1270,1,X,101216
1270,1,Y,101216
1271,1,Ad,101241
1271,1,Aw,0
1271,1,X,101241
1271,1,Y,101241
1272,1,Ad,101234
1272,1,Aw,0
1272,1,X,101234
1272,1,Y,101234
1273,1,Ad,101125
1273,1,Aw,0
1273,1,X,101125
1273,1,Y,101125
1274,1,Ad,101238
1274,1,Aw,0
1274,1,X,101238
1274,1,Y,101238
1275,1,Ad,101404
1275,1,Aw,0
1275,1,X,101404
1275,1,Y,101404
1276,1,Ad,101205
1276,1,Aw,0
1276,1,X,101205
1276,1,Y,101205
1277,1,Ad,101177
1277,1,Aw,0
1277,1,X,101177
1277,1,Y,101177
1278,1,Ad,100794
1278,1,Aw,0
1278,1,X,100794
1278,1,Y,100794
1279,1,Ad,100836
1279,1,Aw,0
1279,1,X,100836
1279,1,Y,100836
1280,1,Ad,100769
1280,1,Aw,0
1280,1,X,100769
1280,1,Y,100769
1281,1,Ad,100682
1281,1,Aw,0
1281,1,X,100682
1281,1,Y,100682
1282,1,Ad,100754
1282,1,Aw,0
1282,1,X,100754
1282,1,Y,100754
1283,1,Ad,100692
1283,1,Aw,0
1283,1,X,100692
1283,1,Y,100692
1284,1,Ad,101078
1284,1,Aw,0
1284,1,X,101078
1284,1,Y,101078
1285,1,Ad,100647
1285,1,Aw,0
1285,1,X,100647
1285,1,Y,100647
1286,1,Ad,100874
1286,1,Aw,0
1286,1,X,100874
1286,1,Y,100874
1287,1,Ad,101059
1287,1,Aw,0
1287,1,X,101059
1287,1,Y,101059
1288,1,Ad,100851
1288,1,Aw,0
1288,1,X,100851
1288,1,Y,100851
1289,1,Ad,100952
1289,1,Aw,0
1289,1,X,100952
1289,1,Y,100952
1290,1,Ad,101039
1290,1,Aw,0
1290,1,X,101039
1290,1,Y,101039
1291,1,Ad,100896
1291,1,Aw,0
1291,1,X,100896
1291,1,Y,100896
1292,1,Ad,101176
1292,1,Aw,0
1292,1,X,101176
1292,1,Y,101176
1293,1,Ad,101321
1293,1,Aw,0
1293,1,X,101321
1293,1,Y,101321
1294,1,Ad,101121
1294,1,Aw,0
1294,1,X,101121
1294,1,Y,101121
1295,1,Ad,101233
1295,1,Aw,0
1295,1,X,101233
1295,1,Y,101233
1296,1,Ad,101105
1296,1,Aw,0
1296,1,X,101105
1296,1,Y,101105
1297,1,Ad,100929
1297,1,Aw,0
1297,1,X,100929
1297,1,Y,100929
1298,1,Ad,100971
1298,1,Aw,0
1298,1,X,100971
1298,1,Y,100971
1299,1,Ad,101003
1299,1,Aw,0
1299,1,X,101003
1299,1,Y,101003
1300,1,Ad,101064
1300,1,Aw,0
1300,1,X,101064
1300,1,Y,101064
1301,1,Ad,100944
1301,1,Aw,0
1301,1,X,100944
1301,1,Y,100944
1302,1,Ad,100963
1302,1,Aw,0
1302,1,X,100963
1302,1,Y,100963
1303,1,Ad,101076
1303,1,Aw,0
1303,1,X,101076
1303,1,Y,101076
1304,1,Ad,101093
1304,1,Aw,0
1304,1,X,101093
1304,1,Y,101093
1305,1,Ad,100787
1305,1,Aw,0
1305,1,X,100787
1305,1,Y,100787
1306,1,Ad,100866
1306,1,Aw,0
1306,1,X,100866
1306,1,Y,100866
1307,1,Ad,101135
1307,1,Aw,0
1307,1,X,101135
1307,1,Y,101135
1308,1,Ad,100865
1308,1,Aw,0
1308,1,X,100865
1308,1,Y,100865
1309,1,Ad,100700
1309,1,Aw,0
1309,1,X,100700
1309,1,Y,100700
1310,1,Ad,100938
1310,1,Aw,0
1310,1,X,100938
1310,1,Y,100938
1311,1,Ad,100862
1311,1,Aw,0
1311,1,X,100862
1311,1,Y,100862
1312,1,Ad,100948
1312,1,Aw,0
1312,1,X,100948
1312,1,Y,100948
1313,1,Ad,100994
1313,1,Aw,0
1313,1,X,100994
1313,1,Y,100994
1314,1,Ad,100937
1314,1,Aw,0
1314,1,X,100937
1314,1,Y,100937
1315,1,Ad,100926
1315,1,Aw,0
1315,1,X,100926
1315,1,Y,100926
1316,1,Ad,101115
1316,1,Aw,0
1316,1,X,101115
1316,1,Y,101115
1317,1,Ad,101036
1317,1,Aw,0
1317,1,X,101036
1317,1,Y,101036
1318,1,Ad,101107
1318,1,Aw,0
1318,1,X,101107
1318,1,Y,101107
1319,1,Ad,101120
1319,1,Aw,0
1319,1,X,101120
1319,1,Y,101120
1320,1,Ad,101001
1320,1,Aw,0
1320,1,X,101001
1320,1,Y,101001
1321,1,Ad,100934
1321,1,Aw,0
1321,1,X,100934
1321,1,Y,100934
1322,1,Ad,100960
1322,1,Aw,0
1322,1,X,100960
1322,1,Y,100960
1323,1,Ad,101115
1323,1,Aw,0
1323,1,X,101115
1323,1,Y,101115
1324,1,Ad,100844
1324,1,Aw,0
1324,1,X,100844
1324,1,Y,100844
1325,1,Ad,100616
1325,1,Aw,0
1325,1,X,100616
1325,1,Y,100616
1326,1,Ad,100706
1326,1,Aw,0
1326,1,X,100706
1326,1,Y,100706
1327,1,Ad,100711
1327,1,Aw,0
1327,1,X,100711
1327,1,Y,100711
1328,1,Ad,100466
1328,1,Aw,0
1328,1,X,100466
1328,1,Y,100466
1329,1,Ad,100719
1329,1,Aw,0
1329,1,X,100719
1329,1,Y,100719
1330,1,Ad,100797
1330,1,Aw,0
1330,1,X,100797
1330,1,Y,100797
1331,1,Ad,100800
1331,1,Aw,0
1331,1,X,100800
1331,1,Y,100800
1332,1,Ad,100801
1332,1,Aw,0
1332,1,X,100801
1332,1,Y,100801
1333,1,Ad,100969
1333,1,Aw,0
1333,1,X,100969
1333,1,Y,100969
1334,1,Ad,100841
1334,1,Aw,0
1334,1,X,100841
1334,1,Y,100841
1335,1,Ad,100576
1335,1,Aw,0
1335,1,X,100576
1335,1,Y,100576
1336,1,Ad,100829
1336,1,Aw,0
1336,1,X,100829
1336,1,Y,100829
1337,1,Ad,101012
1337,1,Aw,0
1337,1,X,101012
1337,1,Y,101012
1338,1,Ad,101002
1338,1,Aw,0
1338,1,X,101002
1338,1,Y,101002
1339,1,Ad,101168
1339,1,Aw,0
1339,1,X,101168
1339,1,Y,101168
1340,1,Ad,100993
1340,1,Aw,0
1340,1,X,100993
1340,1,Y,100993
1341,1,Ad,101135
1341,1,Aw,0
1341,1,X,101135
1341,1,Y,101135
1342,1,Ad,101146
1342,1,Aw,0
1342,1,X,101146
1342,1,Y,101146
1343,1,Ad,101057
1343,1,Aw,0
1343,1,X,101057
1343,1,Y,101057
1344,1,Ad,100941
1344,1,Aw,0
1344,1,X,100941
1344,1,Y,100941
1345,1,Ad,100935
1345,1,Aw,0
1345,1,X,100935
1345,1,Y,100935
1346,1,Ad,100643
1346,1,Aw,0
1346,1,X,100643
1346,1,Y,100643
1347,1,Ad,100478
1347,1,Aw,0
1347,1,X,100478
1347,1,Y,100478
1348,1,Ad,100599
1348,1,Aw,0
1348,1,X,100599
1348,1,Y,100599
1349,1,Ad,100892
1349,1,Aw,0
1349,1,X,100892
1349,1,Y,100892
1350,1,Ad,100709
1350,1,Aw,0
1350,1,X,100709
1350,1,Y,100709
1351,1,Ad,100682
1351,1,Aw,0
1351,1,X,100682
1351,1,Y,100682
1352,1,Ad,100784
1352,1,Aw,0
1352,1,X,100784
1352,1,Y,100784
1353,1,Ad,100821
1353,1,Aw,0
1353,1,X,100821
1353,1,Y,100821
1354,1,Ad,100785
1354,1,Aw,0
1354,1,X,100785
1354,1,Y,100785
1355,1,Ad,100669
1355,1,Aw,0
1355,1,X,100669
1355,1,Y,100669
1356,1,Ad,100862
1356,1,Aw,0
1356,1,X,100862
1356,1,Y,100862
1357,1,Ad,100806
1357,1,Aw,0
1357,1,X,100806
1357,1,Y,100806
1358,1,Ad,100869
1358,1,Aw,0
1358,1,X,100869
1358,1,Y,100869
1359,1,Ad,101135
1359,1,Aw,0
1359,1,X,101135
1359,1,Y,101135
1360,1,Ad,101276
1360,1,Aw,0
1360,1,X,101276
1360,1,Y,101276
1361,1,Ad,101227
1361,1,Aw,0
1361,1,X,101227
1361,1,Y,101227
1362,1,Ad,101554
1362,1,Aw,0
1362,1,X,101554
1362,1,Y,101554
1363,1,Ad,101576
1363,1,Aw,0
1363,1,X,101576
1363,1,Y,101576
1364,1,Ad,101567
1364,1,Aw,0
1364,1,X,101567
1364,1,Y,101567
1365,1,Ad,101537
1365,1,Aw,0
1365,1,X,101537
1365,1,Y,101537
1366,1,Ad,101738
1366,1,Aw,0
1366,1,X,101738
1366,1,Y,101738
1367,1,Ad,101742
1367,1,Aw,0
1367,1,X,101742
1367,1,Y,101742
1368,1,Ad,101643
1368,1,Aw,0
1368,1,X,101643
1368,1,Y,101643
1369,1,Ad,101831
1369,1,Aw,0
1369,1,X,101831
1369,1,Y,101831
1370,1,Ad,101759
1370,1,Aw,0
1370,1,X,101759
1370,1,Y,101759
1371,1,Ad,101669
1371,1,Aw,0
1371,1,X,101669
1371,1,Y,101669
1372,1,Ad,101294
1372,1,Aw,0
1372,1,X,101294
1372,1,Y,101294
1373,1,Ad,101044
1373,1,Aw,0
1373,1,X,101044
1373,1,Y,101044
1374,1,Ad,101276
1374,1,Aw,0
1374,1,X,101276
1374,1,Y,101276
1375,1,Ad,101150
1375,1,Aw,0
1375,1,X,101150
1375,1,Y,101150
1376,1,Ad,101092
1376,1,Aw,0
1376,1,X,101092
1376,1,Y,101092
1377,1,Ad,101184
1377,1,Aw,0
1377,1,X,101184
1377,1,Y,101184
1378,1,Ad,101272
1378,1,Aw,0
1378,1,X,101272
1378,1,Y,101272
1379,1,Ad,101062
1379,1,Aw,0
1379,1,X,101062
1379,1,Y,101062
1380,1,Ad,101027
1380,1,Aw,0
1380,1,X,101027
1380,1,Y,101027
1381,1,Ad,101247
1381,1,Aw,0
1381,1,X,101247
1381,1,Y,101247
1382,1,Ad,101462
1382,1,Aw,0
1382,1,X,101462
1382,1,Y,101462
1383,1,Ad,101476
1383,1,Aw,0
1383,1,X,101476
1383,1,Y,101476
1384,1,Ad,101327
1384,1,Aw,0
1384,1,X,101327
1384,1,Y,101327
1385,1,Ad,101011
1385,1,Aw,0
1385,1,X,101011
1385,1,Y,101011
1386,1,Ad,100927
1386,1,Aw,0
1386,1,X,100927
1386,1,Y,100927
1387,1,Ad,101121
1387,1,Aw,0
1387,1,X,101121
1387,1,Y,101121
1388,1,Ad,101101
1388,1,Aw,0
1388,1,X,101101
1388,1,Y,101101
1389,1,Ad,101300
1389,1,Aw,0
1389,1,X,101300
1389,1,Y,101300
1390,1,Ad,101571
1390,1,Aw,0
1390,1,X,101571
1390,1,Y,101571
1391,1,Ad,101597
1391,1,Aw,0
1391,1,X,101597
1391,1,Y,101597
1392,1,Ad,101564
1392,1,Aw,0
1392,1,X,101564
1392,1,Y,101564
1393,1,Ad,101509
1393,1,Aw,0
1393,1,X,101509
1393,1,Y,101509
1394,1,Ad,101585
1394,1,Aw,0
1394,1,X,101585
1394,1,Y,101585
1395,1,Ad,101397
1395,1,Aw,0
1395,1,X,101397
1395,1,Y,101397
1396,1,Ad,101288
1396,1,Aw,0
1396,1,X,101288
1396,1,Y,101288
1397,1,Ad,101159
1397,1,Aw,0
1397,1,X,101159
1397,1,Y,101159
1398,1,Ad,101227
1398,1,Aw,0
1398,1,X,101227
1398,1,Y,101227
1399,1,Ad,101195
1399,1,Aw,0
1399,1,X,101195
1399,1,Y,101195
1400,1,Ad,101396
1400,1,Aw,0
1400,1,X,101396
1400,1,Y,101396
1401,1,Ad,101126
1401,1,Aw,0
1401,1,X,101126
1401,1,Y,101126
1402,1,Ad,100914
1402,1,Aw,0
1402,1,X,100914
1402,1,Y,100914
1403,1,Ad,100596
1403,1,Aw,0
1403,1,X,100596
1403,1,Y,100596
1404,1,Ad,100554
1404,1,Aw,0
1404,1,X,100554
1404,1,Y,100554
1405,1,Ad,100593
1405,1,Aw,0
1405,1,X,100593
1405,1,Y,100593
1406,1,Ad,100477
1406,1,Aw,0
1406,1,X,100477
1406,1,Y,100477
1407,1,Ad,100343
1407,1,Aw,0
1407,1,X,100343
1407,1,Y,100343
1408,1,Ad,100443
1408,1,Aw,0
1408,1,X,100443
1408,1,Y,100443
1409,1,Ad,100398
1409,1,Aw,0
1409,1,X,100398
1409,1,Y,100398
1410,1,Ad,100440
1410,1,Aw,0
1410,1,X,100440
1410,1,Y,100440
1411,1,Ad,100507
1411,1,Aw,0
1411,1,X,100507
1411,1,Y,100507
1412,1,Ad,100585
1412,1,Aw,0
1412,1,X,100585
1412,1,Y,100585
1413,1,Ad,100720
1413,1,Aw,0
1413,1,X,100720
1413,1,Y,100720
1414,1,Ad,100591
1414,1,Aw,0
1414,1,X,100591
1414,1,Y,100591
1415,1,Ad,100489
1415,1,Aw,0
1415,1,X,100489
1415,1,Y,100489
1416,1,Ad,100416
1416,1,Aw,0
1416,1,X,100416
1416,1,Y,100416
1417,1,Ad,100508
1417,1,Aw,0
1417,1,X,100508
1417,1,Y,100508
1418,1,Ad,100641
1418,1,Aw,0
1418,1,X,100641
1418,1,Y,100641
1419,1,Ad,100689
1419,1,Aw,0
1419,1,X,100689
1419,1,Y,100689
1420,1,Ad,100453
1420,1,Aw,0
1420,1,X,100453
1420,1,Y,100453
1421,1,Ad,100615
1421,1,Aw,0
1421,1,X,100615
1421,1,Y,100615
1422,1,Ad,100459
1422,1,Aw,0
1422,1,X,100459
1422,1,Y,100459
1423,1,Ad,100468
1423,1,Aw,0
1423,1,X,100468
1423,1,Y,100468
1424,1,Ad,100674
1424,1,Aw,0
1424,1,X,100674
1424,1,Y,100674
1425,1,Ad,100887
1425,1,Aw,0
1425,1,X,100887
1425,1,Y,100887
1426,1,Ad,101048
1426,1,Aw,0
1426,1,X,101048
1426,1,Y,101048
1427,1,Ad,101307
1427,1,Aw,0
1427,1,X,101307
1427,1,Y,101307
1428,1,Ad,101279
1428,1,Aw,0
1428,1,X,101279
1428,1,Y,101279
1429,1,Ad,101157
1429,1,Aw,0
1429,1,X,101157
1429,1,Y,101157
1430,1,Ad,101385
1430,1,Aw,0
1430,1,X,101385
1430,1,Y,101385
1431,1,Ad,101299
1431,1,Aw,0
1431,1,X,101299
1431,1,Y,101299
1432,1,Ad,101288
1432,1,Aw,0
1432,1,X,101288
1432,1,Y,101288
1433,1,Ad,101358
1433,1,Aw,0
1433,1,X,101358
1433,1,Y,101358
1434,1,Ad,101264
1434,1,Aw,0
1434,1,X,101264
1434,1,Y,101264
1435,1,Ad,101026
1435,1,Aw,0
1435,1,X,101026
1435,1,Y,101026
1436,1,Ad,101030
1436,1,Aw,0
1436,1,X,101030
1436,1,Y,101030
1437,1,Ad,101413
1437,1,Aw,0
1437,1,X,101413
1437,1,Y,101413
1438,1,Ad,101342
1438,1,Aw,0
1438,1,X,101342
1438,1,Y,101342
1439,1,Ad,101348
1439,1,Aw,0
1439,1,X,101348
1439,1,Y,101348
1440,1,Ad,101577
1440,1,Aw,0
1440,1,X,101577
1440,1,Y,101577
1441,1,Ad,101302
1441,1,Aw,0
1441,1,X,101302
1441,1,Y,101302
1442,1,Ad,101267
1442,1,Aw,0
1442,1,X,101267
1442,1,Y,101267
1443,1,Ad,100926
1443,1,Aw,0
1443,1,X,100926
1443,1,Y,100926
1444,1,Ad,100906
1444,1,Aw,0
1444,1,X,100906
1444,1,Y,100906
1445,1,Ad,100973
1445,1,Aw,0
1445,1,X,100973
1445,1,Y,100973
1446,1,Ad,100720
1446,1,Aw,0
1446,1,X,100720
1446,1,Y,100720
1447,1,Ad,100703
1447,1,Aw,0
1447,1,X,100703
1447,1,Y,100703
1448,1,Ad,101037
1448,1,Aw,0
1448,1,X,101037
1448,1,Y,101037
1449,1,Ad,100925
1449,1,Aw,0
1449,1,X,100925
1449,1,Y,100925
1450,1,Ad,100854
1450,1,Aw,0
1450,1,X,100854
1450,1,Y,100854
1451,1,Ad,101023
1451,1,Aw,0
1451,1,X,101023
1451,1,Y,101023
1452,1,Ad,101114
1452,1,Aw,0
1452,1,X,101114
1452,1,Y,101114
1453,1,Ad,101196
1453,1,Aw,0
1453,1,X,101196
1453,1,Y,101196
1454,1,Ad,101245
1454,1,Aw,0
1454,1,X,101245
1454,1,Y,101245
1455,1,Ad,101104
1455,1,Aw,0
1455,1,X,101104
1455,1,Y,101104
1456,1,Ad,101078
1456,1,Aw,0
1456,1,X,101078
1456,1,Y,101078
1457,1,Ad,101049
1457,1,Aw,0
1457,1,X,101049
1457,1,Y,101049
1458,1,Ad,100923
1458,1,Aw,0
1458,1,X,100923
1458,1,Y,100923
1459,1,Ad,100873
1459,1,Aw,0
1459,1,X,100873
1459,1,Y,100873
